-- MySQL dump 10.13  Distrib 5.5.37, for debian-linux-gnu (x86_64)
--
-- Host: localhost    Database: mrt
-- ------------------------------------------------------
-- Server version	5.5.37-0ubuntu0.13.10.1

/*!40101 SET @OLD_CHARACTER_SET_CLIENT=@@CHARACTER_SET_CLIENT */;
/*!40101 SET @OLD_CHARACTER_SET_RESULTS=@@CHARACTER_SET_RESULTS */;
/*!40101 SET @OLD_COLLATION_CONNECTION=@@COLLATION_CONNECTION */;
/*!40101 SET NAMES utf8 */;
/*!40103 SET @OLD_TIME_ZONE=@@TIME_ZONE */;
/*!40103 SET TIME_ZONE='+00:00' */;
/*!40014 SET @OLD_UNIQUE_CHECKS=@@UNIQUE_CHECKS, UNIQUE_CHECKS=0 */;
/*!40014 SET @OLD_FOREIGN_KEY_CHECKS=@@FOREIGN_KEY_CHECKS, FOREIGN_KEY_CHECKS=0 */;
/*!40101 SET @OLD_SQL_MODE=@@SQL_MODE, SQL_MODE='NO_AUTO_VALUE_ON_ZERO' */;
/*!40111 SET @OLD_SQL_NOTES=@@SQL_NOTES, SQL_NOTES=0 */;

--
-- Table structure for table `admin_tools_dashboard_preferences`
--

DROP TABLE IF EXISTS `admin_tools_dashboard_preferences`;
/*!40101 SET @saved_cs_client     = @@character_set_client */;
/*!40101 SET character_set_client = utf8 */;
CREATE TABLE `admin_tools_dashboard_preferences` (
  `id` int(11) NOT NULL AUTO_INCREMENT,
  `user_id` int(11) NOT NULL,
  `data` longtext NOT NULL,
  `dashboard_id` varchar(100) NOT NULL,
  PRIMARY KEY (`id`),
  UNIQUE KEY `admin_tools_dashboard_preferences_dashboard_id_575b1104_uniq` (`dashboard_id`,`user_id`),
  KEY `admin_tools_dashboard_preferences_6340c63c` (`user_id`)
) ENGINE=MyISAM AUTO_INCREMENT=8 DEFAULT CHARSET=utf8;
/*!40101 SET character_set_client = @saved_cs_client */;

--
-- Dumping data for table `admin_tools_dashboard_preferences`
--

LOCK TABLES `admin_tools_dashboard_preferences` WRITE;
/*!40000 ALTER TABLE `admin_tools_dashboard_preferences` DISABLE KEYS */;
INSERT INTO `admin_tools_dashboard_preferences` VALUES (1,1,'{\"positions\":{},\"columns\":{},\"disabled\":{},\"collapsed\":{\"module_1\":false}}','dashboard'),(2,1,'{}','device-dashboard'),(3,1,'{}','gblocks-dashboard'),(4,1,'{}','sites-dashboard'),(5,1,'{}','seo-dashboard'),(6,2,'{\"positions\":{},\"columns\":{},\"disabled\":{},\"collapsed\":{\"module_1\":false,\"module_2\":false}}','dashboard'),(7,1,'{}','page-dashboard');
/*!40000 ALTER TABLE `admin_tools_dashboard_preferences` ENABLE KEYS */;
UNLOCK TABLES;

--
-- Table structure for table `admin_tools_menu_bookmark`
--

DROP TABLE IF EXISTS `admin_tools_menu_bookmark`;
/*!40101 SET @saved_cs_client     = @@character_set_client */;
/*!40101 SET character_set_client = utf8 */;
CREATE TABLE `admin_tools_menu_bookmark` (
  `id` int(11) NOT NULL AUTO_INCREMENT,
  `user_id` int(11) NOT NULL,
  `url` varchar(255) NOT NULL,
  `title` varchar(255) NOT NULL,
  PRIMARY KEY (`id`),
  KEY `admin_tools_menu_bookmark_6340c63c` (`user_id`)
) ENGINE=MyISAM DEFAULT CHARSET=utf8;
/*!40101 SET character_set_client = @saved_cs_client */;

--
-- Dumping data for table `admin_tools_menu_bookmark`
--

LOCK TABLES `admin_tools_menu_bookmark` WRITE;
/*!40000 ALTER TABLE `admin_tools_menu_bookmark` DISABLE KEYS */;
/*!40000 ALTER TABLE `admin_tools_menu_bookmark` ENABLE KEYS */;
UNLOCK TABLES;

--
-- Table structure for table `auth_group`
--

DROP TABLE IF EXISTS `auth_group`;
/*!40101 SET @saved_cs_client     = @@character_set_client */;
/*!40101 SET character_set_client = utf8 */;
CREATE TABLE `auth_group` (
  `id` int(11) NOT NULL AUTO_INCREMENT,
  `name` varchar(80) NOT NULL,
  PRIMARY KEY (`id`),
  UNIQUE KEY `name` (`name`)
) ENGINE=MyISAM DEFAULT CHARSET=utf8;
/*!40101 SET character_set_client = @saved_cs_client */;

--
-- Dumping data for table `auth_group`
--

LOCK TABLES `auth_group` WRITE;
/*!40000 ALTER TABLE `auth_group` DISABLE KEYS */;
/*!40000 ALTER TABLE `auth_group` ENABLE KEYS */;
UNLOCK TABLES;

--
-- Table structure for table `auth_group_permissions`
--

DROP TABLE IF EXISTS `auth_group_permissions`;
/*!40101 SET @saved_cs_client     = @@character_set_client */;
/*!40101 SET character_set_client = utf8 */;
CREATE TABLE `auth_group_permissions` (
  `id` int(11) NOT NULL AUTO_INCREMENT,
  `group_id` int(11) NOT NULL,
  `permission_id` int(11) NOT NULL,
  PRIMARY KEY (`id`),
  UNIQUE KEY `group_id` (`group_id`,`permission_id`),
  KEY `auth_group_permissions_5f412f9a` (`group_id`),
  KEY `auth_group_permissions_83d7f98b` (`permission_id`)
) ENGINE=MyISAM DEFAULT CHARSET=utf8;
/*!40101 SET character_set_client = @saved_cs_client */;

--
-- Dumping data for table `auth_group_permissions`
--

LOCK TABLES `auth_group_permissions` WRITE;
/*!40000 ALTER TABLE `auth_group_permissions` DISABLE KEYS */;
/*!40000 ALTER TABLE `auth_group_permissions` ENABLE KEYS */;
UNLOCK TABLES;

--
-- Table structure for table `auth_permission`
--

DROP TABLE IF EXISTS `auth_permission`;
/*!40101 SET @saved_cs_client     = @@character_set_client */;
/*!40101 SET character_set_client = utf8 */;
CREATE TABLE `auth_permission` (
  `id` int(11) NOT NULL AUTO_INCREMENT,
  `name` varchar(50) NOT NULL,
  `content_type_id` int(11) NOT NULL,
  `codename` varchar(100) NOT NULL,
  PRIMARY KEY (`id`),
  UNIQUE KEY `content_type_id` (`content_type_id`,`codename`),
  KEY `auth_permission_37ef4eb4` (`content_type_id`)
) ENGINE=MyISAM AUTO_INCREMENT=140 DEFAULT CHARSET=utf8;
/*!40101 SET character_set_client = @saved_cs_client */;

--
-- Dumping data for table `auth_permission`
--

LOCK TABLES `auth_permission` WRITE;
/*!40000 ALTER TABLE `auth_permission` DISABLE KEYS */;
INSERT INTO `auth_permission` VALUES (1,'Can add log entry',1,'add_logentry'),(2,'Can change log entry',1,'change_logentry'),(3,'Can delete log entry',1,'delete_logentry'),(4,'Can add permission',2,'add_permission'),(5,'Can change permission',2,'change_permission'),(6,'Can delete permission',2,'delete_permission'),(7,'Can add group',3,'add_group'),(8,'Can change group',3,'change_group'),(9,'Can delete group',3,'delete_group'),(10,'Can add user',4,'add_user'),(11,'Can change user',4,'change_user'),(12,'Can delete user',4,'delete_user'),(13,'Can add content type',5,'add_contenttype'),(14,'Can change content type',5,'change_contenttype'),(15,'Can delete content type',5,'delete_contenttype'),(16,'Can add session',6,'add_session'),(17,'Can change session',6,'change_session'),(18,'Can delete session',6,'delete_session'),(19,'Can add site',7,'add_site'),(20,'Can change site',7,'change_site'),(21,'Can delete site',7,'delete_site'),(22,'Can add kv store',8,'add_kvstore'),(23,'Can change kv store',8,'change_kvstore'),(24,'Can delete kv store',8,'delete_kvstore'),(25,'Can add migration history',9,'add_migrationhistory'),(26,'Can change migration history',9,'change_migrationhistory'),(27,'Can delete migration history',9,'delete_migrationhistory'),(28,'Can add generic flatblock',10,'add_genericflatblock'),(29,'Can change generic flatblock',10,'change_genericflatblock'),(30,'Can delete generic flatblock',10,'delete_genericflatblock'),(31,'Can add title',11,'add_title'),(32,'Can change title',11,'change_title'),(33,'Can delete title',11,'delete_title'),(34,'Can add text',12,'add_text'),(35,'Can change text',12,'change_text'),(36,'Can delete text',12,'delete_text'),(37,'Can add image',13,'add_image'),(38,'Can change image',13,'change_image'),(39,'Can delete image',13,'delete_image'),(40,'Can add title and text',14,'add_titleandtext'),(41,'Can change title and text',14,'change_titleandtext'),(42,'Can delete title and text',14,'delete_titleandtext'),(43,'Can add title text and image',15,'add_titletextandimage'),(44,'Can change title text and image',15,'change_titletextandimage'),(45,'Can delete title text and image',15,'delete_titletextandimage'),(46,'Can add banner',16,'add_banner'),(47,'Can change banner',16,'change_banner'),(48,'Can delete banner',16,'delete_banner'),(49,'Can add Метро',17,'add_metro'),(50,'Can change Метро',17,'change_metro'),(51,'Can delete Метро',17,'delete_metro'),(52,'Can add Мощность',18,'add_power'),(53,'Can change Мощность',18,'change_power'),(54,'Can delete Мощность',18,'delete_power'),(55,'Can add Вид аппарата',19,'add_apparat'),(56,'Can change Вид аппарата',19,'change_apparat'),(57,'Can delete Вид аппарата',19,'delete_apparat'),(58,'Can add Исследовательский центр',20,'add_center'),(59,'Can change Исследовательский центр',20,'change_center'),(60,'Can delete Исследовательский центр',20,'delete_center'),(61,'Can add Вид обследования',21,'add_inspection'),(62,'Can change Вид обследования',21,'change_inspection'),(63,'Can delete Вид обследования',21,'delete_inspection'),(64,'Can add Цена',22,'add_pricelist'),(65,'Can change Цена',22,'change_pricelist'),(66,'Can delete Цена',22,'delete_pricelist'),(67,'Can add SEO (Path)',23,'add_seometadatapath'),(68,'Can change SEO (Path)',23,'change_seometadatapath'),(69,'Can delete SEO (Path)',23,'delete_seometadatapath'),(70,'Can add SEO (Model Instance)',24,'add_seometadatamodelinstance'),(71,'Can change SEO (Model Instance)',24,'change_seometadatamodelinstance'),(72,'Can delete SEO (Model Instance)',24,'delete_seometadatamodelinstance'),(73,'Can add SEO (Model)',25,'add_seometadatamodel'),(74,'Can change SEO (Model)',25,'change_seometadatamodel'),(75,'Can delete SEO (Model)',25,'delete_seometadatamodel'),(76,'Can add SEO (View)',26,'add_seometadataview'),(77,'Can change SEO (View)',26,'change_seometadataview'),(78,'Can delete SEO (View)',26,'delete_seometadataview'),(79,'Can add bookmark',31,'add_bookmark'),(80,'Can change bookmark',31,'change_bookmark'),(81,'Can delete bookmark',31,'delete_bookmark'),(82,'Can add dashboard preferences',32,'add_dashboardpreferences'),(83,'Can change dashboard preferences',32,'change_dashboardpreferences'),(84,'Can delete dashboard preferences',32,'delete_dashboardpreferences'),(85,'Can add Form entry',33,'add_formentry'),(86,'Can change Form entry',33,'change_formentry'),(87,'Can delete Form entry',33,'delete_formentry'),(88,'Can add Form field entry',34,'add_fieldentry'),(89,'Can change Form field entry',34,'change_fieldentry'),(90,'Can delete Form field entry',34,'delete_fieldentry'),(91,'Can add Form',35,'add_form'),(92,'Can change Form',35,'change_form'),(93,'Can delete Form',35,'delete_form'),(94,'Can add Field',36,'add_field'),(95,'Can change Field',36,'change_field'),(96,'Can delete Field',36,'delete_field'),(97,'Can add Folder',37,'add_folder'),(98,'Can change Folder',37,'change_folder'),(99,'Can delete Folder',37,'delete_folder'),(100,'Can use directory listing',37,'can_use_directory_listing'),(101,'Can add folder permission',38,'add_folderpermission'),(102,'Can change folder permission',38,'change_folderpermission'),(103,'Can delete folder permission',38,'delete_folderpermission'),(104,'Can add file',39,'add_file'),(105,'Can change file',39,'change_file'),(106,'Can delete file',39,'delete_file'),(107,'Can add clipboard',40,'add_clipboard'),(108,'Can change clipboard',40,'change_clipboard'),(109,'Can delete clipboard',40,'delete_clipboard'),(110,'Can add clipboard item',41,'add_clipboarditem'),(111,'Can change clipboard item',41,'change_clipboarditem'),(112,'Can delete clipboard item',41,'delete_clipboarditem'),(113,'Can add image',42,'add_image'),(114,'Can change image',42,'change_image'),(115,'Can delete image',42,'delete_image'),(116,'Can add source',43,'add_source'),(117,'Can change source',43,'change_source'),(118,'Can delete source',43,'delete_source'),(119,'Can add thumbnail',44,'add_thumbnail'),(120,'Can change thumbnail',44,'change_thumbnail'),(121,'Can delete thumbnail',44,'delete_thumbnail'),(122,'Can add thumbnail dimensions',45,'add_thumbnaildimensions'),(123,'Can change thumbnail dimensions',45,'change_thumbnaildimensions'),(124,'Can delete thumbnail dimensions',45,'delete_thumbnaildimensions'),(125,'Can add Меню',27,'add_actiongroup'),(126,'Can change Меню',27,'change_actiongroup'),(127,'Can delete Меню',27,'delete_actiongroup'),(128,'Can add Элемент меню',28,'add_action'),(129,'Can change Элемент меню',28,'change_action'),(130,'Can delete Элемент меню',28,'delete_action'),(131,'Can add текстовая страница',29,'add_page'),(132,'Can change текстовая страница',29,'change_page'),(133,'Can delete текстовая страница',29,'delete_page'),(134,'Can add Новость',30,'add_news'),(135,'Can change Новость',30,'change_news'),(136,'Can delete Новость',30,'delete_news'),(137,'Can add слайд',46,'add_slider'),(138,'Can change слайд',46,'change_slider'),(139,'Can delete слайд',46,'delete_slider');
/*!40000 ALTER TABLE `auth_permission` ENABLE KEYS */;
UNLOCK TABLES;

--
-- Table structure for table `auth_user`
--

DROP TABLE IF EXISTS `auth_user`;
/*!40101 SET @saved_cs_client     = @@character_set_client */;
/*!40101 SET character_set_client = utf8 */;
CREATE TABLE `auth_user` (
  `id` int(11) NOT NULL AUTO_INCREMENT,
  `password` varchar(128) NOT NULL,
  `last_login` datetime NOT NULL,
  `is_superuser` tinyint(1) NOT NULL,
  `username` varchar(30) NOT NULL,
  `first_name` varchar(30) NOT NULL,
  `last_name` varchar(30) NOT NULL,
  `email` varchar(75) NOT NULL,
  `is_staff` tinyint(1) NOT NULL,
  `is_active` tinyint(1) NOT NULL,
  `date_joined` datetime NOT NULL,
  PRIMARY KEY (`id`),
  UNIQUE KEY `username` (`username`)
) ENGINE=MyISAM AUTO_INCREMENT=3 DEFAULT CHARSET=utf8;
/*!40101 SET character_set_client = @saved_cs_client */;

--
-- Dumping data for table `auth_user`
--

LOCK TABLES `auth_user` WRITE;
/*!40000 ALTER TABLE `auth_user` DISABLE KEYS */;
INSERT INTO `auth_user` VALUES (1,'pbkdf2_sha256$12000$6QQHf7rvxTsO$lYQvXGMEI6kVraCHMdbYzCeWKI8hCW16W2KZ/8s3Q6c=','2014-07-15 07:23:01',1,'ak','','','krotee@gmail.com',1,1,'2014-05-29 13:46:33'),(2,'pbkdf2_sha256$12000$D7pn43sViGXT$sl3qv/tpJbfGxWuw2N+I46vrX9UJq0vI5Ggl28u0XOA=','2014-07-14 16:57:56',1,'demis','demis','Demis','e.sukhanova@demis.ru',1,1,'2014-06-17 19:38:10');
/*!40000 ALTER TABLE `auth_user` ENABLE KEYS */;
UNLOCK TABLES;

--
-- Table structure for table `auth_user_groups`
--

DROP TABLE IF EXISTS `auth_user_groups`;
/*!40101 SET @saved_cs_client     = @@character_set_client */;
/*!40101 SET character_set_client = utf8 */;
CREATE TABLE `auth_user_groups` (
  `id` int(11) NOT NULL AUTO_INCREMENT,
  `user_id` int(11) NOT NULL,
  `group_id` int(11) NOT NULL,
  PRIMARY KEY (`id`),
  UNIQUE KEY `user_id` (`user_id`,`group_id`),
  KEY `auth_user_groups_6340c63c` (`user_id`),
  KEY `auth_user_groups_5f412f9a` (`group_id`)
) ENGINE=MyISAM DEFAULT CHARSET=utf8;
/*!40101 SET character_set_client = @saved_cs_client */;

--
-- Dumping data for table `auth_user_groups`
--

LOCK TABLES `auth_user_groups` WRITE;
/*!40000 ALTER TABLE `auth_user_groups` DISABLE KEYS */;
/*!40000 ALTER TABLE `auth_user_groups` ENABLE KEYS */;
UNLOCK TABLES;

--
-- Table structure for table `auth_user_user_permissions`
--

DROP TABLE IF EXISTS `auth_user_user_permissions`;
/*!40101 SET @saved_cs_client     = @@character_set_client */;
/*!40101 SET character_set_client = utf8 */;
CREATE TABLE `auth_user_user_permissions` (
  `id` int(11) NOT NULL AUTO_INCREMENT,
  `user_id` int(11) NOT NULL,
  `permission_id` int(11) NOT NULL,
  PRIMARY KEY (`id`),
  UNIQUE KEY `user_id` (`user_id`,`permission_id`),
  KEY `auth_user_user_permissions_6340c63c` (`user_id`),
  KEY `auth_user_user_permissions_83d7f98b` (`permission_id`)
) ENGINE=MyISAM DEFAULT CHARSET=utf8;
/*!40101 SET character_set_client = @saved_cs_client */;

--
-- Dumping data for table `auth_user_user_permissions`
--

LOCK TABLES `auth_user_user_permissions` WRITE;
/*!40000 ALTER TABLE `auth_user_user_permissions` DISABLE KEYS */;
/*!40000 ALTER TABLE `auth_user_user_permissions` ENABLE KEYS */;
UNLOCK TABLES;

--
-- Table structure for table `device_apparat`
--

DROP TABLE IF EXISTS `device_apparat`;
/*!40101 SET @saved_cs_client     = @@character_set_client */;
/*!40101 SET character_set_client = utf8 */;
CREATE TABLE `device_apparat` (
  `id` int(11) NOT NULL AUTO_INCREMENT,
  `title` varchar(300) NOT NULL,
  `short_d` longtext NOT NULL,
  `long_d` longtext NOT NULL,
  `power_id` int(11) DEFAULT NULL,
  PRIMARY KEY (`id`),
  KEY `device_apparat_7054f357` (`power_id`)
) ENGINE=MyISAM AUTO_INCREMENT=26 DEFAULT CHARSET=utf8;
/*!40101 SET character_set_client = @saved_cs_client */;

--
-- Dumping data for table `device_apparat`
--

LOCK TABLES `device_apparat` WRITE;
/*!40000 ALTER TABLE `device_apparat` DISABLE KEYS */;
INSERT INTO `device_apparat` VALUES (6,'General ElectricMRT MID','','',8),(5,'General ElectricMRT LOW','','',7),(4,'General ElectricMRT HI','','',10),(7,'Siemens MagnetomMRT HI','','',10),(8,'Siemens MagnetomMRT LOW','','',7),(9,'Siemens MagnetomMRT MID','','',8),(10,'TOSHIBA ExcelartMRT MID','','',8),(11,'unknownMRT HI','','',10),(12,'unknownMRT LOW','','',7),(13,'unknownMRT MID','','',8),(14,'General ElectricKT HI','','',12),(15,'General ElectricKT LOW','','',11),(16,'General ElectricKT MID','','',9),(17,'PhilipsKT MID','','',9),(18,'PhilipsKT HI','','',12),(19,'SiemensKT HI','','',12),(20,'SiemensKT MID','','',9),(21,'ToshibaKT HI','','',12),(22,'ToshibaKT LOW','','',11),(23,'ToshibaKT MID','','',9),(24,'unknownKT HI','','',12),(25,'unknownKT LOW','','',11);
/*!40000 ALTER TABLE `device_apparat` ENABLE KEYS */;
UNLOCK TABLES;

--
-- Table structure for table `device_center`
--

DROP TABLE IF EXISTS `device_center`;
/*!40101 SET @saved_cs_client     = @@character_set_client */;
/*!40101 SET character_set_client = utf8 */;
CREATE TABLE `device_center` (
  `id` int(11) NOT NULL AUTO_INCREMENT,
  `name` varchar(300) NOT NULL,
  `address` varchar(300) NOT NULL,
  `geox` double DEFAULT NULL,
  `geoy` double DEFAULT NULL,
  `active` tinyint(1) NOT NULL,
  `site` varchar(200) DEFAULT NULL,
  `info1` longtext NOT NULL,
  `info2` longtext NOT NULL,
  PRIMARY KEY (`id`)
) ENGINE=MyISAM AUTO_INCREMENT=23 DEFAULT CHARSET=utf8;
/*!40101 SET character_set_client = @saved_cs_client */;

--
-- Dumping data for table `device_center`
--

LOCK TABLES `device_center` WRITE;
/*!40000 ALTER TABLE `device_center` DISABLE KEYS */;
INSERT INTO `device_center` VALUES (1,'МДЦ \"Рэмси Диагностика\"','ул. Чапаева, д. 5',30.33272,59.9589,0,'http://ramsaydiagnostics.ru/','<p>643-33-55</p>\r\n\r\n<p>09.00-21.00 General Electriс Optima MR360 1,5 General Electriс Optima CT660 64</p>\r\n','<p>sdas</p>\r\n'),(22,'Городская Александровская больница №17','Россия, Санкт-Петербург, проспект Солидарности, 4',30.490245,59.928166,1,'http://www.alexhospital.ru/','<p>Невский</p>\r\n\r\n<p>587-0909, 583-1630</p>\r\n\r\n<p>Siemens SOMATOM Definition AS 128</p>\r\n\r\n<p>&nbsp;</p>\r\n','<p>Невский</p>\r\n'),(5,'ЛДЦ МИБС им. Березина','ул. 6-я Советская, д. 24-26',30.37503,59.93403,1,'http://www.ldc.ru/','<p>Центральный 8(812)363-16-29 08.00-21.00 Siemens&nbsp;Magnetom&nbsp;Essenza, Siemens&nbsp;Magnetom Verio 1,5+3 64 срезовый сканер 64</p>\r\n','<h2>Центральный</h2>\r\n'),(6,'МЦ МАРТ','Россия, Санкт-Петербург, Малый проспект В.О., 54к3ж',30.25716,59.94135,1,'http://martclinic.ru/','<p>Василеостровский</p>\r\n\r\n<p>309-18-32</p>\r\n\r\n<p>&nbsp; 08.00-22.00</p>\r\n\r\n<p>Siemens&nbsp;Magnetom&nbsp;Espree 1,5</p>\r\n\r\n<p>http://www.martclinic.ru/prices/</p>\r\n','<p>Василеостровский</p>\r\n'),(7,'Василеостровский центр МРТ','Россия, Санкт-Петербург, 16-я линия В.О., 81',30.26042,59.94447,1,'http://www.mrtspb.ru/','<p>Василеостровский</p>\r\n\r\n<p>309-53-97</p>\r\n','<p>Василеостровский</p>\r\n'),(8,'ЦМРТ Петроградский','Россия, Санкт-Петербург, улица Рентгена, 5а',30.32019,59.96312,1,'http://mrtpetrograd.ru/','<p>Петроградский</p>\r\n\r\n<p>Круглосуточно</p>\r\n\r\n<p>611-15-30</p>\r\n\r\n<p><span style=\"color: rgb(0, 0, 0); font-family: OpenSans; line-height: normal;\">GE Signa Echospeed Plus&quot; фирмы &quot;General Electric Medical Systems&quot; с напряженностью магнитного поля 1,5 Тл.&nbsp;</span></p>\r\n\r\n<p><span style=\"color: rgb(0, 0, 0); font-family: OpenSans; line-height: normal;\">КТ не известно&nbsp;</span></p>\r\n\r\n<p>&nbsp;</p>\r\n','<p>Петроградский</p>\r\n'),(9,'МДЦ \"Энерго\"','пр. Ленинский, д. 160',30.30106,59.85231,1,'http://www.dcenergo.ru/','<p>Московский</p>\r\n\r\n<p>901-03-03</p>\r\n','<p>Московский</p>\r\n'),(10,'МДЦ \"Энерго\"','пр. Энгельса, д.33, корп.1',30.32642,60.00939,1,'http://www.dcenergo.ru/','<p>Выборгский</p>\r\n','<p>Выборгский</p>\r\n'),(11,'Военно-медицинская академии им. С.М. Кирова ','Россия, Санкт-Петербург, Боткинская улица, 19/21',30.34868,59.96085,1,'http://www.vmeda.org/','<p>Выборгский</p>\r\n\r\n<p>248-32-86</p>\r\n\r\n<p>292-33-47</p>\r\n\r\n<p>292-32-94</p>\r\n\r\n<p>&nbsp;</p>\r\n','<p>Выборгский</p>\r\n'),(12,'Медицинская клиника «Она»','Россия, Санкт-Петербург, Серебристый бульвар, д.20, лит.А ',30.2797,60.00381,1,'http://www.ona-clinic.ru/','<p>Приморский</p>\r\n\r\n<p>244-34-77</p>\r\n','<p>Приморский</p>\r\n'),(13,'Медицинская клиника «Она»','Россия, Санкт-Петербург, проспект Ветеранов, 56',30.23816,59.83776,1,'','<p>Кировский</p>\r\n\r\n<p>425-56-96</p>\r\n','<p>Кировский</p>\r\n'),(14,'Медицинская клиника «Она»','Россия, Санкт-Петербург, Рижская улица, 12',30.41643,59.92102,1,'http://www.ona-clinic.ru/','<p>Красногвардейский</p>\r\n\r\n<p>490-75-73</p>\r\n','<p>Красногвардейский</p>\r\n'),(15,'РНХИ им. проф. А.Л. Поленова','ул. Маяковского, д. 12',30.35401,59.93384,1,'http://www.rnsi.ru/','<p>Центральный</p>\r\n\r\n<p>932-16-85</p>\r\n','<p>Центральный</p>\r\n'),(16,'Клиника \"МЕДЕМ\"','Россия, Санкт-Петербург, Центральный район, улица Марата, 6',30.35586,59.93021,1,'http://www.medem.ru/','<p>Центральный</p>\r\n\r\n<p>336-33-33</p>\r\n','<p>Центральный</p>\r\n'),(17,'ГУП «Водоканал Санкт-Петербурга»','Россия, Санкт-Петербург, Московский проспект, 103',30.31813,59.89116,1,'http://www.med-vdk.ru/','<p>Центральный</p>\r\n\r\n<p>438-47-77</p>\r\n\r\n<p>326-52-78</p>\r\n','<p>Центральный</p>\r\n'),(18,'ЦМРТ профессора В.А. Фокина','Россия, Санкт-Петербург, улица Ивана Черных, 29',30.28426,59.90144,1,'http://mrt-center.spb.ru/','<p>Кировский</p>\r\n\r\n<p>645-35-85</p>\r\n','<p>Кировский</p>\r\n'),(19,'Адмиралтейские верфи','Россия, Санкт-Петербург, Садовая улица, 126',30.28432,59.91685,1,'http://verficlinic.ru/','<p>Адмиралтейский</p>\r\n\r\n<p>713-68-36</p>\r\n\r\n<p>714-80-80</p>\r\n','<p>Адмиралтейский</p>\r\n'),(20,'Центр клинической неврологии ЦМРТ','Россия, Санкт-Петербург, Ленская улица, 19к1',30.49632,59.93966,1,'','<p>Красногвардейский&nbsp;</p>\r\n\r\n<p>600-70-17</p>\r\n','<p>Красногвардейский&nbsp;</p>\r\n'),(21,'СПб ГУЗ \"Консультативно-диагностический центр для детей\"','ул. Олеко Дундича, д. 36, корп. 2',30.424737,59.83504,1,'http://www.kdcd.spb.ru/','<p>Фрунзенский</p>\r\n\r\n<p>+7(921)946-46-95</p>\r\n\r\n<p>778-18-01</p>\r\n','<p>Фрунзенский</p>\r\n');
/*!40000 ALTER TABLE `device_center` ENABLE KEYS */;
UNLOCK TABLES;

--
-- Table structure for table `device_center_metro`
--

DROP TABLE IF EXISTS `device_center_metro`;
/*!40101 SET @saved_cs_client     = @@character_set_client */;
/*!40101 SET character_set_client = utf8 */;
CREATE TABLE `device_center_metro` (
  `id` int(11) NOT NULL AUTO_INCREMENT,
  `center_id` int(11) NOT NULL,
  `metro_id` int(11) NOT NULL,
  PRIMARY KEY (`id`),
  UNIQUE KEY `center_id` (`center_id`,`metro_id`),
  KEY `device_center_metro_a827d88f` (`center_id`),
  KEY `device_center_metro_a422c896` (`metro_id`)
) ENGINE=MyISAM AUTO_INCREMENT=2337 DEFAULT CHARSET=utf8;
/*!40101 SET character_set_client = @saved_cs_client */;

--
-- Dumping data for table `device_center_metro`
--

LOCK TABLES `device_center_metro` WRITE;
/*!40000 ALTER TABLE `device_center_metro` DISABLE KEYS */;
INSERT INTO `device_center_metro` VALUES (2014,1,126),(2013,1,125),(2012,1,124),(2011,1,123),(2010,1,121),(2009,1,120),(2008,1,119),(2007,1,118),(2006,1,116),(2005,1,115),(2004,1,114),(2003,1,113),(2002,1,112),(2001,1,111),(2000,1,110),(1999,1,109),(1998,1,108),(1997,1,107),(1996,1,106),(1995,1,105),(1994,1,104),(1993,1,103),(1992,1,102),(1991,1,101),(1990,1,100),(1989,1,99),(1988,1,98),(1987,1,97),(1986,1,96),(1985,1,95),(1984,1,94),(1983,1,93),(1982,1,92),(1981,1,91),(1980,1,90),(1979,1,89),(1978,1,88),(1977,1,87),(1976,1,86),(1975,1,85),(1974,1,84),(1973,1,82),(1972,1,81),(1971,1,80),(1970,1,79),(1969,1,78),(1968,1,77),(1967,1,76),(1966,1,74),(1965,1,73),(1964,1,72),(1963,1,71),(1962,1,70),(1961,1,133),(1960,1,132),(1959,1,131),(1958,1,130),(1957,1,129),(1956,1,128),(2317,5,126),(2316,5,125),(2315,5,124),(2314,5,123),(2313,5,121),(2312,5,120),(2311,5,119),(2310,5,118),(2309,5,116),(2308,5,115),(2307,5,114),(2306,5,113),(2305,5,112),(2304,5,111),(2303,5,110),(2302,5,109),(2301,5,108),(2300,5,107),(2299,5,106),(2298,5,105),(2297,5,104),(2296,5,103),(2295,5,102),(2294,5,101),(2293,5,100),(2292,5,99),(2291,5,98),(2290,5,97),(2289,5,96),(2288,5,95),(2287,5,94),(2286,5,93),(2285,5,92),(2284,5,91),(2283,5,90),(2282,5,89),(2281,5,88),(2280,5,87),(2279,5,86),(2278,5,85),(2277,5,84),(2276,5,82),(2275,5,81),(2274,5,80),(2273,5,79),(2272,5,78),(2271,5,77),(2270,5,76),(2269,5,74),(2268,5,73),(2267,5,72),(2266,5,71),(2265,5,70),(2264,5,133),(2263,5,132),(2262,5,131),(2261,5,130),(2260,5,129),(2259,5,128),(2336,6,89),(2335,6,79),(2334,6,129),(1592,7,89),(1591,7,79),(1590,7,129),(1716,8,125),(1715,8,96),(1717,8,71),(1691,9,112),(1693,9,106),(1692,9,98),(1688,10,113),(1689,10,76),(1690,10,95),(1483,11,108),(1482,11,92),(1481,11,72),(1696,12,103),(1694,12,95),(1695,12,116),(1484,13,112),(1485,13,86),(1486,14,113),(1487,14,94),(1488,14,102),(1703,15,121),(1704,15,108),(1705,15,93),(1492,16,128),(1493,16,108),(1494,16,93),(1895,17,105),(1896,17,70),(1713,18,74),(1714,18,131),(1712,18,104),(1500,19,104),(1501,19,131),(1502,20,113),(1503,20,87),(1504,21,100);
/*!40000 ALTER TABLE `device_center_metro` ENABLE KEYS */;
UNLOCK TABLES;

--
-- Table structure for table `device_inspection`
--

DROP TABLE IF EXISTS `device_inspection`;
/*!40101 SET @saved_cs_client     = @@character_set_client */;
/*!40101 SET character_set_client = utf8 */;
CREATE TABLE `device_inspection` (
  `id` int(11) NOT NULL AUTO_INCREMENT,
  `name` varchar(300) NOT NULL,
  `body` longtext NOT NULL,
  `active` tinyint(1) NOT NULL,
  `parent_id` int(11) DEFAULT NULL,
  `mrt` tinyint(1) NOT NULL,
  `kt` tinyint(1) NOT NULL,
  PRIMARY KEY (`id`),
  KEY `device_inspection_410d0aac` (`parent_id`)
) ENGINE=MyISAM AUTO_INCREMENT=85 DEFAULT CHARSET=utf8;
/*!40101 SET character_set_client = @saved_cs_client */;

--
-- Dumping data for table `device_inspection`
--

LOCK TABLES `device_inspection` WRITE;
/*!40000 ALTER TABLE `device_inspection` DISABLE KEYS */;
INSERT INTO `device_inspection` VALUES (1,'КТ головы','ри магнитно-резонансной томографии головы можно получить полную информацию о состоянии вещества головного мозга со всеми его внутренними структурами, крупных сосудов, мягких тканей, лор-органов (носоглотка, гортань, полость носа, околоносовые пазухи, среднее и внутреннее ухо), а также содержимого глазницы (глазное яблоко, жировая клетчатка, зрительный нерв, артерия и вена сетчатки). На снимках видна и верхняя часть шеи, поэтому МРТ этой зоны также визуализируе',1,NULL,0,1),(2,'КТ глазных орбит','КТ глазных орбит',1,1,0,1),(3,'КТ пазух носа','КТ пазух носа',1,1,0,1),(4,'МРТ головы','МРТ головы',1,NULL,1,0),(45,'КТ головного мозга','КТ головного мозга',1,1,0,1),(46,'КТ позвоночника','КТ позвоночника',1,NULL,0,1),(47,'КТ шейного отдела','КТ шейного отдела',1,46,0,1),(48,'КТ грудного отдела','КТ грудного отдела',1,46,0,1),(49,'КТ пояснично-крестцового отдела','КТ пояснично-крестцового отдела',1,46,0,1),(50,'КТ крестцово-повздошных сочленений','КТ крестцово-повздошных сочленений',1,46,0,1),(51,'КТ копчиковой области','Т копчиковой области',1,46,0,1),(52,'КТ органов и мягких тканей','',1,NULL,0,1),(53,'КТ мягких тканей и органов шеи','КТ мягких тканей и органов шеи',1,52,0,1),(54,'КТ органов грудной клетки и легких','КТ органов грудной клетки и легких',1,52,0,1),(55,'КТ-виртуальная бронхоскопия','КТ-виртуальная бронхоскопия',1,52,0,1),(6,'МРТ головного мозга','<h2><span style=\"color:#FFA500;\">МРТ головного мозга</span></h2>\r\n\r\n<p><span style=\"font-family: Verdana; font-size: 11px; line-height: 14.300000190734863px; text-align: justify;\">МРТ головного мозга является безопасной и безболезненной процедурой, в результате которой с помощью воздействия магнитного поля и радиоволн получаются детальные изображения головного мозга и его ствола. Исследование МРТ отличается от компьютерной томографии (также называется КТ или компьютерная осевая томография) тем, что в ней не используется излучение.</span></p>\r\n\r\n<p style=\"line-height: 19.5px; margin-bottom: 5px; color: rgb(30, 30, 30); font-family: Arial, Helvetica, sans-serif; text-align: justify;\"><span style=\"color: rgb(96, 96, 96); font-family: Verdana; font-size: 11px; line-height: 14.300000190734863px;\">МРТ сканер (томограф) состоит из большого О-образного магнита с туннелем в центре. Пациенты ложатся на стол, который задвигается в туннель. Некоторые центры имеют открытые томографы, которые просто необходимы для пациентов с клаустрофобией.</span></p>\r\n\r\n<p style=\"line-height: 19.5px; margin-bottom: 5px; color: rgb(30, 30, 30); font-family: Arial, Helvetica, sans-serif; text-align: justify;\">&nbsp;</p>\r\n\r\n<div class=\"fleft w40\" style=\"width: 231.59375px; float: left; color: rgb(96, 96, 96); font-family: Verdana; font-size: 11px; line-height: 14.300000190734863px;\">\r\n<h4 style=\"margin: 0px 0px 15px; padding: 0px; color: rgb(91, 167, 220); font-size: 13px;\">Показания</h4>\r\n\r\n<ul class=\"list mr20\" style=\"margin: 0px 20px 1em 0px; padding-right: 0px; padding-left: 0px; line-height: 1.3em;\">\r\n	<li style=\"list-style: none outside; padding-left: 15px; margin-bottom: 10px; background: url(/media/static/img/arrow.png) 0px 2px no-repeat;\">Травмы позвоночника</li>\r\n	<li style=\"list-style: none outside; padding-left: 15px; margin-bottom: 10px; background: url(/media/static/img/arrow.png) 0px 2px no-repeat;\">Чувство онемения и покалывания в ногах и руках</li>\r\n	<li style=\"list-style: none outside; padding-left: 15px; margin-bottom: 10px; background: url(/media/static/img/arrow.png) 0px 2px no-repeat;\">Боли неясного генеза в груди, между лопаток, в пояснице</li>\r\n	<li style=\"list-style: none outside; padding-left: 15px; margin-bottom: 10px; background: url(/media/static/img/arrow.png) 0px 2px no-repeat;\">Аномалии развития</li>\r\n</ul>\r\n\r\n<div>&nbsp;</div>\r\n</div>\r\n\r\n<div class=\"fleft w40\" style=\"width: 231.59375px; float: left; color: rgb(96, 96, 96); font-family: Verdana; font-size: 11px; line-height: 14.300000190734863px;\">\r\n<h4 style=\"margin: 0px 0px 15px; padding: 0px; color: rgb(91, 167, 220); font-size: 13px;\">Противопоказания</h4>\r\n\r\n<ul class=\"list mr20\" style=\"margin: 0px 20px 1em 0px; padding-right: 0px; padding-left: 0px; line-height: 1.3em;\">\r\n	<li style=\"list-style: none outside; padding-left: 15px; margin-bottom: 10px; background: url(/media/static/img/arrow.png) 0px 2px no-repeat;\">Инородное тело в глазнице</li>\r\n	<li style=\"list-style: none outside; padding-left: 15px; margin-bottom: 10px; background: url(/media/static/img/arrow.png) 0px 2px no-repeat;\">Беременность в 1 триместре</li>\r\n	<li style=\"list-style: none outside; padding-left: 15px; margin-bottom: 10px; background: url(/media/static/img/arrow.png) 0px 2px no-repeat;\">Металлические протезы или осколки</li>\r\n	<li style=\"list-style: none outside; padding-left: 15px; margin-bottom: 10px; background: url(/media/static/img/arrow.png) 0px 2px no-repeat;\">Татуировки с металлическими составляющими</li>\r\n</ul>\r\n\r\n<div>&nbsp;</div>\r\n</div>\r\n\r\n<div class=\"fleft w20 tc\" style=\"width: 115.796875px; float: left; text-align: center; color: rgb(96, 96, 96); font-family: Verdana; font-size: 11px; line-height: 14.300000190734863px;\">\r\n<div><img alt=\"\" height=\"116\" src=\"/media/static/img/tomograph.jpg\" style=\"border: 0px; outline: none; display: inline-block; padding: 0px; margin: 0px;\" width=\"120\" /></div>\r\n\r\n<div class=\"blue\" style=\"color: rgb(91, 167, 220);\">Томограф Siemens Espree</div>\r\n</div>',1,4,1,0),(7,'МРТ гипофиза','МРТ гипофиза',1,4,1,0),(8,'МРТ глазных орбит','МРТ глазных орбит',1,4,1,0),(9,'МРТ пазух носа','МРТ пазух носа',1,4,1,0),(10,'МРТ позвоночника','Мрт позвоночника',1,NULL,1,0),(11,'МРТ шейного отдела','МРТ шейного отдела',1,10,1,0),(12,'МРТ грудного отдела','МРТ грудного отдела',1,10,1,0),(13,'МРТ пояснично-крестцового отдела','МРТ органов брюшной полости',1,10,1,0),(14,'МРТ крестцово-подвздошных сочленений','МРТ крестцово-подвздошных сочленений',1,10,1,0),(15,'МРТ копчиковой области','МРТ копчиковой области',1,10,1,0),(16,'МРТ внутренних органов','МРТ внутренних органов',1,NULL,1,0),(17,'МРТ органов грудной клетки и средостения','МРТ органов грудной клетки и средостения',1,16,1,0),(18,'МРТ молочной железы','МРТ молочной железы',1,16,1,0),(19,'МРТ органов брюшной полости','МРТ органов брюшной полости',1,16,1,0),(20,'МРТ органов забрюшинного пространства','МРТ органов забрюшинного пространства',1,16,1,0),(21,'МР-холангиография','МР-холангиография',1,16,1,0),(22,'МРТ органов малого таза','МРТ органов малого таза',1,16,1,0),(23,'МРТ кишечника','МРТ кишечника',1,16,1,0),(24,'МРТ мягких тканей','МРТ мягких тканей',1,NULL,1,0),(25,'МРТ мягких тканей и органов шеи','МРТ мягких тканей и органов шеи',1,24,1,0),(26,'МРТ тканей конечности','МРТ тканей конечности',1,24,1,0),(27,'МРТ суставов','МРТ суставов',1,NULL,1,0),(28,'МРТ височно-нижнечелюстного сустава','МРТ височно-нижнечелюстного сустава',1,27,1,0),(29,'МРТ плечевого сустава','МРТ плечевого сустава',1,27,1,0),(30,'МРТ локтевого сустава','МРТ локтевого сустава',1,27,1,0),(31,'МРТ лучезапястного сустава','МРТ лучезапястного сустава',1,27,1,0),(32,'МРТ кисти','МРТ кисти',1,27,1,0),(33,'МРТ тазобедренного сустава','МРТ тазобедренного сустава',1,27,1,0),(34,'МРТ коленного сустава','МРТ коленного сустава',1,27,1,0),(35,'МРТ голеностопного сустава','МРТ голеностопного сустава',1,27,1,0),(36,'МРТ стопы','МРТ стопы',1,27,1,0),(37,'МРТ сосудов','МРТ сосудов',1,NULL,1,0),(38,'МРТ сосудов головного мозга','МРТ сосудов головного мозга',1,37,1,0),(39,'МРТ сосудов шеи','МРТ сосудов шеи',1,37,1,0),(40,'МРТ подключичных артерий','МРТ подключичных артерий',1,37,1,0),(41,'МРТ грудного отдела аорты','МРТ грудного отдела аорты',1,37,1,0),(42,'МРТ брюшного отдела аорты','МРТ брюшного отдела аорты',1,37,1,0),(43,'МРТ сосудов малого таза','МРТ сосудов малого таза',1,37,1,0),(44,'МРТ сосудов конечностей','МРТ сосудов конечностей',1,37,1,0),(56,'КТ органов брюшной полости','КТ органов брюшной полости',1,52,0,1),(57,'КТ органов забрюшинного пространства','КТ органов забрюшинного пространства',1,52,0,1),(58,'КТ органов малого таза','КТ органов малого таза',1,52,0,1),(59,'КТ-виртуальная колоноскопия','КТ-виртуальная колоноскопия',1,52,0,1),(60,'КТ суставов и костей','КТ суставов и костей',1,NULL,0,1),(61,'КТ челюсти','КТ челюсти',1,60,0,1),(62,'КТ плечевого сустава','КТ плечевого сустава',1,60,0,1),(63,'КТ ключицы','КТ ключицы',1,60,0,1),(64,'КТ локтевого сустава','КТ локтевого сустава',1,60,0,1),(65,'КТ лучезапястного сустава','КТ лучезапястного сустава',1,60,0,1),(66,'КТ кисти','КТ кисти',1,60,0,1),(67,'КТ тазобедренного сустава','КТ тазобедренного сустава',1,60,0,1),(68,'КТ коленного сустава','КТ коленного сустава',1,60,0,1),(69,'КТ голеностопного сустава','КТ голеностопного сустава',1,60,0,1),(70,'КТ стопы','КТ стопы',1,60,0,1),(71,'КТ височных костей','КТ височных костей',1,60,0,1),(72,'КТ костей лицевого черепа','КТ костей лицевого черепа',1,60,0,1),(73,'КТ плечевой кости','КТ плечевой кости',1,60,0,1),(74,'КТ костей таза','КТ костей таза',1,60,0,1),(75,'КТ бедренной кости','КТ костей голени',1,60,0,1),(76,'КТ костей голени','КТ костей голени',1,60,0,1),(77,'КТ сосудов','КТ сосудов',1,NULL,0,1),(78,'КТ-ангиография сосудов головного мозга','КТ-ангиография сосудов головного мозга',1,77,0,1),(79,'КТ-ангиография сосудов шеи','КТ-ангиография сосудов шеи',1,77,0,1),(80,'КТ грудной аорты и легочной артерии','КТ грудной аорты и легочной артерии',1,77,0,1),(81,'КТ-коронарография','КТ-коронарография',1,77,0,1),(82,'КТ брюшной аорты и ее ветвей','КТ брюшной аорты и ее ветвей',1,77,0,1),(83,'КТ-ангиография сосудов конечностей','КТ-ангиография сосудов конечностей',1,77,0,1);
/*!40000 ALTER TABLE `device_inspection` ENABLE KEYS */;
UNLOCK TABLES;

--
-- Table structure for table `device_metro`
--

DROP TABLE IF EXISTS `device_metro`;
/*!40101 SET @saved_cs_client     = @@character_set_client */;
/*!40101 SET character_set_client = utf8 */;
CREATE TABLE `device_metro` (
  `id` int(11) NOT NULL AUTO_INCREMENT,
  `name` varchar(301) NOT NULL,
  `slug` varchar(50) DEFAULT NULL,
  PRIMARY KEY (`id`),
  UNIQUE KEY `slug` (`slug`)
) ENGINE=MyISAM AUTO_INCREMENT=135 DEFAULT CHARSET=utf8;
/*!40101 SET character_set_client = @saved_cs_client */;

--
-- Dumping data for table `device_metro`
--

LOCK TABLES `device_metro` WRITE;
/*!40000 ALTER TABLE `device_metro` DISABLE KEYS */;
INSERT INTO `device_metro` VALUES (114,'Купчино','kupchino'),(113,'Ладожская','ladozhskaya'),(112,'Ленинский проспект','leninskij-prospekt'),(111,'Лесная','lesnaya'),(110,'Лиговский проспект','ligovskij-prospekt'),(109,'Ломоносовская','lomonosovskaya'),(108,'Маяковская','mayakovskaya'),(107,'Международная','mezhdunarodnaya'),(106,'Московская','moskovskaya'),(105,'Московские ворота','moskovskie-vorota'),(104,'Нарвская','narvskaya'),(103,'Невский проспект','nevskij-prospekt'),(102,'Новочеркасская','novocherkasskaya'),(101,'Обводный канал','obvodnyj-kanal'),(100,'Обухово','obuhovo'),(99,'Озерки','ozerki'),(98,'Парк Победы','park-pobedy'),(97,'Парнас','parnas'),(96,'Петроградская','petrogradskaya'),(95,'Пионерская','pionerskaya'),(94,'Площадь Александра Невского','ploshad-aleksandra-nevskogo'),(93,'Площадь Восстания','ploshad-vosstaniya'),(92,'Площадь Ленина','ploshad-lenina'),(91,'Площадь Мужества','ploshad-muzhestva'),(90,'Политехническая','politehnicheskaya'),(89,'Приморская','primorskaya'),(88,'Пролетарская','proletarskaya'),(87,'Проспект Большевиков','prospekt-bolshevikov'),(86,'Проспект Ветеранов','prospekt-veteranov'),(85,'Проспект Просвещения','prospekt-prosvesheniya'),(84,'Пушкинская','pushkinskaya'),(83,'Рыбацкое','rybackoe'),(82,'Садовая','sadovaya'),(81,'Сенная площадь','sennaya-ploshad'),(80,'Спасская','spasskaya'),(79,'Спортивная','sportivnaya'),(78,'Старая Деревня','staraya-derevnya'),(77,'Технологический институт','tehnologicheskij-institut'),(76,'Удельная','udelnaya'),(75,'Улица Дыбенко','ulica-dybenko'),(74,'Фрунзенская','frunzenskaya'),(73,'Чёрная речка','chyornaya-rechka'),(72,'Чернышевская','chernyshevskaya'),(71,'Чкаловская','chkalovskaya'),(70,'Электросила','elektrosila'),(115,'Крестовский остров','krestovskij-ostrov'),(116,'Комендантский проспект','komendantskij-prospekt'),(117,'Кировский завод','kirovskij-zavod'),(118,'Звенигородская','zvenigorodskaya'),(119,'Звёздная','zvyozdnaya'),(120,'Елизаровская','elizarovskaya'),(121,'Достоевская','dostoevskaya'),(122,'Девяткино','devyatkino'),(123,'Гражданский проспект','grazhdanskij-prospekt'),(124,'Гостиный двор','gostinyj-dvor'),(125,'Горьковская','gorkovskaya'),(126,'Выборгская','vyborgskaya'),(127,'Волковская','volkovskaya'),(128,'Владимирская','vladimirskaya'),(129,'Василеостровская','vasileostrovskaya'),(130,'Бухарестская','buharestskaya'),(131,'Балтийская','baltijskaya'),(132,'Академическая','akademicheskaya'),(133,'Адмиралтейская','admiraltejskaya'),(134,'Автово','avtovo');
/*!40000 ALTER TABLE `device_metro` ENABLE KEYS */;
UNLOCK TABLES;

--
-- Table structure for table `device_power`
--

DROP TABLE IF EXISTS `device_power`;
/*!40101 SET @saved_cs_client     = @@character_set_client */;
/*!40101 SET character_set_client = utf8 */;
CREATE TABLE `device_power` (
  `id` int(11) NOT NULL AUTO_INCREMENT,
  `value` varchar(10) NOT NULL,
  `slice` tinyint(1) DEFAULT NULL,
  `ordering` int(10) DEFAULT NULL,
  PRIMARY KEY (`id`)
) ENGINE=MyISAM AUTO_INCREMENT=13 DEFAULT CHARSET=utf8;
/*!40101 SET character_set_client = @saved_cs_client */;

--
-- Dumping data for table `device_power`
--

LOCK TABLES `device_power` WRITE;
/*!40000 ALTER TABLE `device_power` DISABLE KEYS */;
INSERT INTO `device_power` VALUES (9,'16',1,2),(8,'1.5',0,NULL),(7,'0.5',0,NULL),(10,'3.0',0,NULL),(11,'8',1,1),(12,'64',1,3);
/*!40000 ALTER TABLE `device_power` ENABLE KEYS */;
UNLOCK TABLES;

--
-- Table structure for table `device_pricelist`
--

DROP TABLE IF EXISTS `device_pricelist`;
/*!40101 SET @saved_cs_client     = @@character_set_client */;
/*!40101 SET character_set_client = utf8 */;
CREATE TABLE `device_pricelist` (
  `id` int(11) NOT NULL AUTO_INCREMENT,
  `center_id` int(11) NOT NULL,
  `apparat_id` int(11) NOT NULL,
  `sale` varchar(20) DEFAULT NULL,
  `info` varchar(200) DEFAULT NULL,
  `inspection_id` int(11) NOT NULL,
  `value` varchar(200) NOT NULL,
  PRIMARY KEY (`id`),
  KEY `device_pricelist_a827d88f` (`center_id`),
  KEY `device_pricelist_68ace618` (`apparat_id`),
  KEY `device_pricelist_c935a95b` (`inspection_id`)
) ENGINE=MyISAM AUTO_INCREMENT=392 DEFAULT CHARSET=utf8;
/*!40101 SET character_set_client = @saved_cs_client */;

--
-- Dumping data for table `device_pricelist`
--

LOCK TABLES `device_pricelist` WRITE;
/*!40000 ALTER TABLE `device_pricelist` DISABLE KEYS */;
INSERT INTO `device_pricelist` VALUES (14,1,5,'','',7,'от 2600'),(10,1,4,'','',6,'от 2600'),(15,1,6,'','',8,'от 2790'),(16,1,4,'','',9,'от 2200'),(17,1,4,'','',11,'от 2600'),(18,1,4,'','',12,'от 2600'),(19,1,4,'','',13,'от 2650'),(20,1,4,'','',14,'от 3300'),(21,1,4,'','',15,'от 3300'),(22,1,4,'','',17,'уточняйте по тел.'),(23,1,4,'','',18,'от 3300'),(24,1,4,'','',19,'от 4600'),(25,1,4,'','',20,'от 3400'),(26,1,4,'','',21,'от 6600'),(27,1,4,'','',22,'уточняйте по тел.'),(28,1,4,'','',23,'уточняйте по тел.'),(29,1,4,'','',25,'от 3400'),(30,1,4,'','',26,'от 3300'),(31,1,4,'','',28,'от 5600'),(32,1,4,'','',29,'от 3440'),(33,1,4,'','',30,'от 4100'),(34,1,4,'','',31,'от 5400'),(35,1,4,'','',32,'от 4460'),(36,1,4,'','',33,'от 3500'),(37,1,4,'','',34,'от 3530'),(38,1,4,'','',35,'от 3700'),(39,1,4,'','',36,'от 3730'),(40,1,4,'','',38,'от 3400'),(41,1,4,'','',39,'от 3400'),(42,1,7,'','',40,'уточняйте по тел.'),(43,1,4,'','',41,'от 9800'),(44,1,4,'','',42,'от 9800'),(45,1,4,'','',43,'уточняйте по тел.'),(46,1,4,'','',44,'уточняйте по тел.'),(47,5,18,'','',45,'без контраста от 2600 р.  <br> с контрастом от 4000'),(48,5,17,'','',2,'от 2600'),(49,5,22,'','',3,'от 2700'),(50,5,18,'','',47,'от 2600'),(51,5,18,'','',48,'от 2600'),(52,5,18,'','',49,'от 2800'),(53,5,18,'','',50,'уточняйте по тел.'),(54,5,18,'','',51,'от 1600'),(55,5,18,'','',53,'от 2600'),(56,5,18,'','',54,'от 3600'),(57,5,18,'','',55,'уточняйте по тел.'),(58,5,18,'','',56,'от 2600'),(59,5,18,'','',57,'от 2900'),(60,5,18,'','',58,'от 2600'),(61,5,18,'','',59,'от 4600'),(62,5,18,'','',61,'от 2800'),(63,5,18,'','',62,'от 2600'),(64,5,18,'','',63,'от 3200'),(65,5,18,'','',64,'от 2600'),(66,5,20,'','',65,'от 2700'),(67,5,18,'','',66,'от 2800'),(68,5,18,'','',67,'от 2900'),(69,5,18,'','',68,'от 2950'),(70,5,18,'','',69,'от 2800'),(71,5,18,'','',70,'от 2900'),(72,5,18,'','',71,'от 3200'),(73,5,18,'','',72,'от 2700'),(74,5,19,'','',73,'от 2600'),(75,5,18,'','',74,'от 2600'),(76,5,18,'','',75,'от 2700'),(77,5,18,'','',76,'от 2600'),(78,5,18,'','',78,'от 6500'),(79,5,18,'','',79,'от 6100'),(80,5,18,'','',80,'от 6100'),(81,5,18,'','',81,'от 10500'),(82,5,18,'','',82,'от 6500'),(83,5,18,'','',83,'от 6700'),(84,6,9,'','',6,'3400'),(85,6,9,'99999','и гипофиза',6,'6300'),(86,6,9,'','и глазных орбит',6,'5900'),(87,6,9,'','и околоносных пазух',6,'5900'),(88,6,9,'','и черепных нервов',6,'5680'),(89,6,9,'','и шейного отдела позвоночника',6,'6500'),(90,6,9,'','с отсроченным контрастированием (контраст оплачивается отдельно)*	',6,'5400'),(91,6,9,'','с ангиографией',6,'6300'),(92,6,9,'','с ангиографией и МРТ гипофиза',6,'8480'),(93,6,9,'','с ангиографией и МРТ шейного отдела позвоночника',6,'9100'),(94,6,9,'','с ангиографией, ангиография артерии шеи и МРТ шейного отдела позвоночника',6,'11700'),(95,6,9,'','с венографией',6,'6300'),(96,6,9,'','с ангиографией и венографией',6,'8550'),(97,6,9,'','',7,'3300'),(98,6,9,'','и МРТ головного мозга',7,'6300'),(99,6,9,'','и МРТ головного мозга с ангиографией',7,'8480'),(100,6,9,'','',8,'2780'),(101,6,9,'','и МРТ головного мозга',8,'5900'),(102,6,9,'','',9,'3300'),(103,6,9,'','и краниовертебрального перехода',11,'5100'),(104,6,9,'','',11,'3300'),(105,6,9,'','и ангиография артерии шеи',11,'6300'),(106,6,9,'','',12,'3300'),(107,6,9,'','',13,'3300'),(108,6,9,'','',15,'3300'),(109,6,9,'','',14,'3300'),(110,6,9,'','',28,'6250'),(111,6,9,'','',29,'4200'),(112,6,9,'','',30,'4200'),(113,6,9,'','с расширением зоны исследования на всю кисть при необходимости',31,'5250'),(114,6,9,'','',33,'4200'),(115,6,9,'','с контрастированием (контраст оплачивается отдельно)*',32,'5200'),(116,6,9,'','',34,'4000'),(117,6,9,'','',35,'4200'),(118,6,9,'','',36,'5250'),(119,6,9,'','',19,'5480'),(120,6,9,'','для оценки состояния импланта',18,'5530'),(121,6,9,'','',25,'4200'),(122,6,9,'','',26,'4200'),(123,7,9,'','',6,'от 2890'),(124,7,9,'','',7,'от 2805'),(125,7,9,'','',8,'от 2363'),(126,7,9,'','',9,'от 2805'),(127,7,9,'','',39,'от 2805'),(128,7,9,'','',11,'от 2805'),(129,7,9,'','',12,'от 2805'),(130,7,9,'','',13,'от 2805'),(131,7,9,'','',29,'от 3570'),(132,7,9,'','',33,'от 3570'),(133,7,9,'','',34,'от 3400'),(134,7,9,'','',35,'от 3570'),(135,7,9,'','',11,'3300'),(136,7,9,'','',12,'3300'),(137,7,9,'','',13,'3300'),(138,7,9,'','',15,'3300'),(139,7,9,'','',39,'3300'),(140,7,9,'','',6,'3400'),(141,7,9,'','',38,'3400'),(142,7,9,'','',7,'3300'),(143,7,9,'','',8,'2780'),(144,7,9,'','',9,'3300'),(145,7,9,'','',25,'4200'),(146,7,9,'','',26,'4200'),(147,7,9,'','',29,'4200'),(148,7,9,'','',30,'4200'),(149,7,9,'','',31,'5250'),(150,7,9,'','обе кисти с контрастированием (без стоимости контраста)',32,'5250'),(151,7,9,'','',33,'4200'),(152,7,9,'','',34,'4000'),(153,7,9,'','',36,'5250'),(154,7,9,'','и забрюшинного пространства',19,'5480'),(155,7,9,'','и брюшной полости, МР-холангиография',20,'6480'),(156,8,6,'','',6,'3500'),(157,8,6,'','',7,'4000'),(158,8,6,'','',8,'2500'),(159,8,6,'','',9,'3500'),(160,8,6,'','и вен головного мозга',6,'6000'),(161,8,6,'','и гипофиза',6,'4500'),(162,8,6,'','',11,'3500'),(163,8,6,'','',12,'3500'),(164,8,6,'','',13,'3500'),(165,8,6,'','*сакроилеальных сочленений',50,'3500'),(166,8,6,'','',39,'3500'),(167,8,6,'','',34,'4000'),(168,8,6,'','',35,'4000'),(169,8,6,'','',29,'4000'),(170,8,6,'','',30,'4000'),(171,8,6,'','',36,'4000'),(172,8,6,'','',32,'4000'),(173,8,6,'','пара суставов',33,'5000'),(174,8,6,'','пара суставов',28,'6000'),(175,8,6,'','',18,'7000'),(176,8,6,'','',19,'6000'),(177,8,6,'','',20,'6000'),(178,8,6,'','забрюшинного пространства и холангиография',19,'12000'),(179,8,6,'','',22,'6000'),(180,8,6,'','одна область',26,'5000'),(181,8,6,'','ягодичной область',24,'5000'),(182,8,16,'','1 проекция',3,'2600'),(183,8,16,'','',45,'без контраста от 2600 р.  <br> с контрастом от 4000'),(184,8,16,'','с болюсным контрастированием',45,'5600'),(185,8,16,'','',72,'2600'),(186,8,16,'','*височной области',71,'2600'),(187,8,16,'','',2,'2600'),(188,8,16,'','с болюсным контрастированием',2,'4000'),(189,8,16,'','',54,'2600'),(190,8,16,'','',56,'без контраста от 2600 р.  <br> с контрастом от 4000'),(191,8,16,'','',74,'без контраста от 2600 р.  <br> с контрастом от 4000'),(192,8,16,'','',47,'2600'),(193,8,16,'','',48,'2600'),(194,8,16,'','',49,'2600'),(195,8,16,'','*отдельно копчика ',51,'1600'),(196,8,16,'','',73,'2600'),(197,8,16,'','',75,'2600'),(198,8,16,'','',76,'2600'),(199,8,16,'','',74,'2600'),(200,8,16,'','',62,'2600'),(201,8,16,'','',64,'2600'),(202,8,16,'','*оба сустава',64,'4200'),(203,8,16,'','',53,'без контраста от 2600 р.  <br> с контрастом от 4000'),(204,8,16,'','',80,'с контрастом от 6100'),(205,8,16,'','',82,'с контрастом от 6100'),(206,8,16,'','',78,'с контрастом от 6100'),(207,8,16,'','',79,'с контрастом от 6100'),(208,10,6,'','',19,'4900'),(209,10,6,'','',21,'4900'),(210,10,6,'','',7,'4000'),(211,10,6,'','и гипофиза',6,'7000'),(212,10,6,'','',6,'4000'),(213,10,6,'','и МР-венография головного мозга',6,'6800'),(214,10,6,'','и головного мозга',8,'7000'),(215,10,6,'','',33,'4900'),(216,10,6,'','',25,'от 3920'),(217,10,6,'','',26,'от 3920'),(218,10,6,'','',2,'4000'),(219,10,6,'','',11,'4000'),(220,10,6,'','',12,'4000'),(221,10,6,'','',13,'4000'),(222,10,6,'','',15,'4000'),(223,10,6,'','',14,'4000'),(224,10,6,'','',34,'5350'),(225,10,6,'','',33,'5350'),(226,10,6,'','',35,'5350'),(227,10,6,'','',36,'5350'),(228,10,6,'','',29,'5350'),(229,10,6,'','',30,'5350'),(230,10,6,'','',32,'5350'),(231,10,6,'','оба сустава',34,'10200'),(232,10,16,'','нижних конечностей до колена',83,'5200'),(233,10,16,'','нижних конечностей до стопы',83,'8100'),(234,10,16,'','',56,'3200'),(235,10,16,'','',80,'3800'),(236,10,16,'','',59,'от 4300'),(237,10,16,'','',71,'3000'),(238,10,16,'','',2,'3000'),(239,10,16,'','',45,'3200'),(240,10,16,'','',3,'3200'),(241,10,16,'','',61,'3200'),(242,10,16,'','',78,'4200'),(243,10,16,'','обе челюсти',61,'5000'),(244,10,16,'','КТ ангиография головного мозга',45,'6300'),(245,10,16,'','',54,'3200'),(246,10,16,'','',80,'3800'),(247,10,16,'','без оценки органов грудной клетки',55,'4300'),(248,10,16,'','с оценкой органов грудной клетки',55,'7300'),(249,10,16,'','',66,'3200'),(250,10,16,'','',70,'3200'),(251,10,16,'','',64,'3200'),(252,10,16,'','',58,'3200'),(253,10,16,'','',47,'3200'),(254,10,16,'','',48,'3200'),(255,10,16,'','',49,'3200'),(256,10,16,'','',51,'3200'),(257,10,16,'','',53,'3200'),(258,10,16,'','',79,'4200'),(259,12,9,'','',6,'3700'),(260,12,9,'','',7,'3700'),(261,12,9,'','и гипофиза или орбиты',6,'3700'),(262,12,9,'','',9,'3700'),(263,12,9,'','',8,'3700'),(264,12,9,'','',22,'4600'),(265,12,9,'','',33,'4200'),(266,12,9,'','',34,'4200'),(267,12,9,'','',35,'4200'),(268,12,9,'','',26,'4200'),(269,12,9,'','',11,'3700'),(270,12,9,'','',12,'3700'),(271,12,9,'','',13,'3700'),(272,12,10,'','',38,'3000'),(273,12,9,'','',39,'3000'),(274,12,9,'','с сосудистой программой',6,'6200'),(275,12,9,'','',19,'4600'),(276,12,20,'','',45,'2700'),(277,12,20,'','*в одной плоскости',3,'2700'),(278,12,20,'','',72,'2700'),(279,12,20,'','',71,'2700'),(280,12,20,'','',2,'2700'),(281,12,20,'','',53,'2700'),(282,12,20,'','',54,'2700'),(283,12,20,'','',53,'2700'),(284,12,20,'','',56,'2700'),(285,12,20,'','',58,'2700'),(286,12,20,'','',47,'2900'),(287,12,20,'','',48,'2900'),(288,12,20,'','',49,'2900'),(289,12,20,'','',51,'2000'),(290,12,20,'','',70,'3000'),(291,12,20,'','',53,'2700'),(292,15,25,'','*с контрастом',56,'без контраста от 2500 р.  <br> с контрастом от 5500'),(293,15,25,'','',54,'2500'),(294,15,13,'','',6,'от 3000'),(295,17,9,'','',6,'4000'),(296,17,9,'','',8,'3600'),(297,17,9,'','',9,'3600'),(298,17,9,'','и глазных орбит',6,'6100'),(299,17,9,'','и слуховых проходов',6,'6100'),(300,17,9,'','и придаточных пазух',6,'6100'),(301,17,9,'','и гипофиза',6,'6100'),(302,17,9,'','с контрастом (Магневист, Омнискан)',6,'8100'),(303,17,9,'','',7,'без контраста 3600 р.  <br> с контрастом 8100'),(304,17,9,'','',11,'без контраста 4000 р.  <br> с контрастом 8000'),(305,17,9,'','',12,'без контраста 4000 р.  <br> с контрастом 8000'),(306,17,9,'','',13,'без контраста 4000 р.  <br> с контрастом 8000'),(307,17,9,'','',15,'3500'),(308,17,9,'','',25,'без контраста 4200 р.  <br> с контрастом 8000'),(309,17,9,'','',14,'4000'),(310,17,9,'','',19,'без контраста 4000 р.  <br> с контрастом 7100'),(311,17,9,'','',14,'4000'),(312,17,9,'','',21,'4000'),(313,17,9,'','',22,'без контраста 4000 р.  <br> с контрастом 8100'),(314,17,9,'','*трансректально',22,'6000'),(315,17,9,'','',28,'4500'),(316,17,9,'','',29,'4500'),(317,17,9,'','',30,'4500'),(318,17,9,'','',31,'4500'),(319,17,9,'','',32,'4500'),(320,17,9,'','',33,'4500'),(321,17,9,'','',34,'4500'),(322,17,9,'','',35,'4500'),(323,17,9,'','',36,'4500'),(324,17,9,'','',25,'от 4500'),(325,17,9,'','',26,'от 4500'),(326,17,20,'','',45,'2650'),(327,17,20,'','',2,'2650'),(328,17,20,'','в аксиальной проекции  ',3,'2650'),(329,17,20,'','в коронарной проекции',3,'2650'),(330,17,20,'','',71,'2650'),(331,17,20,'','',53,'без контраста 2650 р.  <br> с контрастом 5550'),(332,17,20,'','',54,'без контраста 2650 р.  <br> с контрастом 5550'),(333,17,20,'','*с функциональным тестом',54,'3000'),(334,17,20,'','*с виртуальной бронхоскопией',54,'5500'),(335,17,20,'','',56,'без контраста 2650 р.  <br> с контрастом 5550'),(336,17,20,'','и брюшной полости',57,'3100'),(337,17,20,'','',57,'2800'),(338,17,20,'','и малого таза',56,'2650'),(339,17,20,'','',58,'без контраста 2650 р.  <br> с контрастом 5550'),(340,17,20,'','',75,'2650'),(341,17,20,'','',67,'2650'),(342,17,20,'','',68,'2650'),(343,17,20,'','',69,'2650'),(344,17,20,'','',70,'2650'),(345,17,20,'','',62,'2650'),(346,17,20,'','',73,'2650'),(347,17,20,'','',64,'2650'),(348,17,20,'','',65,'2650'),(349,17,20,'','',66,'2650'),(350,17,20,'','',47,'4000'),(351,17,20,'','',48,'4000'),(352,17,20,'','',49,'4000'),(353,17,20,'','*полипозиционное исследование',3,'3400'),(354,18,6,'','',6,'3500'),(355,18,6,'','',7,'2500'),(356,18,6,'','',8,'3500'),(357,18,6,'','',9,'3500'),(358,18,6,'','',38,'3500'),(359,18,6,'','',11,'3500'),(360,18,6,'','',12,'3500'),(361,18,6,'','и копчика',13,'4000'),(362,18,6,'','',14,'3500'),(363,18,6,'','*один сустав',34,'4000'),(364,18,6,'','*один сустав',35,'4000'),(365,18,6,'','*один сустав',29,'4000'),(366,18,6,'','*один сустав',30,'4000'),(367,18,6,'','*оба сустав',28,'6000'),(368,18,6,'','*один сустав',32,'4000'),(369,18,6,'','*один сустав',36,'4000'),(370,18,6,'','*оба сустав',33,'5000'),(371,18,6,'','*обе',18,'7000'),(372,18,6,'','',19,'6000'),(373,18,6,'','',20,'6000'),(374,18,6,'','и забрюшинного пространства',19,'8000'),(375,18,6,'','и холангиография',56,'8000'),(376,18,6,'','и холангиография',20,'12000'),(377,18,6,'','',22,'6000'),(378,18,6,'','*одна область',26,'от 4900'),(379,18,6,'','',39,'3500'),(380,22,19,'','*без контраста',45,'3000'),(381,22,19,'','*без контраста',56,'6000'),(382,22,19,'','*без контраста',54,'4000'),(383,22,19,'','*с контрастом',45,'4000'),(384,22,19,'','*без контраста',58,'5000'),(385,22,19,'','*нижней',61,'4500'),(386,22,19,'','',53,'4500'),(387,22,19,'','',79,'6500'),(388,22,19,'','*нижних',83,'6500'),(389,22,19,'','',3,'4500'),(390,22,19,'','',2,'4500'),(391,22,19,'','',71,'4500');
/*!40000 ALTER TABLE `device_pricelist` ENABLE KEYS */;
UNLOCK TABLES;

--
-- Table structure for table `django_admin_log`
--

DROP TABLE IF EXISTS `django_admin_log`;
/*!40101 SET @saved_cs_client     = @@character_set_client */;
/*!40101 SET character_set_client = utf8 */;
CREATE TABLE `django_admin_log` (
  `id` int(11) NOT NULL AUTO_INCREMENT,
  `action_time` datetime NOT NULL,
  `user_id` int(11) NOT NULL,
  `content_type_id` int(11) DEFAULT NULL,
  `object_id` longtext,
  `object_repr` varchar(200) NOT NULL,
  `action_flag` smallint(5) unsigned NOT NULL,
  `change_message` longtext NOT NULL,
  PRIMARY KEY (`id`),
  KEY `django_admin_log_6340c63c` (`user_id`),
  KEY `django_admin_log_37ef4eb4` (`content_type_id`)
) ENGINE=MyISAM AUTO_INCREMENT=912 DEFAULT CHARSET=utf8;
/*!40101 SET character_set_client = @saved_cs_client */;

--
-- Dumping data for table `django_admin_log`
--

LOCK TABLES `django_admin_log` WRITE;
/*!40000 ALTER TABLE `django_admin_log` DISABLE KEYS */;
INSERT INTO `django_admin_log` VALUES (1,'2014-05-29 14:54:06',1,17,'1','Площадь Восстания',1,''),(2,'2014-05-29 14:54:36',1,18,'1','0.5',1,''),(3,'2014-05-29 14:54:37',1,19,'1','Обычный',1,''),(4,'2014-05-29 14:55:06',1,21,'1','КТ головы',1,''),(5,'2014-05-29 14:55:15',1,21,'2','КТ глаз',1,''),(6,'2014-05-29 14:56:04',1,20,'1','Advanced Fertility Clinic',1,''),(7,'2014-05-29 15:27:27',1,17,'2','Площадь Мужества',1,''),(8,'2014-05-29 15:28:03',1,18,'2','1',1,''),(9,'2014-05-29 15:28:04',1,19,'2','Крутой аппарат',1,''),(10,'2014-05-29 15:28:11',1,20,'2','test1',1,''),(11,'2014-05-29 15:30:28',1,21,'3','КТ носа',1,''),(12,'2014-05-29 15:30:32',1,20,'3','test3',1,''),(13,'2014-05-29 15:30:53',1,20,'3','test3',2,'Добавлен Ценник \"test3 - 3222\".'),(14,'2014-05-29 15:31:12',1,20,'3','test3',2,'Изменен metro.'),(15,'2014-05-29 16:04:47',1,20,'1','Advanced Fertility Clinic',2,'Изменены value для Ценник \"Advanced Fertility Clinic - с контрастом - 2800\".'),(16,'2014-05-29 16:08:29',1,20,'1','Advanced Fertility Clinic',2,'Изменены value для Ценник \"Advanced Fertility Clinic - с контрастом - 2800<br>без контраста - 3400\".'),(17,'2014-05-29 16:09:53',1,20,'1','Advanced Fertility Clinic',2,'Изменены value для Ценник \"Advanced Fertility Clinic - с контрастом - 2800р<br>без контраста - 3400\".'),(18,'2014-05-29 18:46:00',1,21,'1','КТ головы',2,'Изменен body.'),(19,'2014-05-29 18:46:18',1,21,'4','МРТ головы',1,''),(20,'2014-05-29 18:46:32',1,21,'5','МРТ ног',1,''),(21,'2014-05-29 18:49:15',1,21,'4','МРТ головы',2,'Изменен body.'),(22,'2014-05-30 01:30:48',1,14,'1','(TitleAndTextBlock) Текст вставлен через админку',2,'Изменен title и text.'),(23,'2014-05-30 01:33:37',1,12,'1','(TextBlock) <a href=\"tel:+781291...',2,'Изменен text.'),(24,'2014-05-30 12:39:51',1,17,'3','Автово',1,''),(25,'2014-05-30 12:39:55',1,17,'4','Адмиралтейская',1,''),(26,'2014-05-30 12:40:20',1,17,'4','Адмиралтейская',3,''),(27,'2014-05-30 12:40:20',1,17,'3','Автово',3,''),(28,'2014-05-30 12:40:28',1,17,'2','Площадь Мужества',3,''),(29,'2014-05-30 12:40:28',1,17,'1','Площадь Восстания',3,''),(30,'2014-05-30 12:40:34',1,17,'5','Электросила',1,''),(31,'2014-05-30 12:40:38',1,17,'6','Чкаловская',1,''),(32,'2014-05-30 12:40:43',1,17,'7','Чернышевская',1,''),(33,'2014-05-30 12:40:47',1,17,'8','Чёрная речка',1,''),(34,'2014-05-30 12:40:51',1,17,'9','Фрунзенская',1,''),(35,'2014-05-30 12:40:56',1,17,'10','Улица Дыбенко',1,''),(36,'2014-05-30 12:41:00',1,17,'11','Удельная',1,''),(37,'2014-05-30 12:41:03',1,17,'12','Технологический институт',1,''),(38,'2014-05-30 12:41:09',1,17,'13','Старая Деревня',1,''),(39,'2014-05-30 12:41:12',1,17,'14','Спортивная',1,''),(40,'2014-05-30 12:41:16',1,17,'15','Спасская',1,''),(41,'2014-05-30 12:41:19',1,17,'16','Сенная площадь',1,''),(42,'2014-05-30 12:41:23',1,17,'17','Садовая',1,''),(43,'2014-05-30 12:41:27',1,17,'18','Рыбацкое',1,''),(44,'2014-05-30 12:41:30',1,17,'19','Пушкинская',1,''),(45,'2014-05-30 12:41:33',1,17,'20','Проспект Просвещения',1,''),(46,'2014-05-30 12:41:36',1,17,'21','Проспект Ветеранов',1,''),(47,'2014-05-30 12:41:40',1,17,'22','Проспект Большевиков',1,''),(48,'2014-05-30 12:41:43',1,17,'23','Пролетарская',1,''),(49,'2014-05-30 12:41:47',1,17,'24','Приморская',1,''),(50,'2014-05-30 12:41:51',1,17,'25','Политехническая',1,''),(51,'2014-05-30 12:41:55',1,17,'26','Площадь Мужества',1,''),(52,'2014-05-30 12:41:59',1,17,'27','Площадь Ленина',1,''),(53,'2014-05-30 12:42:03',1,17,'28','Площадь Восстания',1,''),(54,'2014-05-30 12:42:10',1,17,'29','Площадь Александра Невского',1,''),(55,'2014-05-30 12:42:14',1,17,'30','Пионерская',1,''),(56,'2014-05-30 12:42:18',1,17,'31','Петроградская',1,''),(57,'2014-05-30 12:42:21',1,17,'32','Парнас',1,''),(58,'2014-05-30 12:42:34',1,17,'33','Парк Победы',1,''),(59,'2014-05-30 12:42:40',1,17,'34','Озерки',1,''),(60,'2014-05-30 12:42:43',1,17,'35','Обухово',1,''),(61,'2014-05-30 12:42:46',1,17,'36','Обводный канал',1,''),(62,'2014-05-30 12:42:50',1,17,'37','Новочеркасская',1,''),(63,'2014-05-30 12:42:54',1,17,'38','Невский проспект',1,''),(64,'2014-05-30 12:42:57',1,17,'39','Нарвская',1,''),(65,'2014-05-30 12:43:00',1,17,'40','Московские ворота',1,''),(66,'2014-05-30 12:43:04',1,17,'41','Московская',1,''),(67,'2014-05-30 12:43:09',1,17,'42','Международная',1,''),(68,'2014-05-30 12:43:12',1,17,'43','Маяковская',1,''),(69,'2014-05-30 12:43:15',1,17,'44','Ломоносовская',1,''),(70,'2014-05-30 12:43:19',1,17,'45','Лиговский проспект',1,''),(71,'2014-05-30 12:43:22',1,17,'46','Лесная',1,''),(72,'2014-05-30 12:43:26',1,17,'47','Ленинский проспект',1,''),(73,'2014-05-30 12:43:29',1,17,'48','Ладожская',1,''),(74,'2014-05-30 12:43:32',1,17,'49','Купчино',1,''),(75,'2014-05-30 12:43:35',1,17,'50','Крестовский остров',1,''),(76,'2014-05-30 12:43:39',1,17,'51','Комендантский проспект',1,''),(77,'2014-05-30 12:43:44',1,17,'52','Кировский завод',1,''),(78,'2014-05-30 12:43:48',1,17,'53','Звенигородская',1,''),(79,'2014-05-30 12:43:51',1,17,'54','Звёздная',1,''),(80,'2014-05-30 12:44:04',1,17,'55','Елизаровская',1,''),(81,'2014-05-30 12:44:08',1,17,'56','Достоевская',1,''),(82,'2014-05-30 12:44:11',1,17,'57','Девяткино',1,''),(83,'2014-05-30 12:44:14',1,17,'58','Гражданский проспект',1,''),(84,'2014-05-30 12:44:17',1,17,'59','Гостиный двор',1,''),(85,'2014-05-30 12:44:23',1,17,'60','Горьковская',1,''),(86,'2014-05-30 12:44:26',1,17,'61','Выборгская',1,''),(87,'2014-05-30 12:44:30',1,17,'62','Волковская',1,''),(88,'2014-05-30 12:44:33',1,17,'63','Владимирская',1,''),(89,'2014-05-30 12:44:37',1,17,'64','Василеостровская',1,''),(90,'2014-05-30 12:44:40',1,17,'65','Бухарестская',1,''),(91,'2014-05-30 12:44:43',1,17,'66','Балтийская',1,''),(92,'2014-05-30 12:44:47',1,17,'67','Академическая',1,''),(93,'2014-05-30 12:44:50',1,17,'68','Адмиралтейская',1,''),(94,'2014-05-30 12:44:53',1,17,'69','Автово',1,''),(95,'2014-05-30 12:46:21',1,20,'1','Advanced Fertility Clinic',2,'Изменен metro.'),(96,'2014-05-30 12:46:26',1,20,'2','test1',2,'Изменен metro.'),(97,'2014-05-30 12:46:32',1,20,'3','test3',2,'Изменен metro.'),(98,'2014-05-30 12:47:59',1,20,'2','test1',2,'Изменен metro.'),(99,'2014-05-30 12:48:15',1,20,'2','test1',2,'Изменен metro.'),(100,'2014-05-30 12:51:49',1,18,'3','3',1,''),(101,'2014-05-30 12:53:56',1,21,'6','МРТ головного мозга',1,''),(102,'2014-05-30 12:54:34',1,21,'7','МРТ гипофиза',1,''),(103,'2014-05-30 12:54:44',1,21,'8','МРТ глазных орбит',1,''),(104,'2014-05-30 12:54:53',1,21,'9','МРТ пазух носа',1,''),(105,'2014-05-30 12:55:08',1,21,'10','МРТ позвоночника',1,''),(106,'2014-05-30 12:55:19',1,21,'11','МРТ шейного отдела',1,''),(107,'2014-05-30 12:55:30',1,21,'12','МРТ грудного отдела',1,''),(108,'2014-05-30 12:55:41',1,21,'13','МРТ пояснично-крестцового отдела',1,''),(109,'2014-05-30 12:55:49',1,21,'14','МРТ крестцово-подвздошных сочленений',1,''),(110,'2014-05-30 12:55:57',1,21,'15','МРТ копчиковой области',1,''),(111,'2014-05-30 12:56:09',1,21,'16','МРТ внутренних органов',1,''),(112,'2014-05-30 12:56:19',1,21,'17','МРТ органов грудной клетки и средостения',1,''),(113,'2014-05-30 12:56:31',1,21,'18','МРТ молочной железы',1,''),(114,'2014-05-30 12:56:39',1,21,'19','МРТ органов брюшной полости',1,''),(115,'2014-05-30 12:56:47',1,21,'20','МРТ органов забрюшинного пространства',1,''),(116,'2014-05-30 12:56:55',1,21,'21','МР-холангиография',1,''),(117,'2014-05-30 12:57:02',1,21,'22','МРТ органов малого таза',1,''),(118,'2014-05-30 12:57:10',1,21,'23','МРТ кишечника',1,''),(119,'2014-05-30 12:57:24',1,21,'24','МРТ мягких тканей',1,''),(120,'2014-05-30 12:57:32',1,21,'24','МРТ мягких тканей',2,'Изменен parent.'),(121,'2014-05-30 12:57:50',1,21,'25','МРТ мягких тканей и органов шеи',1,''),(122,'2014-05-30 12:58:00',1,21,'26','МРТ тканей конечности',1,''),(123,'2014-05-30 12:58:07',1,21,'27','МРТ суставов',1,''),(124,'2014-05-30 12:58:15',1,21,'28','МРТ височно-нижнечелюстного сустава',1,''),(125,'2014-05-30 12:58:26',1,21,'29','МРТ плечевого сустава',1,''),(126,'2014-05-30 12:58:37',1,21,'30','МРТ локтевого сустава',1,''),(127,'2014-05-30 12:58:46',1,21,'31','МРТ лучезапястного сустава',1,''),(128,'2014-05-30 12:58:56',1,21,'32','МРТ кисти',1,''),(129,'2014-05-30 12:59:04',1,21,'33','МРТ тазобедренного сустава',1,''),(130,'2014-05-30 12:59:12',1,21,'34','МРТ коленного сустава',1,''),(131,'2014-05-30 12:59:21',1,21,'35','МРТ голеностопного сустава',1,''),(132,'2014-05-30 12:59:30',1,21,'36','МРТ стопы',1,''),(133,'2014-05-30 12:59:39',1,21,'37','МРТ сосудов',1,''),(134,'2014-05-30 12:59:49',1,21,'38','МРТ сосудов головного мозга',1,''),(135,'2014-05-30 12:59:57',1,21,'39','МРТ сосудов шеи',1,''),(136,'2014-05-30 13:00:10',1,21,'40','МРТ подключичных артерий',1,''),(137,'2014-05-30 13:00:20',1,21,'41','МРТ грудного отдела аорты',1,''),(138,'2014-05-30 13:00:30',1,21,'42','МРТ брюшного отдела аорты',1,''),(139,'2014-05-30 13:00:39',1,21,'43','МРТ сосудов малого таза',1,''),(140,'2014-05-30 13:00:48',1,21,'44','МРТ сосудов конечностей',1,''),(141,'2014-05-30 13:01:11',1,21,'5','МРТ ног',3,''),(142,'2014-05-30 13:04:38',1,21,'1','КТ головы',2,'Ни одно поле не изменено.'),(143,'2014-05-30 13:04:55',1,21,'2','КТ глазных орбит',2,'Изменен name.'),(144,'2014-05-30 13:05:22',1,21,'3','КТ пазух носа',2,'Изменен name.'),(145,'2014-05-30 13:05:44',1,21,'45','КТ головного мозга',1,''),(146,'2014-05-30 13:06:46',1,21,'46','КТ позвоночника',1,''),(147,'2014-05-30 13:06:57',1,21,'47','КТ шейного отдела',1,''),(148,'2014-05-30 13:07:06',1,21,'48','КТ грудного отдела',1,''),(149,'2014-05-30 13:07:15',1,21,'49','КТ пояснично-крестцового отдела',1,''),(150,'2014-05-30 13:07:23',1,21,'50','КТ крестцово-повздошных сочленений',1,''),(151,'2014-05-30 13:07:30',1,21,'51','КТ копчиковой области',1,''),(152,'2014-05-30 13:07:38',1,21,'52','КТ органов и мягких тканей',1,''),(153,'2014-05-30 13:07:49',1,21,'53','КТ мягких тканей и органов шеи',1,''),(154,'2014-05-30 13:07:57',1,21,'54','КТ органов грудной клетки и легких',1,''),(155,'2014-05-30 13:08:04',1,21,'55','КТ-виртуальная бронхоскопия',1,''),(156,'2014-05-30 13:08:11',1,21,'56','КТ органов брюшной полости',1,''),(157,'2014-05-30 13:08:18',1,21,'57','КТ органов забрюшинного пространства',1,''),(158,'2014-05-30 13:08:26',1,21,'58','КТ органов малого таза',1,''),(159,'2014-05-30 13:08:32',1,21,'59','КТ-виртуальная колоноскопия',1,''),(160,'2014-05-30 13:08:40',1,21,'60','КТ суставов и костей',1,''),(161,'2014-05-30 13:09:08',1,21,'61','КТ челюсти',1,''),(162,'2014-05-30 13:09:16',1,21,'62','КТ плечевого сустава',1,''),(163,'2014-05-30 13:09:25',1,21,'63','КТ ключицы',1,''),(164,'2014-05-30 13:09:33',1,21,'64','КТ локтевого сустава',1,''),(165,'2014-05-30 13:09:42',1,21,'65','КТ лучезапястного сустава',1,''),(166,'2014-05-30 13:09:52',1,21,'66','КТ кисти',1,''),(167,'2014-05-30 13:10:00',1,21,'67','КТ тазобедренного сустава',1,''),(168,'2014-05-30 13:10:07',1,21,'68','КТ коленного сустава',1,''),(169,'2014-05-30 13:10:16',1,21,'69','КТ голеностопного сустава',1,''),(170,'2014-05-30 13:10:27',1,21,'70','КТ стопы',1,''),(171,'2014-05-30 13:10:41',1,21,'71','КТ височных костей',1,''),(172,'2014-05-30 13:10:59',1,21,'72','КТ костей лицевого черепа',1,''),(173,'2014-05-30 13:11:08',1,21,'73','КТ плечевой кости',1,''),(174,'2014-05-30 13:11:18',1,21,'74','КТ костей таза',1,''),(175,'2014-05-30 13:11:30',1,21,'75','КТ бедренной кости',1,''),(176,'2014-05-30 13:11:39',1,21,'76','КТ костей голени',1,''),(177,'2014-05-30 13:11:44',1,21,'77','КТ сосудов',1,''),(178,'2014-05-30 13:11:53',1,21,'78','КТ-ангиография сосудов головного мозга',1,''),(179,'2014-05-30 13:12:02',1,21,'79','КТ-ангиография сосудов шеи',1,''),(180,'2014-05-30 13:12:11',1,21,'80','КТ грудной аорты и легочной артерии',1,''),(181,'2014-05-30 13:12:21',1,21,'81','КТ-коронарография',1,''),(182,'2014-05-30 13:12:32',1,21,'82','КТ брюшной аорты и ее ветвей',1,''),(183,'2014-05-30 13:12:41',1,21,'83','КТ-ангиография сосудов конечностей',1,''),(184,'2014-05-30 13:14:11',1,20,'1','Advanced Fertility Clinic',2,'Добавлен Ценник \"Advanced Fertility Clinic - 999999999999999999\".'),(185,'2014-05-30 13:14:41',1,20,'1','Advanced Fertility Clinic',2,'Изменены inspection для Ценник \"Advanced Fertility Clinic - 999999999999999999\".'),(186,'2014-05-30 13:43:31',1,20,'1','Advanced Fertility Clinic',2,'Изменены value для Ценник \"Advanced Fertility Clinic - 999999999999999999999999999998\".'),(187,'2014-05-30 15:10:17',1,20,'1','Advanced Fertility Clinic',2,'Добавлен Ценник \"Advanced Fertility Clinic - \".'),(188,'2014-05-30 15:10:30',1,20,'1','Advanced Fertility Clinic',2,'Изменены info для Ценник \"Advanced Fertility Clinic - \".'),(189,'2014-05-30 15:42:46',1,20,'1','Advanced Fertility Clinic',2,'Изменены value для Ценник \"Advanced Fertility Clinic - 9999999999999998\". Изменены value для Ценник \"Advanced Fertility Clinic - Скидка 30% 3500 \".'),(190,'2014-05-30 15:43:07',1,20,'1','Advanced Fertility Clinic',2,'Изменены info и value для Ценник \"Advanced Fertility Clinic -  3500 \".'),(191,'2014-05-30 18:26:24',1,18,'4','20',1,''),(192,'2014-05-30 18:29:21',1,18,'5','0.2',1,''),(193,'2014-05-31 03:19:04',1,20,'2','test1',2,'Добавлен Ценник \"test1 - 23453\".'),(194,'2014-05-31 03:20:19',1,21,'84','МРТ пальца',1,''),(195,'2014-05-31 10:35:29',1,30,'1','Главная',1,''),(196,'2014-05-31 10:43:52',1,30,'1','Главная',2,'Изменен body и short.'),(197,'2014-05-31 10:45:29',1,30,'2','Счастливые часы на МРТ!',1,''),(198,'2014-05-31 10:45:50',1,30,'3','Прием врача до и после МРТ со скидкой 25%! ',1,''),(199,'2014-05-31 21:35:33',1,30,'3','Прием врача до и после МРТ со скидкой 25%! ',2,'Изменен due_date.'),(200,'2014-05-31 21:38:25',1,30,'3','Прием врача до и после МРТ со скидкой 25%! ',2,'Ни одно поле не изменено.'),(201,'2014-05-31 21:42:53',1,30,'2','Счастливые часы на МРТ!',2,'Изменен due_date.'),(202,'2014-05-31 21:42:57',1,30,'1','Главная',2,'Изменен due_date.'),(203,'2014-06-01 15:08:28',1,21,'6','МРТ головного мозга',2,'Изменен body.'),(204,'2014-06-01 15:25:47',1,14,'2','(TitleAndTextBlock) Почему МРТ?',2,'Изменен title и text.'),(205,'2014-06-01 15:26:45',1,14,'3','(TitleAndTextBlock) Что покажет КТ?',2,'Изменен title и text.'),(206,'2014-06-04 21:08:06',1,18,'6','1.1',1,''),(207,'2014-06-04 21:08:08',1,19,'3','мега',1,''),(208,'2014-06-04 21:08:17',1,20,'2','test1',2,'Добавлен Ценник \"test1 - 666\".'),(209,'2014-06-04 21:09:21',1,20,'2','test1',2,'Изменены inspection для Ценник \"test1 - 666\".'),(210,'2014-06-04 22:27:45',1,21,'7','МРТ гипофиза',2,'Изменен body.'),(211,'2014-06-05 11:33:52',1,18,'6','1.1',3,''),(212,'2014-06-05 11:33:52',1,18,'5','0.2',3,''),(213,'2014-06-05 11:33:52',1,18,'4','20',3,''),(214,'2014-06-05 11:33:52',1,18,'3','3',3,''),(215,'2014-06-05 11:33:52',1,18,'2','1',3,''),(216,'2014-06-05 11:33:52',1,18,'1','0.5',3,''),(217,'2014-06-05 11:34:26',1,18,'7','0.5',1,''),(218,'2014-06-05 11:34:28',1,19,'4','Простой аппарат',1,''),(219,'2014-06-05 11:34:51',1,18,'8','1',1,''),(220,'2014-06-05 11:34:52',1,19,'5','сложный аппарат',1,''),(221,'2014-06-05 11:35:02',1,20,'1','Advanced Fertility Clinic',2,'Добавлен Ценник \"Advanced Fertility Clinic - 2444\". Добавлен Ценник \"Advanced Fertility Clinic - 5555\".'),(222,'2014-06-05 11:35:23',1,18,'9','20',1,''),(223,'2014-06-05 11:35:25',1,19,'6','простенький',1,''),(224,'2014-06-05 11:35:31',1,20,'2','test1',2,'Добавлен Ценник \"test1 - 2444\".'),(225,'2014-06-05 12:18:36',1,19,'7','Крутой аппарат2',1,''),(226,'2014-06-05 12:18:44',1,20,'3','test3',2,'Добавлен Ценник \"test3 - 23333\".'),(227,'2014-06-05 13:59:51',1,20,'3','test3',2,'Изменен geox и geoy.'),(228,'2014-06-05 14:00:20',1,20,'2','test1',2,'Изменен geox и geoy.'),(229,'2014-06-05 14:32:29',1,20,'1','Advanced Fertility Clinic',2,'Изменен geox и geoy.'),(230,'2014-06-06 13:27:49',1,20,'3','test3',2,'Изменен active.'),(231,'2014-06-06 13:27:53',1,20,'2','test1',2,'Изменен active.'),(232,'2014-06-06 14:58:29',1,18,'8','1.5',2,'Изменен value.'),(233,'2014-06-06 14:58:37',1,18,'10','3.0',1,''),(234,'2014-06-06 14:58:44',1,18,'9','16',2,'Изменен value.'),(235,'2014-06-06 14:58:51',1,18,'11','8',1,''),(236,'2014-06-06 14:58:56',1,18,'12','64',1,''),(237,'2014-06-06 15:05:35',1,19,'4','General ElectricMRT HI',2,'Изменен title и power.'),(238,'2014-06-06 15:05:53',1,19,'5','General ElectricMRT LOW',2,'Изменен title и power.'),(239,'2014-06-06 15:06:08',1,19,'6','General ElectricMRT MID',2,'Изменен title и power.'),(240,'2014-06-06 15:06:31',1,19,'7','Siemens MagnetomMRT HI',2,'Изменен title и power.'),(241,'2014-06-06 15:06:41',1,19,'8','Siemens MagnetomMRT LOW',1,''),(242,'2014-06-06 15:06:55',1,19,'9','Siemens MagnetomMRT MID',1,''),(243,'2014-06-06 15:07:08',1,19,'10','TOSHIBA ExcelartMRT MID',1,''),(244,'2014-06-06 15:07:21',1,19,'11','unknownMRT HI',1,''),(245,'2014-06-06 15:07:32',1,19,'12','unknownMRT LOW',1,''),(246,'2014-06-06 15:07:40',1,19,'13','unknownMRT MID',1,''),(247,'2014-06-06 15:08:08',1,19,'14','General ElectricKT HI',1,''),(248,'2014-06-06 15:08:19',1,19,'15','General ElectricKT LOW',1,''),(249,'2014-06-06 15:08:32',1,19,'16','General ElectricKT MID',1,''),(250,'2014-06-06 15:08:38',1,19,'17','Philips MID',1,''),(251,'2014-06-06 15:08:46',1,19,'18','PhilipsKT HI',1,''),(252,'2014-06-06 15:08:55',1,19,'19','SiemensKT HI',1,''),(253,'2014-06-06 15:09:03',1,19,'20','SiemensKT MID',1,''),(254,'2014-06-06 15:09:14',1,19,'21','ToshibaKT HI',1,''),(255,'2014-06-06 15:09:22',1,19,'22','ToshibaKT LOW',1,''),(256,'2014-06-06 15:09:31',1,19,'23','ToshibaKT MID',1,''),(257,'2014-06-06 15:09:40',1,19,'24','unknownKT HI',1,''),(258,'2014-06-06 15:09:46',1,19,'25','unknownKT LOW',1,''),(259,'2014-06-06 15:11:22',1,20,'1','МДЦ \"Рэмси Диагностика\"',2,'Изменен name,address и metro.'),(260,'2014-06-06 15:12:04',1,17,'69','Автово',3,''),(261,'2014-06-06 15:12:04',1,17,'68','Адмиралтейская',3,''),(262,'2014-06-06 15:12:04',1,17,'67','Академическая',3,''),(263,'2014-06-06 15:12:04',1,17,'66','Балтийская',3,''),(264,'2014-06-06 15:12:04',1,17,'65','Бухарестская',3,''),(265,'2014-06-06 15:12:04',1,17,'64','Василеостровская',3,''),(266,'2014-06-06 15:12:04',1,17,'63','Владимирская',3,''),(267,'2014-06-06 15:12:04',1,17,'62','Волковская',3,''),(268,'2014-06-06 15:12:04',1,17,'61','Выборгская',3,''),(269,'2014-06-06 15:12:04',1,17,'60','Горьковская',3,''),(270,'2014-06-06 15:12:04',1,17,'59','Гостиный двор',3,''),(271,'2014-06-06 15:12:04',1,17,'58','Гражданский проспект',3,''),(272,'2014-06-06 15:12:04',1,17,'57','Девяткино',3,''),(273,'2014-06-06 15:12:04',1,17,'56','Достоевская',3,''),(274,'2014-06-06 15:12:04',1,17,'55','Елизаровская',3,''),(275,'2014-06-06 15:12:04',1,17,'54','Звёздная',3,''),(276,'2014-06-06 15:12:04',1,17,'53','Звенигородская',3,''),(277,'2014-06-06 15:12:04',1,17,'52','Кировский завод',3,''),(278,'2014-06-06 15:12:04',1,17,'51','Комендантский проспект',3,''),(279,'2014-06-06 15:12:04',1,17,'50','Крестовский остров',3,''),(280,'2014-06-06 15:12:04',1,17,'49','Купчино',3,''),(281,'2014-06-06 15:12:04',1,17,'48','Ладожская',3,''),(282,'2014-06-06 15:12:04',1,17,'47','Ленинский проспект',3,''),(283,'2014-06-06 15:12:04',1,17,'46','Лесная',3,''),(284,'2014-06-06 15:12:04',1,17,'45','Лиговский проспект',3,''),(285,'2014-06-06 15:12:04',1,17,'44','Ломоносовская',3,''),(286,'2014-06-06 15:12:04',1,17,'43','Маяковская',3,''),(287,'2014-06-06 15:12:04',1,17,'42','Международная',3,''),(288,'2014-06-06 15:12:04',1,17,'41','Московская',3,''),(289,'2014-06-06 15:12:04',1,17,'40','Московские ворота',3,''),(290,'2014-06-06 15:12:04',1,17,'39','Нарвская',3,''),(291,'2014-06-06 15:12:04',1,17,'38','Невский проспект',3,''),(292,'2014-06-06 15:12:04',1,17,'37','Новочеркасская',3,''),(293,'2014-06-06 15:12:04',1,17,'36','Обводный канал',3,''),(294,'2014-06-06 15:12:04',1,17,'35','Обухово',3,''),(295,'2014-06-06 15:12:04',1,17,'34','Озерки',3,''),(296,'2014-06-06 15:12:04',1,17,'33','Парк Победы',3,''),(297,'2014-06-06 15:12:04',1,17,'32','Парнас',3,''),(298,'2014-06-06 15:12:04',1,17,'31','Петроградская',3,''),(299,'2014-06-06 15:12:04',1,17,'30','Пионерская',3,''),(300,'2014-06-06 15:12:04',1,17,'29','Площадь Александра Невского',3,''),(301,'2014-06-06 15:12:04',1,17,'28','Площадь Восстания',3,''),(302,'2014-06-06 15:12:04',1,17,'27','Площадь Ленина',3,''),(303,'2014-06-06 15:12:04',1,17,'26','Площадь Мужества',3,''),(304,'2014-06-06 15:12:04',1,17,'25','Политехническая',3,''),(305,'2014-06-06 15:12:04',1,17,'24','Приморская',3,''),(306,'2014-06-06 15:12:04',1,17,'23','Пролетарская',3,''),(307,'2014-06-06 15:12:04',1,17,'22','Проспект Большевиков',3,''),(308,'2014-06-06 15:12:04',1,17,'21','Проспект Ветеранов',3,''),(309,'2014-06-06 15:12:04',1,17,'20','Проспект Просвещения',3,''),(310,'2014-06-06 15:12:04',1,17,'19','Пушкинская',3,''),(311,'2014-06-06 15:12:04',1,17,'18','Рыбацкое',3,''),(312,'2014-06-06 15:12:04',1,17,'17','Садовая',3,''),(313,'2014-06-06 15:12:04',1,17,'16','Сенная площадь',3,''),(314,'2014-06-06 15:12:04',1,17,'15','Спасская',3,''),(315,'2014-06-06 15:12:04',1,17,'14','Спортивная',3,''),(316,'2014-06-06 15:12:04',1,17,'13','Старая Деревня',3,''),(317,'2014-06-06 15:12:04',1,17,'12','Технологический институт',3,''),(318,'2014-06-06 15:12:04',1,17,'11','Удельная',3,''),(319,'2014-06-06 15:12:04',1,17,'10','Улица Дыбенко',3,''),(320,'2014-06-06 15:12:04',1,17,'9','Фрунзенская',3,''),(321,'2014-06-06 15:12:04',1,17,'8','Чёрная речка',3,''),(322,'2014-06-06 15:12:04',1,17,'7','Чернышевская',3,''),(323,'2014-06-06 15:12:04',1,17,'6','Чкаловская',3,''),(324,'2014-06-06 15:12:04',1,17,'5','Электросила',3,''),(325,'2014-06-06 15:14:14',1,17,'70','Электросила',1,''),(326,'2014-06-06 15:14:20',1,17,'71','Чкаловская',1,''),(327,'2014-06-06 15:14:24',1,17,'72','Чернышевская',1,''),(328,'2014-06-06 15:14:29',1,17,'73','Чёрная речка',1,''),(329,'2014-06-06 15:14:32',1,17,'74','Фрунзенская',1,''),(330,'2014-06-06 15:14:36',1,17,'75','Улица Дыбенко',1,''),(331,'2014-06-06 15:14:40',1,17,'76','Удельная',1,''),(332,'2014-06-06 15:14:44',1,17,'77','Технологический институт',1,''),(333,'2014-06-06 15:14:47',1,17,'78','Старая Деревня',1,''),(334,'2014-06-06 15:14:51',1,17,'79','Спортивная',1,''),(335,'2014-06-06 15:14:55',1,17,'80','Спасская',1,''),(336,'2014-06-06 15:14:58',1,17,'81','Сенная площадь',1,''),(337,'2014-06-06 15:15:02',1,17,'82','Садовая',1,''),(338,'2014-06-06 15:15:05',1,17,'83','Рыбацкое',1,''),(339,'2014-06-06 15:15:08',1,17,'84','Пушкинская',1,''),(340,'2014-06-06 15:15:13',1,17,'85','Проспект Просвещения',1,''),(341,'2014-06-06 15:15:19',1,17,'86','Проспект Ветеранов',1,''),(342,'2014-06-06 15:15:37',1,17,'87','Проспект Большевиков',1,''),(343,'2014-06-06 15:15:41',1,17,'88','Пролетарская',1,''),(344,'2014-06-06 15:15:44',1,17,'89','Приморская',1,''),(345,'2014-06-06 15:15:48',1,17,'90','Политехническая',1,''),(346,'2014-06-06 15:15:51',1,17,'91','Площадь Мужества',1,''),(347,'2014-06-06 15:15:55',1,17,'92','Площадь Ленина',1,''),(348,'2014-06-06 15:15:58',1,17,'93','Площадь Восстания',1,''),(349,'2014-06-06 15:16:04',1,17,'94','Площадь Александра Невского',1,''),(350,'2014-06-06 15:16:07',1,17,'95','Пионерская',1,''),(351,'2014-06-06 15:16:11',1,17,'96','Петроградская',1,''),(352,'2014-06-06 15:16:14',1,17,'97','Парнас',1,''),(353,'2014-06-06 15:16:17',1,17,'98','Парк Победы',1,''),(354,'2014-06-06 15:16:21',1,17,'99','Озерки',1,''),(355,'2014-06-06 15:16:24',1,17,'100','Обухово',1,''),(356,'2014-06-06 15:16:27',1,17,'101','Обводный канал',1,''),(357,'2014-06-06 15:16:31',1,17,'102','Новочеркасская',1,''),(358,'2014-06-06 15:16:35',1,17,'103','Невский проспект',1,''),(359,'2014-06-06 15:16:38',1,17,'104','Нарвская',1,''),(360,'2014-06-06 15:16:41',1,17,'105','Московские ворота',1,''),(361,'2014-06-06 15:16:45',1,17,'106','Московская',1,''),(362,'2014-06-06 15:16:48',1,17,'107','Международная',1,''),(363,'2014-06-06 15:16:51',1,17,'108','Маяковская',1,''),(364,'2014-06-06 15:16:56',1,17,'109','Ломоносовская',1,''),(365,'2014-06-06 15:17:00',1,17,'110','Лиговский проспект',1,''),(366,'2014-06-06 15:17:04',1,17,'111','Лесная',1,''),(367,'2014-06-06 15:17:08',1,17,'112','Ленинский проспект',1,''),(368,'2014-06-06 15:17:12',1,17,'113','Ладожская',1,''),(369,'2014-06-06 15:17:15',1,17,'114','Купчино',1,''),(370,'2014-06-06 15:17:18',1,17,'115','Крестовский остров',1,''),(371,'2014-06-06 15:17:22',1,17,'116','Комендантский проспект',1,''),(372,'2014-06-06 15:17:25',1,17,'117','Кировский завод',1,''),(373,'2014-06-06 15:17:28',1,17,'118','Звенигородская',1,''),(374,'2014-06-06 15:17:31',1,17,'119','Звёздная',1,''),(375,'2014-06-06 15:17:35',1,17,'120','Елизаровская',1,''),(376,'2014-06-06 15:17:38',1,17,'121','Достоевская',1,''),(377,'2014-06-06 15:17:42',1,17,'122','Девяткино',1,''),(378,'2014-06-06 15:17:45',1,17,'123','Гражданский проспект',1,''),(379,'2014-06-06 15:17:48',1,17,'124','Гостиный двор',1,''),(380,'2014-06-06 15:17:52',1,17,'125','Горьковская',1,''),(381,'2014-06-06 15:17:55',1,17,'126','Выборгская',1,''),(382,'2014-06-06 15:17:58',1,17,'127','Волковская',1,''),(383,'2014-06-06 15:18:02',1,17,'128','Владимирская',1,''),(384,'2014-06-06 15:18:05',1,17,'129','Василеостровская',1,''),(385,'2014-06-06 15:18:09',1,17,'130','Бухарестская',1,''),(386,'2014-06-06 15:18:12',1,17,'131','Балтийская',1,''),(387,'2014-06-06 15:18:15',1,17,'132','Академическая',1,''),(388,'2014-06-06 15:18:18',1,17,'133','Адмиралтейская',1,''),(389,'2014-06-06 15:18:22',1,17,'134','Автово',1,''),(390,'2014-06-06 15:19:25',1,20,'1','МДЦ \"Рэмси Диагностика\"',2,'Изменен geox,geoy,site и info1.'),(391,'2014-06-06 15:20:06',1,20,'1','МДЦ \"Рэмси Диагностика\"',2,'Изменен metro.'),(392,'2014-06-06 15:28:47',1,20,'1','МДЦ \"Рэмси Диагностика\"',2,'Добавлен Ценник \"МДЦ \"Рэмси Диагностика\" - \". Изменены apparat,inspection,info и value для Ценник \"МДЦ \"Рэмси Диагностика\" - от 5000\". Удален Ценник \"МДЦ \"Рэмси Диагностика\" - от 67\".'),(393,'2014-06-06 15:28:58',1,20,'1','МДЦ \"Рэмси Диагностика\"',2,'Изменены value для Ценник \"МДЦ \"Рэмси Диагностика\" - от 6000\".'),(394,'2014-06-06 15:50:09',1,20,'1','МДЦ \"Рэмси Диагностика\"',2,'Ни одно поле не изменено.'),(395,'2014-06-06 15:55:47',1,21,'84','МРТ пальца',2,'Изменен active.'),(396,'2014-06-06 15:56:08',1,21,'84','МРТ пальца',3,''),(397,'2014-06-06 16:11:49',1,7,'1','a-mrt.ru',2,'Изменен domain и name.'),(398,'2014-06-06 16:15:00',1,4,'1','ak',2,'Изменен email.'),(399,'2014-06-06 16:18:48',1,4,'1','ak',2,'Изменен email.'),(400,'2014-06-06 16:21:19',1,20,'1','МДЦ \"Рэмси Диагностика\"',2,'Ни одно поле не изменено.'),(401,'2014-06-06 16:21:50',1,20,'1','МДЦ \"Рэмси Диагностика\"',2,'Изменен info1. Изменены apparat для Ценник \"МДЦ \"Рэмси Диагностика\" - от 6000\".'),(402,'2014-06-06 16:23:49',1,20,'4','МЦ \"МАРТ\"',1,''),(403,'2014-06-06 16:27:02',1,20,'4','МЦ \"МАРТ\"',2,'Изменен info1.'),(404,'2014-06-06 16:27:20',1,20,'4','МЦ \"МАРТ\"',2,'Ни одно поле не изменено.'),(405,'2014-06-06 16:27:47',1,20,'4','МЦ \"МАРТ\"',2,'Изменен info1.'),(406,'2014-06-06 16:30:25',1,4,'1','ak',2,'Изменен email.'),(407,'2014-06-06 16:39:12',1,30,'2','Счастливые часы на МРТ!',2,'Изменен image.'),(408,'2014-06-06 16:39:24',1,30,'1','Главная',2,'Изменен image.'),(409,'2014-06-06 16:39:30',1,30,'3','Прием врача до и после МРТ со скидкой 25%! ',2,'Изменен image.'),(410,'2014-06-06 16:40:23',1,30,'3','Прием врача до и после МРТ со скидкой 25%! ',2,'Изменен display.'),(411,'2014-06-06 16:40:23',1,30,'2','Счастливые часы на МРТ!',2,'Изменен display.'),(412,'2014-06-06 16:41:29',1,30,'1','АКЦИЯ! ПРИЕМ ВРАЧА ДО И ПОСЛЕ МРТ СО СКИДКОЙ 25%',2,'Изменен title,short,creation_date и due_date.'),(413,'2014-06-06 16:46:49',1,30,'1','АКЦИЯ! ПРИЕМ ВРАЧА ДО И ПОСЛЕ МРТ СО СКИДКОЙ 25%',2,'Изменен short.'),(414,'2014-06-06 16:47:57',1,30,'3','Прием врача до и после МРТ со скидкой 25%! ',2,'Изменен image.'),(415,'2014-06-06 16:48:11',1,30,'3','Прием врача до и после МРТ со скидкой 25%! ',2,'Изменен image.'),(416,'2014-06-06 16:50:25',1,30,'1','АКЦИЯ! ПРИЕМ ВРАЧА ДО И ПОСЛЕ МРТ СО СКИДКОЙ 25%',2,'Изменен image.'),(417,'2014-06-06 16:50:51',1,30,'1','АКЦИЯ! ПРИЕМ ВРАЧА ДО И ПОСЛЕ МРТ СО СКИДКОЙ 25%',2,'Изменен image.'),(418,'2014-06-06 16:51:52',1,30,'3','Прием врача до и после МРТ со скидкой 25%! ',2,'Изменен display.'),(419,'2014-06-06 16:52:33',1,30,'1','АКЦИЯ! ПРИЕМ ВРАЧА ДО И ПОСЛЕ МРТ СО СКИДКОЙ 25%',2,'Изменен image.'),(420,'2014-06-06 16:52:47',1,30,'3','Прием врача до и после МРТ со скидкой 25%! ',2,'Изменен display.'),(421,'2014-06-06 17:27:20',1,20,'1','МДЦ \"Рэмси Диагностика\"',2,'Изменен metro. Добавлен Ценник \"МДЦ \"Рэмси Диагностика\" - 454\". Добавлен Ценник \"МДЦ \"Рэмси Диагностика\" - 34534\".'),(422,'2014-06-06 17:27:48',1,20,'1','МДЦ \"Рэмси Диагностика\"',2,'Изменен metro. Добавлен Ценник \"МДЦ \"Рэмси Диагностика\" - 32434\".'),(423,'2014-06-06 18:11:03',1,21,'77','КТ сосудов',2,'Изменен body.'),(424,'2014-06-06 18:11:33',1,21,'74','КТ костей таза',2,'Изменен body.'),(425,'2014-06-06 18:37:36',1,20,'1','МДЦ \"Рэмси Диагностика\"',2,'Добавлен Ценник \"МДЦ \"Рэмси Диагностика\" - 657\". Добавлен Ценник \"МДЦ \"Рэмси Диагностика\" - 567\". Добавлен Ценник \"МДЦ \"Рэмси Диагностика\" - 56\". Добавлен Ценник \"МДЦ \"Рэмси Диагностика\" - 75\". Добавлен Ценник \"МДЦ \"Рэмси Диагностика\" - 7567\". Добавлен Ценник \"МДЦ \"Рэмси Диагностика\" - 56\". Добавлен Ценник \"МДЦ \"Рэмси Диагностика\" - 57\". Добавлен Ценник \"МДЦ \"Рэмси Диагностика\" - 5656\". Добавлен Ценник \"МДЦ \"Рэмси Диагностика\" - 56\". Изменены apparat,inspection,info и value для Ценник \"МДЦ \"Рэмси Диагностика\" - от 2200\". Изменены apparat и inspection для Ценник \"МДЦ \"Рэмси Диагностика\" - от 6000\". Изменены apparat и inspection для Ценник \"МДЦ \"Рэмси Диагностика\" - 454\". Изменены inspection для Ценник \"МДЦ \"Рэмси Диагностика\" - 34534\". Изменены inspection для Ценник \"МДЦ \"Рэмси Диагностика\" - 32434\".'),(426,'2014-06-06 18:40:47',1,12,'1','(TextBlock) <a href=\"tel:+781240...',2,'Изменен text.'),(427,'2014-06-06 18:43:04',1,20,'1','МДЦ \"Рэмси Диагностика\"',2,'Добавлен Ценник \"МДЦ \"Рэмси Диагностика\" - 56\". Добавлен Ценник \"МДЦ \"Рэмси Диагностика\" - 456\". Добавлен Ценник \"МДЦ \"Рэмси Диагностика\" - 45\". Добавлен Ценник \"МДЦ \"Рэмси Диагностика\" - 45\". Добавлен Ценник \"МДЦ \"Рэмси Диагностика\" - 456\". Добавлен Ценник \"МДЦ \"Рэмси Диагностика\" - 45\". Добавлен Ценник \"МДЦ \"Рэмси Диагностика\" - 46\". Добавлен Ценник \"МДЦ \"Рэмси Диагностика\" - 456\". Добавлен Ценник \"МДЦ \"Рэмси Диагностика\" - 456\". Добавлен Ценник \"МДЦ \"Рэмси Диагностика\" - 46\".'),(428,'2014-06-06 18:44:35',1,20,'1','МДЦ \"Рэмси Диагностика\"',2,'Добавлен Ценник \"МДЦ \"Рэмси Диагностика\" - 524\". Добавлен Ценник \"МДЦ \"Рэмси Диагностика\" - 45\". Добавлен Ценник \"МДЦ \"Рэмси Диагностика\" - 45\". Добавлен Ценник \"МДЦ \"Рэмси Диагностика\" - 45\". Добавлен Ценник \"МДЦ \"Рэмси Диагностика\" - 45\". Добавлен Ценник \"МДЦ \"Рэмси Диагностика\" - 45\". Добавлен Ценник \"МДЦ \"Рэмси Диагностика\" - 456\". Добавлен Ценник \"МДЦ \"Рэмси Диагностика\" - 456\". Добавлен Ценник \"МДЦ \"Рэмси Диагностика\" - 456\". Добавлен Ценник \"МДЦ \"Рэмси Диагностика\" - 456\".'),(429,'2014-06-06 18:46:42',1,20,'1','МДЦ \"Рэмси Диагностика\"',2,'Изменен metro.'),(430,'2014-06-06 18:47:26',1,14,'4','(TitleAndTextBlock) footer_block',2,'Изменен title и text.'),(431,'2014-06-06 18:53:39',1,14,'4','(TitleAndTextBlock) footer_block',2,'Ни одно поле не изменено.'),(432,'2014-06-06 19:05:28',1,20,'1','МДЦ \"Рэмси Диагностика\"',2,'Изменены apparat для Ценник \"МДЦ \"Рэмси Диагностика\" - 34534\". Изменены apparat для Ценник \"МДЦ \"Рэмси Диагностика\" - 32434\". Изменены apparat для Ценник \"МДЦ \"Рэмси Диагностика\" - 657\". Изменены apparat для Ценник \"МДЦ \"Рэмси Диагностика\" - 567\". Изменены apparat для Ценник \"МДЦ \"Рэмси Диагностика\" - 75\". Изменены apparat для Ценник \"МДЦ \"Рэмси Диагностика\" - 56\". Изменены apparat для Ценник \"МДЦ \"Рэмси Диагностика\" - 57\". Изменены apparat для Ценник \"МДЦ \"Рэмси Диагностика\" - 5656\". Изменены apparat для Ценник \"МДЦ \"Рэмси Диагностика\" - 56\". Изменены apparat для Ценник \"МДЦ \"Рэмси Диагностика\" - 56\". Изменены apparat для Ценник \"МДЦ \"Рэмси Диагностика\" - 456\". Изменены apparat для Ценник \"МДЦ \"Рэмси Диагностика\" - 45\". Изменены apparat для Ценник \"МДЦ \"Рэмси Диагностика\" - 45\". Изменены apparat для Ценник \"МДЦ \"Рэмси Диагностика\" - 46\". Изменены apparat для Ценник \"МДЦ \"Рэмси Диагностика\" - 456\". Изменены apparat для Ценник \"МДЦ \"Рэмси Диагностика\" - 456\". Изменены apparat для Ценник \"МДЦ \"Рэмси Диагностика\" - 46\". Изменены apparat для Ценник \"МДЦ \"Рэмси Диагностика\" - 45\". Изменены apparat для Ценник \"МДЦ \"Рэмси Диагностика\" - 45\". Изменены apparat для Ценник \"МДЦ \"Рэмси Диагностика\" - 45\". Изменены apparat для Ценник \"МДЦ \"Рэмси Диагностика\" - 45\". Изменены apparat для Ценник \"МДЦ \"Рэмси Диагностика\" - 45\". Изменены apparat для Ценник \"МДЦ \"Рэмси Диагностика\" - 456\". Изменены apparat для Ценник \"МДЦ \"Рэмси Диагностика\" - 456\". Изменены apparat для Ценник \"МДЦ \"Рэмси Диагностика\" - 456\". Изменены apparat для Ценник \"МДЦ \"Рэмси Диагностика\" - 456\".'),(433,'2014-06-06 19:07:18',1,20,'1','МДЦ \"Рэмси Диагностика\"',2,'Изменены apparat для Ценник \"МДЦ \"Рэмси Диагностика\" - 34534\".'),(434,'2014-06-06 19:22:04',1,20,'5','ЛДЦ МИБС им. Березина',1,''),(435,'2014-06-06 19:26:17',1,20,'5','ЛДЦ МИБС им. Березина',2,'Добавлен Ценник \"ЛДЦ МИБС им. Березина - 45\". Добавлен Ценник \"ЛДЦ МИБС им. Березина - 45\". Добавлен Ценник \"ЛДЦ МИБС им. Березина - 45\". Добавлен Ценник \"ЛДЦ МИБС им. Березина - 54645\". Добавлен Ценник \"ЛДЦ МИБС им. Березина - 456\". Добавлен Ценник \"ЛДЦ МИБС им. Березина - 456\". Добавлен Ценник \"ЛДЦ МИБС им. Березина - 456\". Добавлен Ценник \"ЛДЦ МИБС им. Березина - 456\". Добавлен Ценник \"ЛДЦ МИБС им. Березина - 456\". Добавлен Ценник \"ЛДЦ МИБС им. Березина - 456\". Добавлен Ценник \"ЛДЦ МИБС им. Березина - 456\". Добавлен Ценник \"ЛДЦ МИБС им. Березина - 456\". Добавлен Ценник \"ЛДЦ МИБС им. Березина - 54\". Добавлен Ценник \"ЛДЦ МИБС им. Березина - 456\". Добавлен Ценник \"ЛДЦ МИБС им. Березина - 546\". Добавлен Ценник \"ЛДЦ МИБС им. Березина - 456\". Добавлен Ценник \"ЛДЦ МИБС им. Березина - 456\". Добавлен Ценник \"ЛДЦ МИБС им. Березина - 456\". Добавлен Ценник \"ЛДЦ МИБС им. Березина - 456\". Добавлен Ценник \"ЛДЦ МИБС им. Березина - 456\".'),(436,'2014-06-06 19:29:30',1,20,'5','ЛДЦ МИБС им. Березина',2,'Добавлен Ценник \"ЛДЦ МИБС им. Березина - \". Добавлен Ценник \"ЛДЦ МИБС им. Березина - \". Добавлен Ценник \"ЛДЦ МИБС им. Березина - \". Добавлен Ценник \"ЛДЦ МИБС им. Березина - \". Добавлен Ценник \"ЛДЦ МИБС им. Березина - \". Добавлен Ценник \"ЛДЦ МИБС им. Березина - \". Добавлен Ценник \"ЛДЦ МИБС им. Березина - \". Добавлен Ценник \"ЛДЦ МИБС им. Березина - \". Добавлен Ценник \"ЛДЦ МИБС им. Березина - \". Добавлен Ценник \"ЛДЦ МИБС им. Березина - \". Добавлен Ценник \"ЛДЦ МИБС им. Березина - \". Добавлен Ценник \"ЛДЦ МИБС им. Березина - \". Добавлен Ценник \"ЛДЦ МИБС им. Березина - \". Добавлен Ценник \"ЛДЦ МИБС им. Березина - \". Добавлен Ценник \"ЛДЦ МИБС им. Березина - \". Добавлен Ценник \"ЛДЦ МИБС им. Березина - \". Добавлен Ценник \"ЛДЦ МИБС им. Березина - \".'),(437,'2014-06-06 19:30:49',1,20,'5','ЛДЦ МИБС им. Березина',2,'Изменены apparat для Ценник \"ЛДЦ МИБС им. Березина - 45\". Изменены apparat для Ценник \"ЛДЦ МИБС им. Березина - 45\". Изменены apparat для Ценник \"ЛДЦ МИБС им. Березина - 45\". Изменены apparat для Ценник \"ЛДЦ МИБС им. Березина - 54645\". Изменены apparat для Ценник \"ЛДЦ МИБС им. Березина - 456\". Изменены apparat для Ценник \"ЛДЦ МИБС им. Березина - 456\". Изменены apparat для Ценник \"ЛДЦ МИБС им. Березина - 456\". Изменены apparat для Ценник \"ЛДЦ МИБС им. Березина - 456\". Изменены apparat для Ценник \"ЛДЦ МИБС им. Березина - 456\". Изменены apparat для Ценник \"ЛДЦ МИБС им. Березина - 456\". Изменены apparat для Ценник \"ЛДЦ МИБС им. Березина - 456\". Изменены apparat для Ценник \"ЛДЦ МИБС им. Березина - 456\". Изменены apparat для Ценник \"ЛДЦ МИБС им. Березина - 54\". Изменены apparat для Ценник \"ЛДЦ МИБС им. Березина - 456\". Изменены apparat для Ценник \"ЛДЦ МИБС им. Березина - 546\". Изменены apparat для Ценник \"ЛДЦ МИБС им. Березина - 456\". Изменены apparat для Ценник \"ЛДЦ МИБС им. Березина - 456\". Изменены apparat для Ценник \"ЛДЦ МИБС им. Березина - \". Изменены apparat для Ценник \"ЛДЦ МИБС им. Березина - \". Изменены apparat для Ценник \"ЛДЦ МИБС им. Березина - \". Изменены apparat для Ценник \"ЛДЦ МИБС им. Березина - \". Изменены apparat для Ценник \"ЛДЦ МИБС им. Березина - \". Изменены apparat для Ценник \"ЛДЦ МИБС им. Березина - \". Изменены apparat для Ценник \"ЛДЦ МИБС им. Березина - \". Изменены apparat для Ценник \"ЛДЦ МИБС им. Березина - \". Изменены apparat для Ценник \"ЛДЦ МИБС им. Березина - \". Изменены apparat для Ценник \"ЛДЦ МИБС им. Березина - \". Изменены apparat для Ценник \"ЛДЦ МИБС им. Березина - \". Изменены apparat для Ценник \"ЛДЦ МИБС им. Березина - \". Изменены apparat для Ценник \"ЛДЦ МИБС им. Березина - \". Изменены apparat для Ценник \"ЛДЦ МИБС им. Березина - \". Изменены apparat для Ценник \"ЛДЦ МИБС им. Березина - \". Изменены apparat для Ценник \"ЛДЦ МИБС им. Березина - \". Изменены apparat для Ценник \"ЛДЦ МИБС им. Березина - \".'),(438,'2014-06-06 19:33:11',1,20,'5','ЛДЦ МИБС им. Березина',2,'Изменены value для Ценник \"ЛДЦ МИБС им. Березина - от 2600 без контраста <br> от 4000 с контрасторм\".'),(439,'2014-06-06 19:34:50',1,20,'5','ЛДЦ МИБС им. Березина',2,'Изменены value для Ценник \"ЛДЦ МИБС им. Березина - без контраста от 2600 р.  <br> с контрастом от 4000\".'),(440,'2014-06-06 19:42:29',1,20,'5','ЛДЦ МИБС им. Березина',2,'Изменены value для Ценник \"ЛДЦ МИБС им. Березина - от 2600\". Изменены value для Ценник \"ЛДЦ МИБС им. Березина - от 2700\". Изменены value для Ценник \"ЛДЦ МИБС им. Березина - от 2600\". Изменены value для Ценник \"ЛДЦ МИБС им. Березина - от 2600\". Изменены value для Ценник \"ЛДЦ МИБС им. Березина - от 2800\". Изменены value для Ценник \"ЛДЦ МИБС им. Березина - уточняйте по тел.\". Изменены value для Ценник \"ЛДЦ МИБС им. Березина - от 1600\". Изменены value для Ценник \"ЛДЦ МИБС им. Березина - от 2600\". Изменены value для Ценник \"ЛДЦ МИБС им. Березина - от 3600\". Изменены value для Ценник \"ЛДЦ МИБС им. Березина - уточняйте по тел.\". Изменены value для Ценник \"ЛДЦ МИБС им. Березина - от 2600\". Изменены value для Ценник \"ЛДЦ МИБС им. Березина - от 2900\". Изменены value для Ценник \"ЛДЦ МИБС им. Березина - от 2600\". Изменены value для Ценник \"ЛДЦ МИБС им. Березина - от 4600\". Изменены value для Ценник \"ЛДЦ МИБС им. Березина - от 2800\". Изменены value для Ценник \"ЛДЦ МИБС им. Березина - от 2600\". Изменены value для Ценник \"ЛДЦ МИБС им. Березина - от 3200\". Изменены value для Ценник \"ЛДЦ МИБС им. Березина - от 2600\". Изменены value для Ценник \"ЛДЦ МИБС им. Березина - от 2700\". Изменены value для Ценник \"ЛДЦ МИБС им. Березина - от 2800\". Изменены value для Ценник \"ЛДЦ МИБС им. Березина - от 2900\". Изменены value для Ценник \"ЛДЦ МИБС им. Березина - от 2950\". Изменены value для Ценник \"ЛДЦ МИБС им. Березина - от 2800\". Изменены value для Ценник \"ЛДЦ МИБС им. Березина - от 2900\". Изменены value для Ценник \"ЛДЦ МИБС им. Березина - от 3200\". Изменены value для Ценник \"ЛДЦ МИБС им. Березина - от 2700\". Изменены value для Ценник \"ЛДЦ МИБС им. Березина - от 2600\". Изменены value для Ценник \"ЛДЦ МИБС им. Березина - от 2600\". Изменены value для Ценник \"ЛДЦ МИБС им. Березина - от 2700\". Изменены value для Ценник \"ЛДЦ МИБС им. Березина - от 2600\". Изменены value для Ценник \"ЛДЦ МИБС им. Березина - от 6500\". Изменены value для Ценник \"ЛДЦ МИБС им. Березина - от 6100\". Изменены value для Ценник \"ЛДЦ МИБС им. Березина - от 6100\". Изменены value для Ценник \"ЛДЦ МИБС им. Березина - от 10500\". Изменены value для Ценник \"ЛДЦ МИБС им. Березина - от 6500\". Изменены value для Ценник \"ЛДЦ МИБС им. Березина - от 6700\".'),(441,'2014-06-06 19:48:35',1,16,'1','(BannerBlock) первый',2,'Изменен title,text и period.'),(442,'2014-06-06 19:49:18',1,20,'1','МДЦ \"Рэмси Диагностика\"',2,'Изменены value для Ценник \"МДЦ \"Рэмси Диагностика\" - от 2600\". Изменены value для Ценник \"МДЦ \"Рэмси Диагностика\" - от 2600\". Изменены value для Ценник \"МДЦ \"Рэмси Диагностика\" - от 2790\". Изменены value для Ценник \"МДЦ \"Рэмси Диагностика\" - от 2200\". Изменены value для Ценник \"МДЦ \"Рэмси Диагностика\" - от 2600\". Изменены value для Ценник \"МДЦ \"Рэмси Диагностика\" - от 2600\". Изменены value для Ценник \"МДЦ \"Рэмси Диагностика\" - от 2650\". Изменены value для Ценник \"МДЦ \"Рэмси Диагностика\" - от 3300\". Изменены value для Ценник \"МДЦ \"Рэмси Диагностика\" - от 3300\". Изменены value для Ценник \"МДЦ \"Рэмси Диагностика\" - уточняйте по тел.\". Изменены value для Ценник \"МДЦ \"Рэмси Диагностика\" - от 3300\". Изменены value для Ценник \"МДЦ \"Рэмси Диагностика\" - от 4600\". Изменены value для Ценник \"МДЦ \"Рэмси Диагностика\" - от 3400\". Изменены value для Ценник \"МДЦ \"Рэмси Диагностика\" - от 6600\". Изменены value для Ценник \"МДЦ \"Рэмси Диагностика\" - уточняйте по тел.\". Изменены value для Ценник \"МДЦ \"Рэмси Диагностика\" - уточняйте по тел.\". Изменены value для Ценник \"МДЦ \"Рэмси Диагностика\" - от 3400\". Изменены value для Ценник \"МДЦ \"Рэмси Диагностика\" - от 3300\". Изменены value для Ценник \"МДЦ \"Рэмси Диагностика\" - от 5600\". Изменены value для Ценник \"МДЦ \"Рэмси Диагностика\" - от 3440\". Изменены value для Ценник \"МДЦ \"Рэмси Диагностика\" - от 4100\". Изменены value для Ценник \"МДЦ \"Рэмси Диагностика\" - от 5400\". Изменены value для Ценник \"МДЦ \"Рэмси Диагностика\" - от 4460\". Изменены value для Ценник \"МДЦ \"Рэмси Диагностика\" - от 3500\". Изменены value для Ценник \"МДЦ \"Рэмси Диагностика\" - от 3530\". Изменены value для Ценник \"МДЦ \"Рэмси Диагностика\" - от 3700\". Изменены value для Ценник \"МДЦ \"Рэмси Диагностика\" - от 3730\". Изменены value для Ценник \"МДЦ \"Рэмси Диагностика\" - от 3400\". Изменены value для Ценник \"МДЦ \"Рэмси Диагностика\" - от 3400\". Изменены value для Ценник \"МДЦ \"Рэмси Диагностика\" - уточняйте по тел.\". Изменены value для Ценник \"МДЦ \"Рэмси Диагностика\" - от 9800\". Изменены value для Ценник \"МДЦ \"Рэмси Диагностика\" - от 9800\". Изменены value для Ценник \"МДЦ \"Рэмси Диагностика\" - уточняйте по тел.\".'),(443,'2014-06-06 19:49:36',1,20,'1','МДЦ \"Рэмси Диагностика\"',2,'Изменены value для Ценник \"МДЦ \"Рэмси Диагностика\" - уточняйте по тел.\".'),(444,'2014-06-06 19:50:11',1,20,'1','МДЦ \"Рэмси Диагностика\"',2,'Изменен metro.'),(445,'2014-06-06 19:50:18',1,20,'5','ЛДЦ МИБС им. Березина',2,'Изменен metro.'),(446,'2014-06-06 19:57:00',1,20,'5','ЛДЦ МИБС им. Березина',2,'Изменен metro.'),(447,'2014-06-06 19:57:31',1,20,'1','МДЦ \"Рэмси Диагностика\"',2,'Изменен metro.'),(448,'2014-06-06 19:57:50',1,16,'1','(BannerBlock) первый',2,'Изменен period.'),(449,'2014-06-06 19:59:13',1,30,'1','АКЦИЯ! ПРИЕМ ВРАЧА ДО И ПОСЛЕ МРТ СО СКИДКОЙ 25%',2,'Изменен short.'),(450,'2014-06-06 19:59:35',1,16,'1','(BannerBlock) первый',2,'Изменен text.'),(451,'2014-06-06 19:59:43',1,16,'1','(BannerBlock) первый',2,'Ни одно поле не изменено.'),(452,'2014-06-06 20:08:51',1,14,'1','(TitleAndTextBlock) Основное отличие КТ и МРТ',2,'Изменен title.'),(453,'2014-06-06 20:11:53',1,20,'1','МДЦ \"Рэмси Диагностика\"',2,'Изменены apparat для Ценник \"МДЦ \"Рэмси Диагностика\" - от 2600\". Изменены apparat для Ценник \"МДЦ \"Рэмси Диагностика\" - от 2790\".'),(454,'2014-06-06 20:12:21',1,20,'5','ЛДЦ МИБС им. Березина',2,'Изменены apparat для Ценник \"ЛДЦ МИБС им. Березина - от 2600\". Изменены apparat для Ценник \"ЛДЦ МИБС им. Березина - от 2700\".'),(455,'2014-06-06 20:12:45',1,19,'17','PhilipsKT MID',2,'Изменен title.'),(456,'2014-06-07 08:23:30',1,21,'10','МРТ позвоночника',2,'Изменен body.'),(457,'2014-06-07 08:38:31',1,21,'4','МРТ головы',2,'Изменен body.'),(458,'2014-06-09 09:46:47',1,14,'4','(TitleAndTextBlock) footer_block',2,'Изменен text.'),(459,'2014-06-09 13:49:55',1,21,'83','КТ-ангиография сосудов конечностей',2,'Изменен body.'),(460,'2014-06-09 13:50:02',1,21,'82','КТ брюшной аорты и ее ветвей',2,'Изменен body.'),(461,'2014-06-09 13:50:09',1,21,'81','КТ-коронарография',2,'Изменен body.'),(462,'2014-06-09 13:50:16',1,21,'80','КТ грудной аорты и легочной артерии',2,'Изменен body.'),(463,'2014-06-09 13:50:23',1,21,'79','КТ-ангиография сосудов шеи',2,'Изменен body.'),(464,'2014-06-09 13:50:30',1,21,'78','КТ-ангиография сосудов головного мозга',2,'Изменен body.'),(465,'2014-06-09 13:50:42',1,21,'77','КТ сосудов',2,'Изменен body.'),(466,'2014-06-09 13:50:48',1,21,'76','КТ костей голени',2,'Изменен body.'),(467,'2014-06-09 13:50:55',1,21,'75','КТ бедренной кости',2,'Изменен body.'),(468,'2014-06-09 13:51:02',1,21,'74','КТ костей таза',2,'Изменен body.'),(469,'2014-06-09 13:51:08',1,21,'73','КТ плечевой кости',2,'Изменен body.'),(470,'2014-06-09 13:51:14',1,21,'72','КТ костей лицевого черепа',2,'Изменен body.'),(471,'2014-06-09 13:51:25',1,21,'71','КТ височных костей',2,'Изменен body.'),(472,'2014-06-09 13:51:31',1,21,'70','КТ стопы',2,'Изменен body.'),(473,'2014-06-09 13:51:36',1,21,'69','КТ голеностопного сустава',2,'Изменен body.'),(474,'2014-06-09 13:51:41',1,21,'68','КТ коленного сустава',2,'Изменен body.'),(475,'2014-06-09 13:51:49',1,21,'67','КТ тазобедренного сустава',2,'Изменен body.'),(476,'2014-06-09 13:51:55',1,21,'66','КТ кисти',2,'Изменен body.'),(477,'2014-06-09 13:52:01',1,21,'65','КТ лучезапястного сустава',2,'Изменен body.'),(478,'2014-06-09 13:52:07',1,21,'64','КТ локтевого сустава',2,'Изменен body.'),(479,'2014-06-09 13:52:20',1,21,'63','КТ ключицы',2,'Изменен body.'),(480,'2014-06-09 13:52:28',1,21,'62','КТ плечевого сустава',2,'Изменен body.'),(481,'2014-06-09 13:52:37',1,21,'61','КТ челюсти',2,'Изменен body.'),(482,'2014-06-09 13:52:46',1,21,'60','КТ суставов и костей',2,'Изменен body.'),(483,'2014-06-09 13:52:54',1,21,'59','КТ-виртуальная колоноскопия',2,'Изменен body.'),(484,'2014-06-09 13:53:01',1,21,'58','КТ органов малого таза',2,'Изменен body.'),(485,'2014-06-09 13:53:11',1,21,'58','КТ органов малого таза',2,'Ни одно поле не изменено.'),(486,'2014-06-09 13:53:23',1,21,'57','КТ органов забрюшинного пространства',2,'Изменен body.'),(487,'2014-06-09 13:53:30',1,21,'56','КТ органов брюшной полости',2,'Изменен body.'),(488,'2014-06-09 13:53:39',1,21,'55','КТ-виртуальная бронхоскопия',2,'Изменен body.'),(489,'2014-06-09 13:54:21',1,21,'54','КТ органов грудной клетки и легких',2,'Изменен body.'),(490,'2014-06-09 13:54:42',1,21,'53','КТ мягких тканей и органов шеи',2,'Изменен body.'),(491,'2014-06-09 13:54:51',1,21,'51','КТ копчиковой области',2,'Изменен body.'),(492,'2014-06-09 13:55:00',1,21,'50','КТ крестцово-повздошных сочленений',2,'Изменен body.'),(493,'2014-06-09 13:55:10',1,21,'49','КТ пояснично-крестцового отдела',2,'Изменен body.'),(494,'2014-06-09 13:55:17',1,21,'48','КТ грудного отдела',2,'Изменен body.'),(495,'2014-06-09 13:55:33',1,21,'48','КТ грудного отдела',2,'Ни одно поле не изменено.'),(496,'2014-06-09 13:55:41',1,21,'47','КТ шейного отдела',2,'Изменен body.'),(497,'2014-06-09 13:55:50',1,21,'46','КТ позвоночника',2,'Изменен body.'),(498,'2014-06-09 13:55:56',1,21,'45','КТ головного мозга',2,'Изменен body.'),(499,'2014-06-09 13:56:10',1,21,'44','МРТ сосудов конечностей',2,'Изменен body.'),(500,'2014-06-09 13:56:25',1,21,'41','МРТ грудного отдела аорты',2,'Изменен body.'),(501,'2014-06-09 13:56:34',1,21,'40','МРТ подключичных артерий',2,'Изменен body.'),(502,'2014-06-09 13:56:51',1,21,'39','МРТ сосудов шеи',2,'Изменен body.'),(503,'2014-06-09 13:56:58',1,21,'38','МРТ сосудов головного мозга',2,'Изменен body.'),(504,'2014-06-09 13:57:06',1,21,'37','МРТ сосудов',2,'Изменен body.'),(505,'2014-06-09 13:57:12',1,21,'36','МРТ стопы',2,'Изменен body.'),(506,'2014-06-09 13:57:21',1,21,'35','МРТ голеностопного сустава',2,'Изменен body.'),(507,'2014-06-09 13:57:32',1,21,'34','МРТ коленного сустава',2,'Изменен body.'),(508,'2014-06-09 13:57:39',1,21,'33','МРТ тазобедренного сустава',2,'Изменен body.'),(509,'2014-06-09 13:57:52',1,21,'32','МРТ кисти',2,'Изменен body.'),(510,'2014-06-09 13:58:01',1,21,'31','МРТ лучезапястного сустава',2,'Изменен body.'),(511,'2014-06-09 13:58:09',1,21,'29','МРТ плечевого сустава',2,'Изменен body.'),(512,'2014-06-09 13:58:33',1,21,'28','МРТ височно-нижнечелюстного сустава',2,'Изменен body.'),(513,'2014-06-09 13:58:43',1,21,'27','МРТ суставов',2,'Изменен body.'),(514,'2014-06-09 13:58:51',1,21,'26','МРТ тканей конечности',2,'Изменен body.'),(515,'2014-06-09 13:59:00',1,21,'25','МРТ мягких тканей и органов шеи',2,'Изменен body.'),(516,'2014-06-09 13:59:10',1,21,'24','МРТ мягких тканей',2,'Изменен body.'),(517,'2014-06-09 13:59:29',1,21,'23','МРТ кишечника',2,'Изменен body.'),(518,'2014-06-09 13:59:37',1,21,'22','МРТ органов малого таза',2,'Изменен body.'),(519,'2014-06-09 13:59:45',1,21,'21','МР-холангиография',2,'Изменен body.'),(520,'2014-06-09 14:00:06',1,21,'2','КТ глазных орбит',2,'Изменен body.'),(521,'2014-06-09 14:00:13',1,21,'3','КТ пазух носа',2,'Изменен body.'),(522,'2014-06-09 14:00:33',1,21,'4','МРТ головы',2,'Изменен body.'),(523,'2014-06-09 14:00:41',1,21,'6','МРТ головного мозга',2,'Изменен body.'),(524,'2014-06-09 14:00:50',1,21,'7','МРТ гипофиза',2,'Изменен body.'),(525,'2014-06-09 14:00:58',1,21,'8','МРТ глазных орбит',2,'Изменен body.'),(526,'2014-06-09 14:01:07',1,21,'9','МРТ пазух носа',2,'Изменен body.'),(527,'2014-06-09 14:01:13',1,21,'10','МРТ позвоночника',2,'Ни одно поле не изменено.'),(528,'2014-06-09 14:01:13',1,21,'10','МРТ позвоночника',2,'Ни одно поле не изменено.'),(529,'2014-06-09 14:01:59',1,21,'11','МРТ шейного отдела',2,'Изменен body.'),(530,'2014-06-09 14:02:08',1,21,'12','МРТ грудного отдела',2,'Изменен body.'),(531,'2014-06-09 14:03:09',1,21,'7','МРТ гипофиза',2,'Ни одно поле не изменено.'),(532,'2014-06-09 14:29:41',1,21,'16','МРТ внутренних органов',2,'Изменен body.'),(533,'2014-06-09 14:30:17',1,21,'17','МРТ органов грудной клетки и средостения',2,'Изменен body.'),(534,'2014-06-09 14:30:31',1,21,'18','МРТ молочной железы',2,'Изменен body.'),(535,'2014-06-09 14:30:46',1,21,'15','МРТ копчиковой области',2,'Изменен body.'),(536,'2014-06-09 14:31:13',1,21,'20','МРТ органов забрюшинного пространства',2,'Изменен body.'),(537,'2014-06-09 14:31:21',1,21,'19','МРТ органов брюшной полости',2,'Изменен body.'),(538,'2014-06-09 14:31:54',1,21,'17','МРТ органов грудной клетки и средостения',2,'Ни одно поле не изменено.'),(539,'2014-06-09 14:32:08',1,21,'13','МРТ пояснично-крестцового отдела',2,'Изменен body.'),(540,'2014-06-09 14:32:43',1,21,'14','МРТ крестцово-подвздошных сочленений',2,'Изменен body.'),(541,'2014-06-09 14:33:25',1,21,'30','МРТ локтевого сустава',2,'Изменен body.'),(542,'2014-06-09 14:33:51',1,21,'42','МРТ брюшного отдела аорты',2,'Изменен body.'),(543,'2014-06-09 14:34:16',1,21,'43','МРТ сосудов малого таза',2,'Изменен body.'),(544,'2014-06-10 13:21:37',1,20,'3','test3',2,'Изменен active и metro.'),(545,'2014-06-10 13:22:09',1,20,'3','test3',2,'Изменены value для Ценник \"test3 - 77777777777\".'),(546,'2014-06-10 17:44:57',1,20,'3','test3',2,'Изменен active.'),(547,'2014-06-10 17:46:37',1,20,'3','test3',2,'Изменен active.'),(548,'2014-06-10 17:59:14',1,20,'3','test3',2,'Изменен active.'),(549,'2014-06-10 19:36:33',1,14,'4','(TitleAndTextBlock) footer_block',2,'Изменен text.'),(550,'2014-06-10 19:37:13',1,14,'4','(TitleAndTextBlock) footer_block',2,'Изменен text.'),(551,'2014-06-10 20:06:29',1,23,'1','/',1,''),(552,'2014-06-10 20:08:43',1,26,'1','home',1,''),(553,'2014-06-10 20:09:04',1,23,'1','/',2,'Изменен title.'),(554,'2014-06-10 20:10:56',1,23,'1','/',2,'Изменен description и keywords.'),(555,'2014-06-10 20:11:25',1,23,'1','/',2,'Изменен description и keywords.'),(556,'2014-06-10 20:16:15',1,14,'5','(TitleAndTextBlock) <meta name=\'yandex-verification\' content=\'46359c4453d90b91\' />',2,'Изменен title.'),(557,'2014-06-10 20:16:49',1,14,'5','(TitleAndTextBlock) yandex-verification',2,'Изменен title и text.'),(558,'2014-06-10 20:17:42',1,14,'6','(TitleAndTextBlock) google-site-verification',1,''),(559,'2014-06-10 20:18:17',1,14,'6','(TitleAndTextBlock) google-site-verification',2,'Ни одно поле не изменено.'),(560,'2014-06-10 20:22:47',1,14,'5','(TitleAndTextBlock) yandex-verification',2,'Изменен text.'),(561,'2014-06-10 20:23:09',1,14,'6','(TitleAndTextBlock) google-site-verification',3,''),(562,'2014-06-10 20:23:20',1,14,'5','(TitleAndTextBlock) yandex-google-verification',2,'Изменен title.'),(563,'2014-06-10 21:16:45',1,18,'12','64',2,'Изменен ordering.'),(564,'2014-06-10 21:16:51',1,18,'11','8',2,'Изменен ordering.'),(565,'2014-06-10 21:16:56',1,18,'9','16',2,'Изменен ordering.'),(566,'2014-06-10 22:33:46',1,23,'1','/',2,'Ни одно поле не изменено.'),(567,'2014-06-10 22:34:28',1,23,'2','/event',1,''),(568,'2014-06-10 22:34:57',1,23,'2','/event/',2,'Изменен _path.'),(569,'2014-06-10 22:37:19',1,23,'1','/',2,'Изменен description.'),(570,'2014-06-10 22:37:30',1,23,'1','/',2,'Ни одно поле не изменено.'),(571,'2014-06-10 22:37:41',1,23,'2','/event/',2,'Изменен description.'),(572,'2014-06-10 22:45:22',1,16,'1','(BannerBlock) первый',2,'Изменен text.'),(573,'2014-06-10 22:47:20',1,16,'1','(BannerBlock) первый',2,'Изменен text.'),(574,'2014-06-10 22:47:39',1,16,'1','(BannerBlock) первый',2,'Изменен text.'),(575,'2014-06-10 22:48:06',1,16,'1','(BannerBlock) первый',2,'Ни одно поле не изменено.'),(576,'2014-06-11 12:39:56',1,12,'2','(TextBlock) User-agent: *\r\nDisal...',2,'Изменен text.'),(577,'2014-06-11 12:40:03',1,12,'2','(TextBlock) <p>User-agent: * Dis...',2,'Изменен text.'),(578,'2014-06-11 12:42:48',1,16,'1','(BannerBlock) первый',2,'Изменен text.'),(579,'2014-06-11 12:43:19',1,16,'1','(BannerBlock) первый',2,'Изменен text.'),(580,'2014-06-11 12:43:58',1,16,'1','(BannerBlock) первый',2,'Изменен text.'),(581,'2014-06-11 12:44:11',1,16,'1','(BannerBlock) первый',2,'Изменен text.'),(582,'2014-06-11 12:45:57',1,12,'2','(TextBlock) User-agent: * Disall...',2,'Изменен text.'),(583,'2014-06-11 13:06:59',1,12,'4','(TextBlock) <meta content=\"46359...',2,'Изменен text.'),(584,'2014-06-11 13:09:30',1,12,'4','(TextBlock) <!-- Yandex.Metrika ...',2,'Изменен text.'),(585,'2014-06-11 13:10:00',1,12,'3','(TextBlock) <meta content=\"46359...',2,'Изменен text.'),(586,'2014-06-11 13:14:06',1,12,'2','(TextBlock) User-agent: * \r\nDisa...',2,'Изменен text.'),(587,'2014-06-11 13:18:37',1,12,'2','(TextBlock) User-Аgent: * \r\nDisa...',2,'Изменен text.'),(588,'2014-06-11 13:18:48',1,12,'2','(TextBlock) User-Agent: * \r\nDisa...',2,'Изменен text.'),(589,'2014-06-11 14:10:43',1,16,'1','(BannerBlock) первый',2,'Изменен period.'),(590,'2014-06-11 14:11:05',1,30,'1','АКЦИЯ! ПРИЕМ ВРАЧА ДО И ПОСЛЕ МРТ СО СКИДКОЙ 25%',2,'Изменен due_date.'),(591,'2014-06-11 14:11:08',1,30,'3','Прием врача до и после МРТ со скидкой 25%! ',2,'Изменен display.'),(592,'2014-06-11 14:11:26',1,30,'3','Прием врача до и после МРТ со скидкой 25%! ',2,'Изменен short.'),(593,'2014-06-11 14:11:42',1,30,'3','Прием врача до и после МРТ со скидкой 25%! ',2,'Изменен display.'),(594,'2014-06-11 14:24:52',1,21,'6','МРТ головного мозга',2,'Изменен body.'),(595,'2014-06-11 14:26:24',1,21,'6','МРТ головного мозга',2,'Изменен body.'),(596,'2014-06-11 14:28:10',1,21,'6','МРТ головного мозга',2,'Изменен body.'),(597,'2014-06-11 14:32:06',1,21,'6','МРТ головного мозга',2,'Изменен body.'),(598,'2014-06-11 14:33:23',1,21,'6','МРТ головного мозга',2,'Ни одно поле не изменено.'),(599,'2014-06-11 14:38:17',1,21,'6','МРТ головного мозга',2,'Изменен body.'),(600,'2014-06-11 14:38:49',1,21,'6','МРТ головного мозга',2,'Изменен body.'),(601,'2014-06-11 14:40:13',1,21,'6','МРТ головного мозга',2,'Изменен body.'),(602,'2014-06-11 14:43:22',1,21,'6','МРТ головного мозга',2,'Изменен body.'),(603,'2014-06-11 17:38:24',1,29,'1','страница общей инфорации',1,''),(604,'2014-06-11 17:38:25',1,27,'1','about_company',1,''),(605,'2014-06-11 17:39:23',1,29,'1','Общая информация',2,'Изменен title. Изменены  для SEO (Model Instance) \"/page/stranica-obshej-inforacii\".'),(606,'2014-06-11 17:39:44',1,27,'1','about_company',2,'Изменены title для Элемент меню \"about_company - Общая информация\".'),(607,'2014-06-11 17:40:19',1,27,'2','documents',1,''),(608,'2014-06-11 17:40:42',1,27,'3','uslugi',1,''),(609,'2014-06-11 17:41:19',1,27,'3','uslugi',2,'Добавлен Элемент меню \"uslugi - МРТ головы\". Добавлен Элемент меню \"uslugi - КТ головы\".'),(610,'2014-06-11 17:44:23',1,27,'1','about_company',2,'Изменены active для Элемент меню \"about_company - Общая информация\".'),(611,'2014-06-11 17:46:02',1,29,'2','Контакты',1,''),(612,'2014-06-11 17:46:08',1,27,'3','uslugi',2,'Добавлен Элемент меню \"uslugi - тест\".'),(613,'2014-06-11 17:48:31',1,27,'3','uslugi',2,'Изменены title для Элемент меню \"uslugi - Головной мозг\". Изменены title и parent для Элемент меню \"uslugi - Позвоночник\".'),(614,'2014-06-11 17:49:06',1,27,'3','uslugi',2,'Добавлен Элемент меню \"uslugi - Органы малого таза\".'),(615,'2014-06-11 17:49:13',1,27,'3','uslugi',2,'Изменены active для Элемент меню \"uslugi - Органы малого таза\".'),(616,'2014-06-11 17:49:45',1,27,'3','uslugi',2,'Добавлен Элемент меню \"uslugi - Суставы\".'),(617,'2014-06-11 17:50:47',1,27,'3','uslugi',2,'Добавлен Элемент меню \"uslugi - Брюшная полость\". Добавлен Элемент меню \"uslugi - Сосуды\".'),(618,'2014-06-11 17:53:23',1,27,'3','uslugi',2,'Добавлен Элемент меню \"uslugi - Грудная клетка и легкие\". Добавлен Элемент меню \"uslugi - Нос\". Добавлен Элемент меню \"uslugi - Головной мозг\". Добавлен Элемент меню \"uslugi - Зубы\". Добавлен Элемент меню \"uslugi - Позвоночник\". Добавлен Элемент меню \"uslugi - Почки\". Добавлен Элемент меню \"uslugi - Кишечник\". Добавлен Элемент меню \"uslugi - Сосуды\". Добавлен Элемент меню \"uslugi - Брюшная полость\". Добавлен Элемент меню \"uslugi - Суставы\". Изменены title для Элемент меню \"uslugi - Органы малого таза\".'),(619,'2014-06-11 17:55:14',1,27,'3','uslugi',2,'Добавлен Элемент меню \"uslugi - впаыавпв\".'),(620,'2014-06-11 17:55:44',1,27,'3','uslugi',2,'Изменены active для Элемент меню \"uslugi - впаыавпв\".'),(621,'2014-06-11 17:56:14',1,27,'3','uslugi',2,'Изменены parent для Элемент меню \"uslugi - впаыавпв\".'),(622,'2014-06-11 17:56:42',1,27,'3','uslugi',2,'Удален Элемент меню \"uslugi - впаыавпв\".'),(623,'2014-06-11 17:57:12',1,27,'3','uslugi',2,'Изменены link для Элемент меню \"uslugi - МРТ\".'),(624,'2014-06-11 17:58:56',1,27,'3','uslugi',2,'Добавлен Элемент меню \"uslugi - Позвоночник (шейный отдел)\".'),(625,'2014-06-11 18:00:45',1,27,'3','uslugi',2,'Изменены active для Элемент меню \"uslugi - Позвоночник (шейный отдел)\".'),(626,'2014-06-11 18:01:46',1,27,'3','uslugi',2,'Удален Элемент меню \"uslugi - Позвоночник (шейный отдел)\".'),(627,'2014-06-11 18:04:23',1,27,'3','uslugi',2,'Добавлен Элемент меню \"uslugi - Дентальная\".'),(628,'2014-06-11 18:04:31',1,27,'3','uslugi',2,'Изменены active и parent для Элемент меню \"uslugi - Дентальная\".'),(629,'2014-06-11 18:10:53',1,27,'3','uslugi',2,'Изменены title для Элемент меню \"uslugi - Брюшная полость\". Изменены title для Элемент меню \"uslugi - Головной мозг\". Изменены title для Элемент меню \"uslugi - Позвоночник\". Изменены title для Элемент меню \"uslugi - Суставы\".'),(630,'2014-06-11 18:12:11',1,27,'3','uslugi',2,'Изменены title для Элемент меню \"uslugi - Брюшная полость\". Изменены title для Элемент меню \"uslugi - Головной мозг\". Изменены title для Элемент меню \"uslugi - Грудная клетка и легкие\". Изменены title для Элемент меню \"uslugi - Дентальная\". Изменены title для Элемент меню \"uslugi - Зубы\". Изменены title для Элемент меню \"uslugi - Кишечник\". Изменены title для Элемент меню \"uslugi - Нос\". Изменены title для Элемент меню \"uslugi - Органы малого таза\". Изменены title для Элемент меню \"uslugi - Позвоночник\". Изменены title для Элемент меню \"uslugi - Почки\". Изменены title для Элемент меню \"uslugi - Сосуды\". Изменены title для Элемент меню \"uslugi - Суставы\".'),(631,'2014-06-11 18:15:28',1,27,'3','uslugi',2,'Изменены active для Элемент меню \"uslugi - Зубы\".'),(632,'2014-06-11 18:15:39',1,27,'2','documents',2,'Добавлен Элемент меню \"documents - тест\".'),(633,'2014-06-11 18:17:21',1,27,'1','about_company',2,'Изменены active для Элемент меню \"about_company - Общая информация\".'),(634,'2014-06-11 18:17:49',1,27,'1','about_company',2,'Изменены active для Элемент меню \"about_company - Общая информация\".'),(635,'2014-06-11 18:20:44',1,29,'3','rrrr',1,''),(636,'2014-06-11 18:22:14',1,27,'1','about_company',2,'Изменены page для Элемент меню \"about_company - rrrr\".'),(637,'2014-06-11 18:22:39',1,27,'1','about_company',2,'Изменены active для Элемент меню \"about_company - rrrr\".'),(638,'2014-06-11 18:29:45',1,27,'1','about_company',2,'Изменены active для Элемент меню \"about_company - rrrr\".'),(639,'2014-06-11 18:36:44',1,29,'1','Об ассоциации',2,'Изменен title и slug. Изменены  для SEO (Model Instance) \"/page/ob-associacii\".'),(640,'2014-06-11 18:41:44',1,29,'1','Об ассоциации',2,'Изменен slug. Изменены  для SEO (Model Instance) \"/page/stranica-obshej-inforacii\".'),(641,'2014-06-11 18:42:03',1,29,'2','Контакты',2,'Изменены title для SEO (Model Instance) \"/page/kontakty\".'),(642,'2014-06-11 18:46:22',1,29,'4','404',1,''),(643,'2014-06-11 18:55:41',1,29,'4','404',2,'Изменены  для SEO (Model Instance) \"/page/404\".'),(644,'2014-06-11 18:55:49',1,29,'3','rrrr',3,''),(645,'2014-06-11 19:22:40',1,29,'4','404',2,'Изменен body. Изменены  для SEO (Model Instance) \"/page/404\".'),(646,'2014-06-11 19:23:15',1,29,'4','404',2,'Изменен body. Изменены  для SEO (Model Instance) \"/page/404\".'),(647,'2014-06-11 19:24:16',1,29,'4','404',2,'Изменены description для SEO (Model Instance) \"/page/404\".'),(648,'2014-06-11 19:24:32',1,29,'1','Об ассоциации',2,'Изменены title для SEO (Model Instance) \"/page/stranica-obshej-inforacii\".'),(649,'2014-06-11 19:25:26',1,29,'5','mrt',1,''),(650,'2014-06-11 19:25:42',1,27,'3','uslugi',2,'Изменены link и page для Элемент меню \"uslugi - mrt\".'),(651,'2014-06-11 19:26:23',1,27,'3','uslugi',2,'Изменены title для Элемент меню \"uslugi - mrt\".'),(652,'2014-06-11 19:26:43',1,27,'3','uslugi',2,'Изменены title для Элемент меню \"uslugi - mrt\".'),(653,'2014-06-11 19:27:04',1,29,'5','МРТ',2,'Изменен title. Изменены  для SEO (Model Instance) \"/page/mrt\".'),(654,'2014-06-11 19:27:20',1,27,'3','uslugi',2,'Изменены title для Элемент меню \"uslugi - МРТ\".'),(655,'2014-06-11 19:28:30',1,29,'6','КТ',1,''),(656,'2014-06-11 19:28:34',1,27,'3','uslugi',2,'Изменены page для Элемент меню \"uslugi - КТ\".'),(657,'2014-06-11 19:28:57',1,29,'5','МРТ',2,'Изменены title и description для SEO (Model Instance) \"/page/mrt\".'),(658,'2014-06-11 19:29:29',1,29,'7','Брюшная полость',1,''),(659,'2014-06-11 19:29:32',1,27,'3','uslugi',2,'Изменены page для Элемент меню \"uslugi - Брюшная полость\".'),(660,'2014-06-16 12:12:04',1,29,'5','МРТ',2,'Изменен slug. Изменены  для SEO (Model Instance) \"/page/mrta\".'),(661,'2014-06-16 12:12:28',1,29,'5','МРТ',2,'Изменен slug. Изменены  для SEO (Model Instance) \"/page/mrt\".'),(662,'2014-06-17 12:55:55',1,27,'3','uslugi',2,'Изменены title для Элемент меню \"uslugi - Брюшная полость\".'),(663,'2014-06-17 12:56:35',1,27,'3','uslugi',2,'Изменены title для Элемент меню \"uslugi - Органы брюшной полости\".'),(664,'2014-06-17 12:57:12',1,27,'3','uslugi',2,'Изменены title для Элемент меню \"uslugi - Пояснично-крестцовый отдел позвоночника\".'),(665,'2014-06-17 17:32:08',1,23,'3','/kontakty',1,''),(666,'2014-06-17 17:33:38',1,29,'2','Контакты',2,'Удален SEO (Model Instance) \"/page/kontakty\".'),(667,'2014-06-17 17:34:08',1,29,'2','Контакты',2,'Добавлен SEO (Model Instance) \"/page/kontakty\".'),(668,'2014-06-17 17:34:54',1,24,'11','/page/kontakty',2,'Изменен title,description и keywords.'),(669,'2014-06-17 17:43:45',1,29,'1','Об ассоциации',2,'Изменен slug и exclude_from_navigation. Изменены  для SEO (Model Instance) \"/page/ob-associacii\".'),(670,'2014-06-17 17:44:21',1,29,'1','Об ассоциации',2,'Изменен slug. Изменены  для SEO (Model Instance) \"/page/stranica-obshej-inforacii\".'),(671,'2014-06-17 17:45:11',1,23,'3','/kontakty',3,''),(672,'2014-06-17 17:45:53',1,29,'1','Об ассоциации',2,'Изменен exclude_from_navigation. Изменены  для SEO (Model Instance) \"/page/stranica-obshej-inforacii\".'),(673,'2014-06-17 17:46:16',1,29,'1','Об ассоциации',2,'Изменены description для SEO (Model Instance) \"/page/stranica-obshej-inforacii\".'),(674,'2014-06-17 17:46:47',1,29,'1','Об ассоциации',2,'Изменен body. Изменены  для SEO (Model Instance) \"/page/stranica-obshej-inforacii\".'),(675,'2014-06-17 17:47:02',1,29,'1','Об ассоциации',2,'Изменен body. Изменены  для SEO (Model Instance) \"/page/stranica-obshej-inforacii\".'),(676,'2014-06-17 17:47:38',1,29,'2','Контакты',2,'Изменен body. Изменены description для SEO (Model Instance) \"/page/kontakty\".'),(677,'2014-06-17 17:48:08',1,29,'2','Контакты',2,'Изменен body. Изменены  для SEO (Model Instance) \"/page/kontakty\".'),(678,'2014-06-17 17:49:06',1,29,'2','Контакты',2,'Изменен body. Изменены  для SEO (Model Instance) \"/page/kontakty\".'),(679,'2014-06-17 17:51:50',1,29,'2','Контакты',2,'Изменен body. Изменены  для SEO (Model Instance) \"/page/kontakty\".'),(680,'2014-06-17 17:52:49',1,29,'2','Контакты',2,'Изменен body. Изменены  для SEO (Model Instance) \"/page/kontakty\".'),(681,'2014-06-17 18:17:14',1,29,'8','Карта сайта',1,''),(682,'2014-06-17 18:17:24',1,29,'8','Карта сайта',2,'Изменен slug. Изменены  для SEO (Model Instance) \"/page/sitemap\".'),(683,'2014-06-17 18:20:11',1,29,'8','Карта сайта',2,'Изменен body. Изменены  для SEO (Model Instance) \"/page/sitemap\".'),(684,'2014-06-17 18:31:08',1,29,'8','Карта сайта',2,'Изменен body. Изменены  для SEO (Model Instance) \"/page/sitemap\".'),(685,'2014-06-17 19:13:11',1,29,'1','Об ассоциации',2,'Изменен body. Изменены  для SEO (Model Instance) \"/page/stranica-obshej-inforacii\".'),(686,'2014-06-17 19:31:59',1,30,'1','АКЦИЯ! ПРИЕМ ВРАЧА ДО И ПОСЛЕ МРТ СО СКИДКОЙ 25%',2,'Изменен due_date.'),(687,'2014-06-17 19:32:29',1,16,'1','(BannerBlock) первый',2,'Изменен period.'),(688,'2014-06-17 19:38:10',1,4,'2','demis',1,''),(689,'2014-06-17 19:39:37',1,4,'2','demis',2,'Изменен first_name,last_name,email и is_superuser.'),(690,'2014-06-17 19:39:46',1,4,'1','ak',2,'Ни одно поле не изменено.'),(691,'2014-06-17 19:39:54',1,4,'2','demis',2,'Изменен is_staff.'),(692,'2014-06-17 19:40:40',2,29,'9','Testyyy',1,''),(693,'2014-06-18 16:27:28',1,27,'3','uslugi',2,'Изменены link для Элемент меню \"uslugi - МРТ\". Изменены link для Элемент меню \"uslugi - Брюшная полость\". Изменены link для Элемент меню \"uslugi - КТ\".'),(694,'2014-06-18 16:38:12',2,29,'9','Testyyy',3,''),(695,'2014-06-18 16:38:31',2,29,'10','tesr',1,''),(696,'2014-06-18 17:42:14',2,29,'2','Контакты',2,'Изменены  для SEO (Model Instance) \"/kontakty\".'),(697,'2014-06-18 17:42:31',2,29,'1','Об ассоциации',2,'Изменены  для SEO (Model Instance) \"/stranica-obshej-inforacii\".'),(698,'2014-06-18 17:42:42',2,29,'6','КТ',2,'Изменены  для SEO (Model Instance) \"/kt\".'),(699,'2014-06-18 17:42:47',2,29,'5','МРТ',2,'Изменены  для SEO (Model Instance) \"/mrt\".'),(700,'2014-06-18 17:42:54',2,29,'4','404',2,'Изменены  для SEO (Model Instance) \"/404\".'),(701,'2014-06-18 17:43:10',2,29,'4','404',2,'Изменены title для SEO (Model Instance) \"/404\".'),(702,'2014-06-18 17:43:42',2,29,'4','404',2,'Изменены keywords для SEO (Model Instance) \"/404\".'),(703,'2014-06-18 17:44:03',2,29,'7','Брюшная полость',2,'Изменены  для SEO (Model Instance) \"/bryushnaya-polost\".'),(704,'2014-06-18 23:29:11',1,27,'3','uslugi',2,'Изменены link для Элемент меню \"uslugi - Брюшная полость\".'),(705,'2014-06-18 23:29:29',1,27,'3','uslugi',2,'Изменены link для Элемент меню \"uslugi - Брюшная полость\".'),(706,'2014-06-19 16:22:26',2,29,'1','Об ассоциации',2,'Изменен body. Изменены  для SEO (Model Instance) \"/stranica-obshej-inforacii\".'),(707,'2014-06-19 16:23:52',2,29,'1','Об ассоциации',2,'Изменен body. Изменены  для SEO (Model Instance) \"/stranica-obshej-inforacii\".'),(708,'2014-06-19 16:24:15',2,29,'1','Об ассоциации',2,'Изменен body. Изменены  для SEO (Model Instance) \"/stranica-obshej-inforacii\".'),(709,'2014-06-19 16:24:41',2,29,'1','Об ассоциации',2,'Изменен body. Изменены  для SEO (Model Instance) \"/stranica-obshej-inforacii\".'),(710,'2014-06-23 13:56:12',2,30,'1','АКЦИЯ! ПРИЕМ ВРАЧА ДО И ПОСЛЕ МРТ СО СКИДКОЙ 25%',2,'Изменен due_date.'),(711,'2014-06-23 13:56:22',2,16,'1','(BannerBlock) первый',2,'Изменен period.'),(712,'2014-06-24 12:21:23',2,27,'3','uslugi',2,'Изменены link для Элемент меню \"uslugi - Брюшная полость\".'),(713,'2014-06-24 12:22:07',2,27,'3','uslugi',2,'Изменены link для Элемент меню \"uslugi - Брюшная полость\".'),(714,'2014-06-24 12:45:04',2,29,'12','МРТ позвоночника',1,''),(715,'2014-06-24 12:45:23',2,29,'11','МРТ позвоночника',3,''),(716,'2014-06-24 12:46:02',2,29,'12','МРТ позвоночника',2,'Изменен slug. Изменены  для SEO (Model Instance) \"/pozvonochnik\".'),(717,'2014-06-24 12:46:57',2,27,'3','uslugi',2,'Изменены link для Элемент меню \"uslugi - Позвоночник\".'),(718,'2014-06-24 12:47:53',2,29,'12','МРТ позвоночника',2,'Изменен short_text. Изменены  для SEO (Model Instance) \"/pozvonochnik\".'),(719,'2014-06-24 12:48:06',2,29,'12','МРТ позвоночника',2,'Изменен short_text и body. Изменены  для SEO (Model Instance) \"/pozvonochnik\".'),(720,'2014-06-24 12:49:18',2,29,'13','МРТ малого таза',1,''),(721,'2014-06-24 12:49:50',2,27,'3','uslugi',2,'Изменены link для Элемент меню \"uslugi - Органы малого таза\".'),(722,'2014-06-24 12:51:06',2,29,'14','МРТ суставов',1,''),(723,'2014-06-24 12:51:13',2,29,'14','МРТ суставов',2,'Изменен body. Изменены  для SEO (Model Instance) \"/sustavy\".'),(724,'2014-06-24 12:51:26',2,29,'13','МРТ малого таза',2,'Изменен short_text,body и active. Изменены title для SEO (Model Instance) \"/malyi-taz\".'),(725,'2014-06-24 12:51:41',2,27,'3','uslugi',2,'Изменены link для Элемент меню \"uslugi - Суставы\".'),(726,'2014-06-24 12:53:36',2,29,'15','КТ легких',1,''),(727,'2014-06-24 12:53:59',2,27,'3','uslugi',2,'Изменены link для Элемент меню \"uslugi - Грудная клетка и легкие\".'),(728,'2014-06-24 12:54:19',2,27,'3','uslugi',2,'Изменены link для Элемент меню \"uslugi - Нос\".'),(729,'2014-06-24 12:54:49',2,29,'16','КТ носа',1,''),(730,'2014-06-24 12:55:40',2,29,'17','КТ головного мозга',1,''),(731,'2014-06-24 12:55:58',2,27,'3','uslugi',2,'Изменены link для Элемент меню \"uslugi - Головной мозг\".'),(732,'2014-06-24 12:56:35',2,29,'18','КТ зубов',1,''),(733,'2014-06-24 12:58:10',2,29,'19','КТ кишечника',1,''),(734,'2014-06-24 12:58:27',2,27,'3','uslugi',2,'Изменены link и active для Элемент меню \"uslugi - Зубы\". Изменены link для Элемент меню \"uslugi - Кишечник\".'),(735,'2014-06-24 12:59:47',2,29,'20','МРТ сосудов',1,''),(736,'2014-06-24 12:59:53',2,27,'3','uslugi',2,'Изменены link для Элемент меню \"uslugi - Сосуды\".'),(737,'2014-06-24 13:00:51',2,29,'21','МРТ шейного отдела',1,''),(738,'2014-06-24 13:01:58',2,29,'22','МРТ крестцово поясничного отдела',1,''),(739,'2014-06-24 13:02:06',2,29,'22','МРТ крестцово поясничного отдела',2,'Изменен slug и body. Изменены  для SEO (Model Instance) \"/poyasnichnyi-otdel\".'),(740,'2014-06-24 13:02:13',2,27,'3','uslugi',2,'Изменены link для Элемент меню \"uslugi - Пояснично-крестцовый отдел позвоночника\".'),(741,'2014-06-24 13:03:41',2,29,'20','МРТ сосудов',2,'Изменен body. Изменены  для SEO (Model Instance) \"/sosudy\".'),(742,'2014-06-24 13:03:47',2,29,'19','КТ кишечника',2,'Изменен body. Изменены  для SEO (Model Instance) \"/kishechnik\".'),(743,'2014-06-24 13:04:05',2,29,'17','КТ головного мозга',2,'Изменен body. Изменены  для SEO (Model Instance) \"/mozg\".'),(744,'2014-06-24 13:09:54',2,27,'3','uslugi',2,'Добавлен Элемент меню \"uslugi - Шейный отдел\".'),(745,'2014-06-25 17:18:45',2,29,'12','МРТ позвоночника',2,'Изменен slug и body. Изменены  для SEO (Model Instance) \"/mrt-pozvonochnik\".'),(746,'2014-06-25 17:19:06',2,29,'13','МРТ малого таза',2,'Изменен slug. Изменены  для SEO (Model Instance) \"/mrt-malyi-taz\".'),(747,'2014-06-25 17:19:20',2,29,'14','МРТ суставов',2,'Изменен slug. Изменены  для SEO (Model Instance) \"/mrt-sustavy\".'),(748,'2014-06-25 17:19:37',2,29,'20','МРТ сосудов',2,'Изменен slug и body. Изменены  для SEO (Model Instance) \"/mrt-sosudy\".'),(749,'2014-06-25 17:20:26',2,29,'22','МРТ крестцово поясничного отдела',2,'Изменен slug. Изменены  для SEO (Model Instance) \"/mrt-poyasnichnyi-otdel\".'),(750,'2014-06-25 17:20:32',2,29,'21','МРТ шейного отдела',2,'Изменен slug и body. Изменены  для SEO (Model Instance) \"/mrt-sheinyi-otdel\".'),(751,'2014-06-25 17:21:59',2,29,'23','МРТ головного мозга',1,''),(752,'2014-06-25 17:23:24',2,29,'24','КТ малого таза',1,''),(753,'2014-06-25 17:23:47',2,29,'15','КТ легких',2,'Изменен slug и body. Изменены  для SEO (Model Instance) \"/kt-grudnaya-kletka-i-legkie\".'),(754,'2014-06-25 17:24:03',2,29,'16','КТ носа',2,'Изменен slug и body. Изменены  для SEO (Model Instance) \"/kt-nos\".'),(755,'2014-06-25 17:24:15',2,29,'17','КТ головного мозга',2,'Изменен slug и body. Изменены  для SEO (Model Instance) \"/kt-mozg\".'),(756,'2014-06-25 17:24:32',2,29,'18','КТ зубов',2,'Изменен slug и body. Изменены  для SEO (Model Instance) \"/kt-zuby\".'),(757,'2014-06-25 17:25:13',2,29,'25','КТ позвоночника',1,''),(758,'2014-06-25 17:25:53',2,29,'26','КТ брюшной полости',1,''),(759,'2014-06-25 17:26:04',2,29,'19','КТ кишечника',2,'Изменен slug и body. Изменены  для SEO (Model Instance) \"/kt-kishechnik\".'),(760,'2014-06-25 17:26:43',2,29,'27','КТ сосудов',1,''),(761,'2014-06-25 17:27:25',2,29,'28','КТ суставов',1,''),(762,'2014-06-25 17:28:20',2,27,'3','uslugi',2,'Изменены link для Элемент меню \"uslugi - Брюшная полость\". Изменены link и page для Элемент меню \"uslugi - МРТ крестцово поясничного отдела\". Изменены link для Элемент меню \"uslugi - Органы малого таза\". Изменены link для Элемент меню \"uslugi - Позвоночник\". Изменены link для Элемент меню \"uslugi - Сосуды\". Изменены link для Элемент меню \"uslugi - Суставы\". Изменены link для Элемент меню \"uslugi - Шейный отдел\".'),(763,'2014-06-25 17:30:20',2,27,'3','uslugi',2,'Добавлен Элемент меню \"uslugi - Головной мозг\".'),(764,'2014-06-25 17:32:27',2,27,'3','uslugi',2,'Изменены link для Элемент меню \"uslugi - Брюшная полость\". Изменены link для Элемент меню \"uslugi - Брюшная полость\". Изменены link для Элемент меню \"uslugi - Головной мозг\". Изменены link для Элемент меню \"uslugi - Грудная клетка и легкие\". Изменены active для Элемент меню \"uslugi - Дентальная\". Изменены title и link для Элемент меню \"uslugi - Дентальная\". Изменены link для Элемент меню \"uslugi - Кишечник\". Изменены link для Элемент меню \"uslugi - Нос\". Изменены link для Элемент меню \"uslugi - Органы малого таза\". Изменены link для Элемент меню \"uslugi - Позвоночник\". Изменены link для Элемент меню \"uslugi - Сосуды\". Изменены link для Элемент меню \"uslugi - Суставы\".'),(765,'2014-06-25 17:33:47',2,27,'3','uslugi',2,'Изменены link для Элемент меню \"uslugi - Брюшная полость\".'),(766,'2014-06-26 09:48:57',2,29,'7','Брюшная полость',3,''),(767,'2014-06-26 09:50:13',2,29,'29','КТ почек',1,''),(768,'2014-06-26 09:50:40',2,27,'3','uslugi',2,'Изменены link для Элемент меню \"uslugi - Почки\".'),(769,'2014-06-26 09:51:10',2,29,'29','КТ почек',2,'Изменен body. Изменены  для SEO (Model Instance) \"/kt-pochki\".'),(770,'2014-06-26 09:56:09',2,29,'30','МРТ брюшной полости',1,''),(771,'2014-06-26 09:56:54',2,27,'3','uslugi',2,'Добавлен Элемент меню \"uslugi - Брюшная полость\".'),(772,'2014-06-27 05:50:38',1,29,'29','КТ почек',2,'Изменен body. Изменены  для SEO (Model Instance) \"/kt-pochki\".'),(773,'2014-06-27 05:51:55',1,29,'21','МРТ шейного отдела',2,'Изменены  для SEO (Model Instance) \"/mrt-sheinyi-otdel\".'),(774,'2014-07-03 00:01:35',1,4,'1','ak',2,'Изменен email.'),(775,'2014-07-08 13:58:45',1,30,'1','АКЦИЯ! ПРИЕМ ВРАЧА ДО И ПОСЛЕ МРТ СО СКИДКОЙ 25%',2,'Изменен due_date.'),(776,'2014-07-08 13:58:59',1,16,'1','(BannerBlock) первый',2,'Изменен period.'),(777,'2014-07-08 14:39:27',1,29,'13','МРТ малого таза',2,'Изменены  для SEO (Model Instance) \"/mrt-malyi-taz\".'),(778,'2014-07-08 14:40:59',1,27,'3','uslugi',2,'Изменены page для Элемент меню \"uslugi - МРТ малого таза\".'),(779,'2014-07-08 14:46:15',1,29,'30','МРТ брюшной полости',2,'Изменены description и keywords для SEO (Model Instance) \"/mrt-brushnaya-polost\".'),(780,'2014-07-08 14:46:39',1,29,'22','МРТ крестцово поясничного отдела',2,'Изменены description для SEO (Model Instance) \"/mrt-poyasnichnyi-otdel\".'),(781,'2014-07-08 14:53:18',1,29,'10','tesr',3,''),(782,'2014-07-08 14:57:55',1,27,'3','uslugi',3,''),(783,'2014-07-08 14:58:17',1,27,'4','uslugi',1,''),(784,'2014-07-08 14:58:37',1,27,'4','uslugi',2,'Добавлен Элемент меню \"uslugi - МРТ\".'),(785,'2014-07-08 14:58:41',1,27,'4','uslugi',2,'Ни одно поле не изменено.'),(786,'2014-07-08 14:59:03',1,27,'4','uslugi',2,'Изменены active для Элемент меню \"uslugi - МРТ\".'),(787,'2014-07-08 14:59:35',1,27,'4','uslugi',2,'Ни одно поле не изменено.'),(788,'2014-07-08 15:01:42',1,27,'4','uslugi',2,'Добавлен Элемент меню \"uslugi - МРТ головного мозга\".'),(789,'2014-07-08 15:01:57',1,27,'4','uslugi',2,'Изменены active для Элемент меню \"uslugi - МРТ головного мозга\".'),(790,'2014-07-08 15:02:29',1,27,'4','uslugi',2,'Изменены link для Элемент меню \"uslugi - МРТ\". Изменены link для Элемент меню \"uslugi - МРТ головного мозга\".'),(791,'2014-07-08 15:05:32',1,27,'4','uslugi',2,'Добавлен Элемент меню \"uslugi - МРТ позвоночника\". Добавлен Элемент меню \"uslugi - МРТ малого таза\". Добавлен Элемент меню \"uslugi - МРТ суставов\". Добавлен Элемент меню \"uslugi - МРТ брюшной полости\". Добавлен Элемент меню \"uslugi - МРТ шейного отдела\". Добавлен Элемент меню \"uslugi - МРТ позвоночника\". Добавлен Элемент меню \"uslugi - МРТ крестцово поясничного отдела\".'),(792,'2014-07-08 15:06:03',1,27,'4','uslugi',2,'Добавлен Элемент меню \"uslugi - КТ\".'),(793,'2014-07-08 15:09:52',1,27,'4','uslugi',2,'Добавлен Элемент меню \"uslugi - КТ малого таза\". Добавлен Элемент меню \"uslugi - КТ легких\". Добавлен Элемент меню \"uslugi - КТ носа\". Добавлен Элемент меню \"uslugi - КТ головного мозга\". Добавлен Элемент меню \"uslugi - КТ зубов\". Добавлен Элемент меню \"uslugi - КТ позвоночника\". Добавлен Элемент меню \"uslugi - КТ брюшной полости\". Добавлен Элемент меню \"uslugi - КТ кишечника\". Добавлен Элемент меню \"uslugi - КТ сосудов\". Добавлен Элемент меню \"uslugi - КТ суставов\".'),(794,'2014-07-08 15:12:41',1,29,'6','КТ',2,'Изменен body. Изменены  для SEO (Model Instance) \"/kt\".'),(795,'2014-07-08 15:12:58',1,29,'5','МРТ',2,'Изменен short_text и body. Изменены  для SEO (Model Instance) \"/mrt\".'),(796,'2014-07-08 15:14:33',1,27,'4','uslugi',2,'Изменены link для Элемент меню \"uslugi - МРТ\".'),(797,'2014-07-08 15:14:51',1,27,'4','uslugi',2,'Изменены link для Элемент меню \"uslugi - КТ\".'),(798,'2014-07-08 15:17:15',1,29,'8','Карта сайта',2,'Изменен body. Изменены  для SEO (Model Instance) \"/sitemap\".'),(799,'2014-07-10 12:37:10',1,20,'6','МЦ МРТ',1,''),(800,'2014-07-10 12:39:33',1,20,'7','Василеостровский центр МРТ',1,''),(801,'2014-07-10 12:41:54',1,20,'8','ЦМРТ на Рентгена 5',1,''),(802,'2014-07-10 12:42:16',1,20,'8','ЦМРТ на Рентгена 5',2,'Изменен info1.'),(803,'2014-07-10 12:44:31',1,20,'9','МДЦ \"Энерго\"',1,''),(804,'2014-07-10 12:45:49',1,20,'10','МДЦ \"Энерго\"',1,''),(805,'2014-07-10 13:01:10',1,20,'11','Военно-медицинская академии им. С.М. Кирова ',1,''),(806,'2014-07-10 13:02:48',1,20,'12','Медицинская клиника «Она»',1,''),(807,'2014-07-10 13:03:13',1,20,'11','Военно-медицинская академии им. С.М. Кирова ',2,'Изменен info1.'),(808,'2014-07-10 13:04:17',1,20,'13','Медицинская клиника «Она»',1,''),(809,'2014-07-10 13:05:36',1,20,'14','Медицинская клиника «Она»',1,''),(810,'2014-07-10 13:06:57',1,20,'15','РНХИ им. проф. А.Л. Поленова',1,''),(811,'2014-07-10 13:09:18',1,20,'16','Клиника \"МЕДЕМ\"',1,''),(812,'2014-07-10 13:09:54',1,20,'16','Клиника \"МЕДЕМ\"',2,'Изменен metro.'),(813,'2014-07-10 13:11:12',1,20,'17','ГУП «Водоканал Санкт-Петербурга»',1,''),(814,'2014-07-10 13:17:42',1,20,'18','ЦМРТ профессора В.А. Фокина',1,''),(815,'2014-07-10 13:21:49',1,20,'19','Адмиралтейские верфи',1,''),(816,'2014-07-10 13:23:49',1,20,'20','Центр клинической неврологии ЦМРТ',1,''),(817,'2014-07-10 13:30:04',1,20,'21','СПб ГУЗ \"Консультативно-диагностический центр для детей\"',1,''),(818,'2014-07-10 13:30:39',1,20,'1','МДЦ \"Рэмси Диагностика\"',2,'Изменен geox,geoy,info1 и info2.'),(819,'2014-07-10 13:35:29',1,20,'3','test3',3,''),(820,'2014-07-10 13:35:29',1,20,'2','test1',3,''),(821,'2014-07-10 13:37:01',1,20,'4','МЦ \"МАРТ\"',3,''),(822,'2014-07-10 13:37:24',1,20,'6','МЦ МРТ',2,'Изменен info1.'),(823,'2014-07-10 13:52:48',1,20,'6','МЦ МРТ',2,'Изменен info1. Добавлен Ценник \"МЦ МРТ - 3400\". Добавлен Ценник \"МЦ МРТ - 6300\". Добавлен Ценник \"МЦ МРТ - 5900\". Добавлен Ценник \"МЦ МРТ - 5900\". Добавлен Ценник \"МЦ МРТ - 5680\". Добавлен Ценник \"МЦ МРТ - 6500\". Добавлен Ценник \"МЦ МРТ - 5400\". Добавлен Ценник \"МЦ МРТ - 6300\". Добавлен Ценник \"МЦ МРТ - 8480\". Добавлен Ценник \"МЦ МРТ - 9100\". Добавлен Ценник \"МЦ МРТ - 11700\". Добавлен Ценник \"МЦ МРТ - 6300\". Добавлен Ценник \"МЦ МРТ - 8550\".'),(824,'2014-07-10 13:56:14',1,20,'6','МЦ МРТ',2,'Добавлен Ценник \"МЦ МРТ - 3300\". Добавлен Ценник \"МЦ МРТ - 6300\". Добавлен Ценник \"МЦ МРТ - 8480\".'),(825,'2014-07-10 13:57:17',1,20,'6','МЦ МРТ',2,'Добавлен Ценник \"МЦ МРТ - 2780\". Добавлен Ценник \"МЦ МРТ - 5900\". Изменены info для Ценник \"МЦ МРТ - 8480\".'),(826,'2014-07-10 14:10:04',1,20,'6','МЦ МРТ',2,'Добавлен Ценник \"МЦ МРТ - 3300\". Добавлен Ценник \"МЦ МРТ - 5100\". Добавлен Ценник \"МЦ МРТ - 3300\". Добавлен Ценник \"МЦ МРТ - 6300\". Добавлен Ценник \"МЦ МРТ - 3300\". Добавлен Ценник \"МЦ МРТ - 3300\". Добавлен Ценник \"МЦ МРТ - 3300\". Добавлен Ценник \"МЦ МРТ - 3300\". Добавлен Ценник \"МЦ МРТ - 6250\". Добавлен Ценник \"МЦ МРТ - 4200\". Добавлен Ценник \"МЦ МРТ - 4200\". Добавлен Ценник \"МЦ МРТ - 5250\". Добавлен Ценник \"МЦ МРТ - 4200\". Добавлен Ценник \"МЦ МРТ - 520\". Добавлен Ценник \"МЦ МРТ - 4000\". Добавлен Ценник \"МЦ МРТ - 4200\". Добавлен Ценник \"МЦ МРТ - 5250\". Добавлен Ценник \"МЦ МРТ - 5480\". Добавлен Ценник \"МЦ МРТ - 5530\". Добавлен Ценник \"МЦ МРТ - 4200\". Добавлен Ценник \"МЦ МРТ - 4200\".'),(827,'2014-07-10 16:11:29',1,20,'7','Василеостровский центр МРТ',2,'Добавлен Ценник \"Василеостровский центр МРТ - от 2890\". Добавлен Ценник \"Василеостровский центр МРТ - от 2805\". Добавлен Ценник \"Василеостровский центр МРТ - от 2363\". Добавлен Ценник \"Василеостровский центр МРТ - от 2805\". Добавлен Ценник \"Василеостровский центр МРТ - от 2805\". Добавлен Ценник \"Василеостровский центр МРТ - от 2805\". Добавлен Ценник \"Василеостровский центр МРТ - от 2805\". Добавлен Ценник \"Василеостровский центр МРТ - от 2805\". Добавлен Ценник \"Василеостровский центр МРТ - от 3570\". Добавлен Ценник \"Василеостровский центр МРТ - от 3570\". Добавлен Ценник \"Василеостровский центр МРТ - от 3400\". Добавлен Ценник \"Василеостровский центр МРТ - от 3570\".'),(828,'2014-07-10 16:31:10',1,20,'7','Василеостровский центр МРТ',2,'Добавлен Ценник \"Василеостровский центр МРТ - \". Добавлен Ценник \"Василеостровский центр МРТ - \". Добавлен Ценник \"Василеостровский центр МРТ - \". Добавлен Ценник \"Василеостровский центр МРТ - \". Добавлен Ценник \"Василеостровский центр МРТ - \". Добавлен Ценник \"Василеостровский центр МРТ - \". Добавлен Ценник \"Василеостровский центр МРТ - \". Добавлен Ценник \"Василеостровский центр МРТ - \". Добавлен Ценник \"Василеостровский центр МРТ - \". Добавлен Ценник \"Василеостровский центр МРТ - \". Добавлен Ценник \"Василеостровский центр МРТ - \". Добавлен Ценник \"Василеостровский центр МРТ - \". Добавлен Ценник \"Василеостровский центр МРТ - \". Добавлен Ценник \"Василеостровский центр МРТ - \". Добавлен Ценник \"Василеостровский центр МРТ - \". Добавлен Ценник \"Василеостровский центр МРТ - \". Добавлен Ценник \"Василеостровский центр МРТ - \". Добавлен Ценник \"Василеостровский центр МРТ - \". Добавлен Ценник \"Василеостровский центр МРТ - \". Добавлен Ценник \"Василеостровский центр МРТ - 5480\". Добавлен Ценник \"Василеостровский центр МРТ - 6480\".'),(829,'2014-07-10 16:33:54',1,20,'7','Василеостровский центр МРТ',2,'Изменены value для Ценник \"Василеостровский центр МРТ - 3300\". Изменены value для Ценник \"Василеостровский центр МРТ - 3300\". Изменены value для Ценник \"Василеостровский центр МРТ - 3300\". Изменены value для Ценник \"Василеостровский центр МРТ - 3300\". Изменены value для Ценник \"Василеостровский центр МРТ - 3300\". Изменены value для Ценник \"Василеостровский центр МРТ - 3400\". Изменены value для Ценник \"Василеостровский центр МРТ - 3400\". Изменены value для Ценник \"Василеостровский центр МРТ - 3300\". Изменены value для Ценник \"Василеостровский центр МРТ - 2780\". Изменены value для Ценник \"Василеостровский центр МРТ - 3300\". Изменены value для Ценник \"Василеостровский центр МРТ - 4200\". Изменены value для Ценник \"Василеостровский центр МРТ - 4200\". Изменены value для Ценник \"Василеостровский центр МРТ - 4200\". Изменены value для Ценник \"Василеостровский центр МРТ - 4200\". Изменены value для Ценник \"Василеостровский центр МРТ - 5250\". Изменены value для Ценник \"Василеостровский центр МРТ - 5250\". Изменены value для Ценник \"Василеостровский центр МРТ - 4200\". Изменены value для Ценник \"Василеостровский центр МРТ - 4000\". Изменены value для Ценник \"Василеостровский центр МРТ - 5250\".'),(830,'2014-07-10 16:39:46',1,20,'1','МДЦ \"Рэмси Диагностика\"',2,'Изменен info1.'),(831,'2014-07-10 16:40:18',1,20,'8','ЦМРТ на Рентгена 5',2,'Изменен site.'),(832,'2014-07-10 16:40:49',1,20,'8','ЦМРТ Петроградский',2,'Изменен name.'),(833,'2014-07-10 16:41:05',1,20,'8','ЦМРТ Петроградский',2,'Изменен info1.'),(834,'2014-07-10 16:53:40',1,20,'8','ЦМРТ Петроградский',2,'Изменен info1. Добавлен Ценник \"ЦМРТ Петроградский - 3500\". Добавлен Ценник \"ЦМРТ Петроградский - 4000\". Добавлен Ценник \"ЦМРТ Петроградский - 2500\". Добавлен Ценник \"ЦМРТ Петроградский - 3500\". Добавлен Ценник \"ЦМРТ Петроградский - 6000\". Добавлен Ценник \"ЦМРТ Петроградский - 4500\". Добавлен Ценник \"ЦМРТ Петроградский - 3500\". Добавлен Ценник \"ЦМРТ Петроградский - 3500\". Добавлен Ценник \"ЦМРТ Петроградский - 3500\". Добавлен Ценник \"ЦМРТ Петроградский - 3500\". Добавлен Ценник \"ЦМРТ Петроградский - 3500\". Добавлен Ценник \"ЦМРТ Петроградский - 4000\". Добавлен Ценник \"ЦМРТ Петроградский - 4000\". Добавлен Ценник \"ЦМРТ Петроградский - 4000\". Добавлен Ценник \"ЦМРТ Петроградский - 4000\". Добавлен Ценник \"ЦМРТ Петроградский - 4000\". Добавлен Ценник \"ЦМРТ Петроградский - 4000\". Добавлен Ценник \"ЦМРТ Петроградский - 5000\". Добавлен Ценник \"ЦМРТ Петроградский - 6000\".'),(835,'2014-07-10 16:55:41',1,20,'8','ЦМРТ Петроградский',2,'Добавлен Ценник \"ЦМРТ Петроградский - 7000\". Добавлен Ценник \"ЦМРТ Петроградский - 6000\". Добавлен Ценник \"ЦМРТ Петроградский - 6000\". Добавлен Ценник \"ЦМРТ Петроградский - 12000\".'),(836,'2014-07-10 16:58:41',1,20,'8','ЦМРТ Петроградский',2,'Добавлен Ценник \"ЦМРТ Петроградский - 6000\". Добавлен Ценник \"ЦМРТ Петроградский - 5000\". Добавлен Ценник \"ЦМРТ Петроградский - 5000\".'),(837,'2014-07-10 17:01:30',1,20,'8','ЦМРТ Петроградский',2,'Добавлен Ценник \"ЦМРТ Петроградский - 2600\". Добавлен Ценник \"ЦМРТ Петроградский - без контраста 2600 \".'),(838,'2014-07-10 17:08:41',1,20,'8','ЦМРТ Петроградский',2,'Добавлен Ценник \"ЦМРТ Петроградский - 5600\". Добавлен Ценник \"ЦМРТ Петроградский - 2600\". Добавлен Ценник \"ЦМРТ Петроградский - 2600\". Добавлен Ценник \"ЦМРТ Петроградский - 2600\". Добавлен Ценник \"ЦМРТ Петроградский - 4000\". Добавлен Ценник \"ЦМРТ Петроградский - 2600\". Добавлен Ценник \"ЦМРТ Петроградский - без контраста от 2600 р.  <br> с контрастом от 4000\". Добавлен Ценник \"ЦМРТ Петроградский - без контраста от 2600 р.  <br> с контрастом от 4000\". Добавлен Ценник \"ЦМРТ Петроградский - 2600\". Изменены info и value для Ценник \"ЦМРТ Петроградский - без контраста от 2600 р.  <br> с контрастом от 4000\".'),(839,'2014-07-10 17:19:19',1,20,'8','ЦМРТ Петроградский',2,'Добавлен Ценник \"ЦМРТ Петроградский - 2600\". Добавлен Ценник \"ЦМРТ Петроградский - 2600\". Добавлен Ценник \"ЦМРТ Петроградский - 1600\". Добавлен Ценник \"ЦМРТ Петроградский - 2600\". Добавлен Ценник \"ЦМРТ Петроградский - 2600\". Добавлен Ценник \"ЦМРТ Петроградский - 2600\". Добавлен Ценник \"ЦМРТ Петроградский - 2600\". Добавлен Ценник \"ЦМРТ Петроградский - 2600\". Добавлен Ценник \"ЦМРТ Петроградский - 2600\". Добавлен Ценник \"ЦМРТ Петроградский - 4200\". Добавлен Ценник \"ЦМРТ Петроградский - без контраста от 2600 р.  <br> с контрастом от 4000\". Добавлен Ценник \"ЦМРТ Петроградский - с контрастом от 6100\". Добавлен Ценник \"ЦМРТ Петроградский - с контрастом от 6100\". Добавлен Ценник \"ЦМРТ Петроградский - с контрастом от 6100\". Добавлен Ценник \"ЦМРТ Петроградский - с контрастом от 6100\".'),(840,'2014-07-10 17:37:58',1,20,'10','МДЦ \"Энерго\"',2,'Добавлен Ценник \"МДЦ \"Энерго\" - 4900\". Добавлен Ценник \"МДЦ \"Энерго\" - 4900\". Добавлен Ценник \"МДЦ \"Энерго\" - 4000\". Добавлен Ценник \"МДЦ \"Энерго\" - 7000\". Добавлен Ценник \"МДЦ \"Энерго\" - 4000\". Добавлен Ценник \"МДЦ \"Энерго\" - 6800\". Добавлен Ценник \"МДЦ \"Энерго\" - 7000\". Добавлен Ценник \"МДЦ \"Энерго\" - 4900\". Добавлен Ценник \"МДЦ \"Энерго\" - от 3920\". Добавлен Ценник \"МДЦ \"Энерго\" - от 3920\". Добавлен Ценник \"МДЦ \"Энерго\" - 4000\". Добавлен Ценник \"МДЦ \"Энерго\" - 4000\". Добавлен Ценник \"МДЦ \"Энерго\" - 4000\". Добавлен Ценник \"МДЦ \"Энерго\" - 4000\".'),(841,'2014-07-10 17:41:59',1,20,'10','МДЦ \"Энерго\"',2,'Добавлен Ценник \"МДЦ \"Энерго\" - 4000\". Добавлен Ценник \"МДЦ \"Энерго\" - 4000\". Добавлен Ценник \"МДЦ \"Энерго\" - 5350\". Добавлен Ценник \"МДЦ \"Энерго\" - 5350\". Добавлен Ценник \"МДЦ \"Энерго\" - 5350\". Добавлен Ценник \"МДЦ \"Энерго\" - 5350\". Добавлен Ценник \"МДЦ \"Энерго\" - 5350\". Добавлен Ценник \"МДЦ \"Энерго\" - 5350\". Добавлен Ценник \"МДЦ \"Энерго\" - 5350\". Добавлен Ценник \"МДЦ \"Энерго\" - 10200\".'),(842,'2014-07-10 18:10:20',1,20,'10','МДЦ \"Энерго\"',2,'Добавлен Ценник \"МДЦ \"Энерго\" - 5200\". Добавлен Ценник \"МДЦ \"Энерго\" - 8100\". Добавлен Ценник \"МДЦ \"Энерго\" - 3200\". Добавлен Ценник \"МДЦ \"Энерго\" - 3800\". Добавлен Ценник \"МДЦ \"Энерго\" - от 4300\". Добавлен Ценник \"МДЦ \"Энерго\" - 3000\". Добавлен Ценник \"МДЦ \"Энерго\" - 3000\". Добавлен Ценник \"МДЦ \"Энерго\" - 3200\". Добавлен Ценник \"МДЦ \"Энерго\" - 3200\". Добавлен Ценник \"МДЦ \"Энерго\" - 3200\". Добавлен Ценник \"МДЦ \"Энерго\" - 4200\". Добавлен Ценник \"МДЦ \"Энерго\" - 5000\". Добавлен Ценник \"МДЦ \"Энерго\" - 6300\". Добавлен Ценник \"МДЦ \"Энерго\" - 3200\". Добавлен Ценник \"МДЦ \"Энерго\" - 3800\". Добавлен Ценник \"МДЦ \"Энерго\" - 4300\". Добавлен Ценник \"МДЦ \"Энерго\" - 7300\".'),(843,'2014-07-10 18:14:17',1,20,'10','МДЦ \"Энерго\"',2,'Добавлен Ценник \"МДЦ \"Энерго\" - 3200\". Добавлен Ценник \"МДЦ \"Энерго\" - 3200\". Добавлен Ценник \"МДЦ \"Энерго\" - 3200\". Добавлен Ценник \"МДЦ \"Энерго\" - 3200\". Добавлен Ценник \"МДЦ \"Энерго\" - 3200\". Добавлен Ценник \"МДЦ \"Энерго\" - 3200\". Добавлен Ценник \"МДЦ \"Энерго\" - 3200\". Добавлен Ценник \"МДЦ \"Энерго\" - 3200\". Добавлен Ценник \"МДЦ \"Энерго\" - 3200\". Добавлен Ценник \"МДЦ \"Энерго\" - 4200\".'),(844,'2014-07-10 18:14:38',1,20,'9','МДЦ \"Энерго\"',2,'Ни одно поле не изменено.'),(845,'2014-07-10 18:57:59',1,20,'12','Медицинская клиника «Она»',2,'Добавлен Ценник \"Медицинская клиника «Она» - 3700\". Добавлен Ценник \"Медицинская клиника «Она» - 3700\". Добавлен Ценник \"Медицинская клиника «Она» - 3700\". Добавлен Ценник \"Медицинская клиника «Она» - 3700\". Добавлен Ценник \"Медицинская клиника «Она» - 3700\". Добавлен Ценник \"Медицинская клиника «Она» - 4600\". Добавлен Ценник \"Медицинская клиника «Она» - 4200\". Добавлен Ценник \"Медицинская клиника «Она» - 4200\". Добавлен Ценник \"Медицинская клиника «Она» - 4200\". Добавлен Ценник \"Медицинская клиника «Она» - 4200\". Добавлен Ценник \"Медицинская клиника «Она» - 3700\". Добавлен Ценник \"Медицинская клиника «Она» - 3700\". Добавлен Ценник \"Медицинская клиника «Она» - 3700\". Добавлен Ценник \"Медицинская клиника «Она» - 3000\". Добавлен Ценник \"Медицинская клиника «Она» - 3000\". Добавлен Ценник \"Медицинская клиника «Она» - 6200\". Добавлен Ценник \"Медицинская клиника «Она» - 4600\". Добавлен Ценник \"Медицинская клиника «Она» - 2700\". Добавлен Ценник \"Медицинская клиника «Она» - 2700\". Добавлен Ценник \"Медицинская клиника «Она» - 2700\". Добавлен Ценник \"Медицинская клиника «Она» - 2700\". Добавлен Ценник \"Медицинская клиника «Она» - 2700\". Добавлен Ценник \"Медицинская клиника «Она» - 2700\". Добавлен Ценник \"Медицинская клиника «Она» - 2700\". Добавлен Ценник \"Медицинская клиника «Она» - 2700\". Добавлен Ценник \"Медицинская клиника «Она» - 2700\". Добавлен Ценник \"Медицинская клиника «Она» - 2700\". Добавлен Ценник \"Медицинская клиника «Она» - 2900\". Добавлен Ценник \"Медицинская клиника «Она» - 2900\". Добавлен Ценник \"Медицинская клиника «Она» - 2900\". Добавлен Ценник \"Медицинская клиника «Она» - 2000\". Добавлен Ценник \"Медицинская клиника «Она» - 3000\". Добавлен Ценник \"Медицинская клиника «Она» - 2700\".'),(846,'2014-07-10 19:00:10',1,20,'15','РНХИ им. проф. А.Л. Поленова',2,'Изменен site.'),(847,'2014-07-11 14:04:25',1,20,'15','РНХИ им. проф. А.Л. Поленова',2,'Добавлен Ценник \"РНХИ им. проф. А.Л. Поленова - 5000\".'),(848,'2014-07-11 14:07:02',1,20,'15','РНХИ им. проф. А.Л. Поленова',2,'Добавлен Ценник \"РНХИ им. проф. А.Л. Поленова - 2500\". Добавлен Ценник \"РНХИ им. проф. А.Л. Поленова - от 3000\". Изменены value для Ценник \"РНХИ им. проф. А.Л. Поленова - без контраста от 2500 р.  <br> с контрастом от 5500\".'),(849,'2014-07-11 14:41:20',1,20,'17','ГУП «Водоканал Санкт-Петербурга»',2,'Добавлен Ценник \"ГУП «Водоканал Санкт-Петербурга» - 4000\". Добавлен Ценник \"ГУП «Водоканал Санкт-Петербурга» - 3600\". Добавлен Ценник \"ГУП «Водоканал Санкт-Петербурга» - 3600\". Добавлен Ценник \"ГУП «Водоканал Санкт-Петербурга» - 6100\". Добавлен Ценник \"ГУП «Водоканал Санкт-Петербурга» - 6100\". Добавлен Ценник \"ГУП «Водоканал Санкт-Петербурга» - 6100\". Добавлен Ценник \"ГУП «Водоканал Санкт-Петербурга» - 6100\". Добавлен Ценник \"ГУП «Водоканал Санкт-Петербурга» - 8100\". Добавлен Ценник \"ГУП «Водоканал Санкт-Петербурга» - 3600\".'),(850,'2014-07-11 15:02:18',1,20,'17','ГУП «Водоканал Санкт-Петербурга»',2,'Добавлен Ценник \"ГУП «Водоканал Санкт-Петербурга» - без контраста 4000 р.  <br> с контрастом 8000\". Добавлен Ценник \"ГУП «Водоканал Санкт-Петербурга» - без контраста 4000 р.  <br> с контрастом 8000\". Добавлен Ценник \"ГУП «Водоканал Санкт-Петербурга» - 4000без контраста 4000 р.  <br> с контрастом 8000\". Добавлен Ценник \"ГУП «Водоканал Санкт-Петербурга» - 3500\". Добавлен Ценник \"ГУП «Водоканал Санкт-Петербурга» - без контраста 4200 р.  <br> с контрастом 8000\". Добавлен Ценник \"ГУП «Водоканал Санкт-Петербурга» - 4000\". Добавлен Ценник \"ГУП «Водоканал Санкт-Петербурга» - без контраста 4000 р.  <br> с контрастом 7100\". Добавлен Ценник \"ГУП «Водоканал Санкт-Петербурга» - 4000\". Добавлен Ценник \"ГУП «Водоканал Санкт-Петербурга» - 4000\". Добавлен Ценник \"ГУП «Водоканал Санкт-Петербурга» - без контраста 4000 р.  <br> с контрастом 8100\". Добавлен Ценник \"ГУП «Водоканал Санкт-Петербурга» - 6000\". Добавлен Ценник \"ГУП «Водоканал Санкт-Петербурга» - 4500\". Добавлен Ценник \"ГУП «Водоканал Санкт-Петербурга» - 4500\". Добавлен Ценник \"ГУП «Водоканал Санкт-Петербурга» - 4500\". Добавлен Ценник \"ГУП «Водоканал Санкт-Петербурга» - 4500\". Добавлен Ценник \"ГУП «Водоканал Санкт-Петербурга» - 4500\". Добавлен Ценник \"ГУП «Водоканал Санкт-Петербурга» - 4500\". Добавлен Ценник \"ГУП «Водоканал Санкт-Петербурга» - 4500\". Добавлен Ценник \"ГУП «Водоканал Санкт-Петербурга» - 4500\". Добавлен Ценник \"ГУП «Водоканал Санкт-Петербурга» - 4500\". Добавлен Ценник \"ГУП «Водоканал Санкт-Петербурга» - от 4500\". Добавлен Ценник \"ГУП «Водоканал Санкт-Петербурга» - от 4500\". Изменены value для Ценник \"ГУП «Водоканал Санкт-Петербурга» - без контраста 3600 р.  <br> с контрастом 8100\".'),(851,'2014-07-11 16:05:44',1,20,'17','ГУП «Водоканал Санкт-Петербурга»',2,'Добавлен Ценник \"ГУП «Водоканал Санкт-Петербурга» - 2650\". Добавлен Ценник \"ГУП «Водоканал Санкт-Петербурга» - 2650\". Добавлен Ценник \"ГУП «Водоканал Санкт-Петербурга» - 2650\". Добавлен Ценник \"ГУП «Водоканал Санкт-Петербурга» - 2650\". Добавлен Ценник \"ГУП «Водоканал Санкт-Петербурга» - 2650\". Добавлен Ценник \"ГУП «Водоканал Санкт-Петербурга» - без контраста 2650 р.  <br> с контрастом 5550\". Добавлен Ценник \"ГУП «Водоканал Санкт-Петербурга» - без контраста 2650 р.  <br> с контрастом 5550\". Добавлен Ценник \"ГУП «Водоканал Санкт-Петербурга» - 3000\". Добавлен Ценник \"ГУП «Водоканал Санкт-Петербурга» - 5500\". Добавлен Ценник \"ГУП «Водоканал Санкт-Петербурга» - без контраста 2650 р.  <br> с контрастом 5550\". Добавлен Ценник \"ГУП «Водоканал Санкт-Петербурга» - 3100\". Добавлен Ценник \"ГУП «Водоканал Санкт-Петербурга» - 2800\". Добавлен Ценник \"ГУП «Водоканал Санкт-Петербурга» - 2650\". Добавлен Ценник \"ГУП «Водоканал Санкт-Петербурга» - без контраста 2650 р.  <br> с контрастом 5550\". Добавлен Ценник \"ГУП «Водоканал Санкт-Петербурга» - 2650\". Добавлен Ценник \"ГУП «Водоканал Санкт-Петербурга» - 2650\". Добавлен Ценник \"ГУП «Водоканал Санкт-Петербурга» - 2650\". Добавлен Ценник \"ГУП «Водоканал Санкт-Петербурга» - 2650\". Добавлен Ценник \"ГУП «Водоканал Санкт-Петербурга» - 2650\". Добавлен Ценник \"ГУП «Водоканал Санкт-Петербурга» - 2650\". Добавлен Ценник \"ГУП «Водоканал Санкт-Петербурга» - 2650\". Добавлен Ценник \"ГУП «Водоканал Санкт-Петербурга» - 2650\". Добавлен Ценник \"ГУП «Водоканал Санкт-Петербурга» - 2650\". Добавлен Ценник \"ГУП «Водоканал Санкт-Петербурга» - 2650\". Добавлен Ценник \"ГУП «Водоканал Санкт-Петербурга» - 4000\". Добавлен Ценник \"ГУП «Водоканал Санкт-Петербурга» - 4000\". Добавлен Ценник \"ГУП «Водоканал Санкт-Петербурга» - 4000\". Добавлен Ценник \"ГУП «Водоканал Санкт-Петербурга» - 3400\".'),(852,'2014-07-11 17:14:21',1,20,'18','ЦМРТ профессора В.А. Фокина',2,'Добавлен Ценник \"ЦМРТ профессора В.А. Фокина - 3500\". Добавлен Ценник \"ЦМРТ профессора В.А. Фокина - 2500\". Добавлен Ценник \"ЦМРТ профессора В.А. Фокина - 3500\". Добавлен Ценник \"ЦМРТ профессора В.А. Фокина - 3500\". Добавлен Ценник \"ЦМРТ профессора В.А. Фокина - 3500\". Добавлен Ценник \"ЦМРТ профессора В.А. Фокина - 3500\". Добавлен Ценник \"ЦМРТ профессора В.А. Фокина - 3500\". Добавлен Ценник \"ЦМРТ профессора В.А. Фокина - 4000\". Добавлен Ценник \"ЦМРТ профессора В.А. Фокина - 3500\". Добавлен Ценник \"ЦМРТ профессора В.А. Фокина - 4000\". Добавлен Ценник \"ЦМРТ профессора В.А. Фокина - 4000\". Добавлен Ценник \"ЦМРТ профессора В.А. Фокина - 4000\". Добавлен Ценник \"ЦМРТ профессора В.А. Фокина - 4000\". Добавлен Ценник \"ЦМРТ профессора В.А. Фокина - 6000\". Добавлен Ценник \"ЦМРТ профессора В.А. Фокина - 4000\". Добавлен Ценник \"ЦМРТ профессора В.А. Фокина - 4000\". Добавлен Ценник \"ЦМРТ профессора В.А. Фокина - 5000\". Добавлен Ценник \"ЦМРТ профессора В.А. Фокина - 7000\". Добавлен Ценник \"ЦМРТ профессора В.А. Фокина - 6000\". Добавлен Ценник \"ЦМРТ профессора В.А. Фокина - 6000\". Добавлен Ценник \"ЦМРТ профессора В.А. Фокина - 8000\". Добавлен Ценник \"ЦМРТ профессора В.А. Фокина - 8000\". Добавлен Ценник \"ЦМРТ профессора В.А. Фокина - 12000\". Добавлен Ценник \"ЦМРТ профессора В.А. Фокина - 6000\". Добавлен Ценник \"ЦМРТ профессора В.А. Фокина - от 4900\". Добавлен Ценник \"ЦМРТ профессора В.А. Фокина - 3500\".'),(853,'2014-07-11 17:16:16',1,20,'8','ЦМРТ Петроградский',2,'Изменены apparat для Ценник \"ЦМРТ Петроградский - 2600\". Изменены apparat для Ценник \"ЦМРТ Петроградский - без контраста от 2600 р.  <br> с контрастом от 4000\". Изменены apparat для Ценник \"ЦМРТ Петроградский - 5600\". Изменены apparat для Ценник \"ЦМРТ Петроградский - 2600\". Изменены apparat для Ценник \"ЦМРТ Петроградский - 2600\". Изменены apparat для Ценник \"ЦМРТ Петроградский - 2600\". Изменены apparat для Ценник \"ЦМРТ Петроградский - 4000\". Изменены apparat для Ценник \"ЦМРТ Петроградский - 2600\". Изменены apparat для Ценник \"ЦМРТ Петроградский - без контраста от 2600 р.  <br> с контрастом от 4000\". Изменены apparat для Ценник \"ЦМРТ Петроградский - без контраста от 2600 р.  <br> с контрастом от 4000\". Изменены apparat для Ценник \"ЦМРТ Петроградский - 2600\". Изменены apparat для Ценник \"ЦМРТ Петроградский - 2600\". Изменены apparat для Ценник \"ЦМРТ Петроградский - 2600\". Изменены apparat для Ценник \"ЦМРТ Петроградский - 1600\". Изменены apparat для Ценник \"ЦМРТ Петроградский - 2600\". Изменены apparat для Ценник \"ЦМРТ Петроградский - 2600\". Изменены apparat для Ценник \"ЦМРТ Петроградский - 2600\". Изменены apparat для Ценник \"ЦМРТ Петроградский - 2600\". Изменены apparat для Ценник \"ЦМРТ Петроградский - 2600\". Изменены apparat для Ценник \"ЦМРТ Петроградский - 2600\". Изменены apparat для Ценник \"ЦМРТ Петроградский - 4200\". Изменены apparat для Ценник \"ЦМРТ Петроградский - без контраста от 2600 р.  <br> с контрастом от 4000\". Изменены apparat для Ценник \"ЦМРТ Петроградский - с контрастом от 6100\". Изменены apparat для Ценник \"ЦМРТ Петроградский - с контрастом от 6100\". Изменены apparat для Ценник \"ЦМРТ Петроградский - с контрастом от 6100\". Изменены apparat для Ценник \"ЦМРТ Петроградский - с контрастом от 6100\".'),(854,'2014-07-11 17:35:35',1,20,'22','Александровская больница',1,''),(855,'2014-07-11 17:35:50',1,20,'22','Городская Александровская больница №17',2,'Изменен name.'),(856,'2014-07-11 17:43:19',1,20,'22','Городская Александровская больница №17',2,'Добавлен Ценник \"Городская Александровская больница №17 - 3000\".'),(857,'2014-07-11 17:55:34',1,20,'22','Городская Александровская больница №17',2,'Добавлен Ценник \"Городская Александровская больница №17 - 6000\". Добавлен Ценник \"Городская Александровская больница №17 - 4000\". Добавлен Ценник \"Городская Александровская больница №17 - 4000\". Добавлен Ценник \"Городская Александровская больница №17 - 5000\". Добавлен Ценник \"Городская Александровская больница №17 - 4500\". Добавлен Ценник \"Городская Александровская больница №17 - 4500\". Добавлен Ценник \"Городская Александровская больница №17 - 6500\".'),(858,'2014-07-11 18:00:26',1,20,'22','Городская Александровская больница №17',2,'Добавлен Ценник \"Городская Александровская больница №17 - 6500\". Добавлен Ценник \"Городская Александровская больница №17 - 4500\". Добавлен Ценник \"Городская Александровская больница №17 - 4500\". Добавлен Ценник \"Городская Александровская больница №17 - 4500\".'),(859,'2014-07-14 13:05:49',1,20,'1','МДЦ \"Рэмси Диагностика\"',2,'Изменен active.'),(860,'2014-07-14 13:08:10',1,20,'1','МДЦ \"Рэмси Диагностика\"',2,'Изменен active.'),(861,'2014-07-14 15:19:14',1,20,'1','МДЦ \"Рэмси Диагностика\"',2,'Изменен active.'),(862,'2014-07-14 15:22:36',1,16,'1','(BannerBlock) первый',2,'Изменен text и period.'),(863,'2014-07-14 15:23:16',1,16,'1','(BannerBlock) первый',2,'Изменен text.'),(864,'2014-07-14 15:23:36',1,16,'1','(BannerBlock) первый',2,'Изменен text.'),(865,'2014-07-14 15:26:26',1,30,'2','АКЦИЯ! ВЕРНЕМ 100 р. на счет мобильного',2,'Изменен title,short,display и due_date.'),(866,'2014-07-14 15:26:58',1,30,'2','АКЦИЯ! ВЕРНЕМ 100 р. на счет мобильного телефона',2,'Изменен title.'),(867,'2014-07-14 15:27:49',1,16,'1','(BannerBlock) первый',2,'Изменен text.'),(868,'2014-07-14 15:31:48',1,20,'17','ГУП «Водоканал Санкт-Петербурга»',2,'Изменены value для Ценник \"ГУП «Водоканал Санкт-Петербурга» - без контраста 4000 р.  <br> с контрастом 8000\".'),(869,'2014-07-14 16:59:18',2,29,'27','КТ сосудов',2,'Изменен body. Изменены  для SEO (Model Instance) \"/kt-sosudy\".'),(870,'2014-07-14 16:59:49',2,29,'27','Компьютерная томография сосудов',2,'Изменен title. Изменены  для SEO (Model Instance) \"/kt-sosudy\".'),(871,'2014-07-14 17:00:40',2,29,'27','КТ сосудов',2,'Изменен title и body. Изменены title,description и keywords для SEO (Model Instance) \"/kt-sosudy\".'),(872,'2014-07-14 17:03:10',2,29,'27','КТ сосудов',2,'Изменен body. Изменены title,description и keywords для SEO (Model Instance) \"/kt-sosudy\".'),(873,'2014-07-14 17:05:06',2,29,'27','КТ сосудов',2,'Изменен body. Изменены  для SEO (Model Instance) \"/kt-sosudy\".'),(874,'2014-07-14 17:06:07',2,29,'27','КТ сосудов',2,'Изменен body. Изменены  для SEO (Model Instance) \"/kt-sosudy\".'),(875,'2014-07-14 17:07:31',2,29,'21','МРТ шейного отдела',2,'Изменен body. Изменены  для SEO (Model Instance) \"/mrt-sheinyi-otdel\".'),(876,'2014-07-14 17:09:01',2,29,'22','МРТ крестцово поясничного отдела',2,'Изменен body. Изменены  для SEO (Model Instance) \"/mrt-poyasnichnyi-otdel\".'),(877,'2014-07-14 17:10:15',2,29,'28','КТ суставов',2,'Изменен body. Изменены  для SEO (Model Instance) \"/kt-sustavy\".'),(878,'2014-07-14 18:41:35',1,20,'1','МДЦ \"Рэмси Диагностика\"',2,'Изменен active.'),(879,'2014-07-14 18:42:09',1,20,'1','МДЦ \"Рэмси Диагностика\"',2,'Изменен active.'),(880,'2014-07-14 19:53:05',1,20,'5','ЛДЦ МИБС им. Березина',2,'Изменен active,info1 и info2.'),(881,'2014-07-14 19:54:58',1,20,'6','МЦ МРТ',2,'Изменен active.'),(882,'2014-07-14 19:57:11',1,20,'6','МЦ МРТ',2,'Изменен active.'),(883,'2014-07-14 19:59:26',1,20,'5','ЛДЦ МИБС им. Березина',2,'Изменен active.'),(884,'2014-07-15 07:24:29',1,20,'5','ЛДЦ МИБС им. Березина',2,'Изменен info2.'),(885,'2014-07-15 07:32:20',1,20,'5','ЛДЦ МИБС им. Березина',2,'Изменен info2.'),(886,'2014-07-15 07:34:54',1,20,'5','ЛДЦ МИБС им. Березина',2,'Изменен info2.'),(887,'2014-07-15 08:53:20',1,20,'6','МЦ МРТ',2,'Изменены value для Ценник \"МЦ МРТ - и гипофиза <bк> 6300\".'),(888,'2014-07-15 09:39:49',1,29,'21','МРТ шейного отдела',2,'Изменен body. Изменены  для SEO (Model Instance) \"/mrt-sheinyi-otdel\".'),(889,'2014-07-15 09:47:13',1,20,'6','МЦ МРТ',2,'Изменен metro. Изменены value для Ценник \"МЦ МРТ - 5200\".'),(890,'2014-07-15 10:31:02',1,20,'6','МЦ МРТ',2,'Изменен info2. Изменены info и value для Ценник \"МЦ МРТ - 6300\".'),(891,'2014-07-15 10:31:10',1,20,'6','МЦ МАРТ',2,'Изменен name.'),(892,'2014-07-15 10:31:26',1,29,'21','МРТ шейного отдела',2,'Изменены description и keywords для SEO (Model Instance) \"/mrt-sheinyi-otdel\".'),(893,'2014-07-15 10:31:57',1,20,'6','МЦ МАРТ',2,'Изменен info2. Изменены info для Ценник \"МЦ МАРТ - 6300\".'),(894,'2014-07-15 10:57:38',1,20,'6','МЦ МАРТ',2,'Изменены sale для Ценник \"МЦ МАРТ - 6300\".'),(895,'2014-07-15 12:12:00',1,29,'22','МРТ крестцово поясничного отдела',2,'Удален SEO (Model Instance) \"/mrt-poyasnichnyi-otdel\".'),(896,'2014-07-15 12:14:26',1,29,'22','МРТ крестцово поясничного отдела',2,'Добавлен SEO (Model Instance) \"/page/mrt-poyasnichnyi-otdel\".'),(897,'2014-07-15 12:31:57',1,27,'4','uslugi',2,'Добавлен Элемент меню \"uslugi - fsdfsd\".'),(898,'2014-07-15 12:32:15',1,27,'4','uslugi',2,'Добавлен Элемент меню \"uslugi - \".'),(899,'2014-07-15 12:32:45',1,27,'4','uslugi',2,'Изменены parent и page для Элемент меню \"uslugi - 404\".'),(900,'2014-07-15 12:32:58',1,27,'4','uslugi',2,'Изменены active для Элемент меню \"uslugi - 404\".'),(901,'2014-07-15 12:33:21',1,27,'4','uslugi',2,'Изменены title для Элемент меню \"uslugi - 404\". Изменены active для Элемент меню \"uslugi - \".'),(902,'2014-07-15 12:33:40',1,27,'4','uslugi',2,'Изменены title для Элемент меню \"uslugi - 404\".'),(903,'2014-07-15 12:34:02',1,27,'4','uslugi',2,'Изменены title и page для Элемент меню \"uslugi - КТ головного мозга\".'),(904,'2014-07-15 12:34:17',1,27,'4','uslugi',2,'Удален Элемент меню \"uslugi - КТ головного мозга\".'),(905,'2014-07-15 12:34:25',1,27,'4','uslugi',2,'Удален Элемент меню \"uslugi - \".'),(906,'2014-07-15 13:10:49',1,29,'22','МРТ крестцово поясничного отдела',2,'Удален SEO (Model Instance) \"/page/mrt-poyasnichnyi-otdel\".'),(907,'2014-07-15 13:10:56',1,29,'22','МРТ крестцово поясничного отдела',2,'Добавлен SEO (Model Instance) \"/mrt-poyasnichnyi-otdel\".'),(908,'2014-07-15 13:12:04',1,29,'27','КТ сосудов',2,'Изменены title,description и keywords для SEO (Model Instance) \"/kt-sosudy\".'),(909,'2014-07-15 13:13:15',1,29,'31','ОТЗЫВЫ',1,''),(910,'2014-07-15 13:13:31',1,29,'31','Отзывы',2,'Изменен title. Изменены  для SEO (Model Instance) \"/otzyvy\".'),(911,'2014-07-15 13:14:39',1,29,'4','404',2,'Изменены  для SEO (Model Instance) \"/404\".');
/*!40000 ALTER TABLE `django_admin_log` ENABLE KEYS */;
UNLOCK TABLES;

--
-- Table structure for table `django_content_type`
--

DROP TABLE IF EXISTS `django_content_type`;
/*!40101 SET @saved_cs_client     = @@character_set_client */;
/*!40101 SET character_set_client = utf8 */;
CREATE TABLE `django_content_type` (
  `id` int(11) NOT NULL AUTO_INCREMENT,
  `name` varchar(100) NOT NULL,
  `app_label` varchar(100) NOT NULL,
  `model` varchar(100) NOT NULL,
  PRIMARY KEY (`id`),
  UNIQUE KEY `app_label` (`app_label`,`model`)
) ENGINE=MyISAM AUTO_INCREMENT=47 DEFAULT CHARSET=utf8;
/*!40101 SET character_set_client = @saved_cs_client */;

--
-- Dumping data for table `django_content_type`
--

LOCK TABLES `django_content_type` WRITE;
/*!40000 ALTER TABLE `django_content_type` DISABLE KEYS */;
INSERT INTO `django_content_type` VALUES (1,'log entry','admin','logentry'),(2,'permission','auth','permission'),(3,'group','auth','group'),(4,'user','auth','user'),(5,'content type','contenttypes','contenttype'),(6,'session','sessions','session'),(7,'site','sites','site'),(8,'kv store','thumbnail','kvstore'),(9,'migration history','south','migrationhistory'),(10,'generic flatblock','django_generic_flatblocks','genericflatblock'),(11,'title','gblocks','title'),(12,'text','gblocks','text'),(13,'image','gblocks','image'),(14,'title and text','gblocks','titleandtext'),(15,'title text and image','gblocks','titletextandimage'),(16,'banner','gblocks','banner'),(17,'Метро','device','metro'),(18,'Мощность','device','power'),(19,'Вид аппарата','device','apparat'),(20,'Исследовательский центр','device','center'),(21,'Вид обследования','device','inspection'),(22,'Цена','device','pricelist'),(23,'SEO (Path)','seo','seometadatapath'),(24,'SEO (Model Instance)','seo','seometadatamodelinstance'),(25,'SEO (Model)','seo','seometadatamodel'),(26,'SEO (View)','seo','seometadataview'),(27,'Меню','page','actiongroup'),(28,'Элемент меню','page','action'),(29,'текстовая страница','page','page'),(30,'Новость','news','news'),(31,'bookmark','menu','bookmark'),(32,'dashboard preferences','dashboard','dashboardpreferences'),(33,'Form entry','forms','formentry'),(34,'Form field entry','forms','fieldentry'),(35,'Form','forms','form'),(36,'Field','forms','field'),(37,'Folder','filer','folder'),(38,'folder permission','filer','folderpermission'),(39,'file','filer','file'),(40,'clipboard','filer','clipboard'),(41,'clipboard item','filer','clipboarditem'),(42,'image','filer','image'),(43,'source','easy_thumbnails','source'),(44,'thumbnail','easy_thumbnails','thumbnail'),(45,'thumbnail dimensions','easy_thumbnails','thumbnaildimensions'),(46,'слайд','slider','slider');
/*!40000 ALTER TABLE `django_content_type` ENABLE KEYS */;
UNLOCK TABLES;

--
-- Table structure for table `django_generic_flatblocks_genericflatblock`
--

DROP TABLE IF EXISTS `django_generic_flatblocks_genericflatblock`;
/*!40101 SET @saved_cs_client     = @@character_set_client */;
/*!40101 SET character_set_client = utf8 */;
CREATE TABLE `django_generic_flatblocks_genericflatblock` (
  `id` int(11) NOT NULL AUTO_INCREMENT,
  `slug` varchar(255) NOT NULL,
  `content_type_id` int(11) NOT NULL,
  `object_id` int(10) unsigned NOT NULL,
  PRIMARY KEY (`id`),
  UNIQUE KEY `slug` (`slug`),
  KEY `django_generic_flatblocks_genericflatblock_37ef4eb4` (`content_type_id`)
) ENGINE=MyISAM AUTO_INCREMENT=12 DEFAULT CHARSET=utf8;
/*!40101 SET character_set_client = @saved_cs_client */;

--
-- Dumping data for table `django_generic_flatblocks_genericflatblock`
--

LOCK TABLES `django_generic_flatblocks_genericflatblock` WRITE;
/*!40000 ALTER TABLE `django_generic_flatblocks_genericflatblock` DISABLE KEYS */;
INSERT INTO `django_generic_flatblocks_genericflatblock` VALUES (1,'help',14,1),(2,'phone',12,1),(3,'about_mrt',14,2),(4,'about_kt',14,3),(5,'robots_txt',12,2),(6,'footer_block',14,4),(7,'our_choice',16,1),(8,'title_end',11,1),(9,'meta_block',14,5),(10,'meta_b',12,3),(11,'footer_b',12,4);
/*!40000 ALTER TABLE `django_generic_flatblocks_genericflatblock` ENABLE KEYS */;
UNLOCK TABLES;

--
-- Table structure for table `django_session`
--

DROP TABLE IF EXISTS `django_session`;
/*!40101 SET @saved_cs_client     = @@character_set_client */;
/*!40101 SET character_set_client = utf8 */;
CREATE TABLE `django_session` (
  `session_key` varchar(40) NOT NULL,
  `session_data` longtext NOT NULL,
  `expire_date` datetime NOT NULL,
  PRIMARY KEY (`session_key`),
  KEY `django_session_b7b81f0c` (`expire_date`)
) ENGINE=MyISAM DEFAULT CHARSET=utf8;
/*!40101 SET character_set_client = @saved_cs_client */;

--
-- Dumping data for table `django_session`
--

LOCK TABLES `django_session` WRITE;
/*!40000 ALTER TABLE `django_session` DISABLE KEYS */;
INSERT INTO `django_session` VALUES ('f7ubtaxmahg8jgrjorlzh4zj4dsponow','NTdkMDU5ZDI1ZDczYWMzZDkzYzlkNmE3YTE3MzQyYWIxOTlhODc4ZTp7InNvcnQiOiItY3JlYXRpb25fZGF0ZSIsIl9tZXNzYWdlcyI6IltbXCJfX2pzb25fbWVzc2FnZVwiLDAsMjUsXCJcXHUwNDEyXFx1MDQzOFxcdTA0MzQgXFx1MDQzZVxcdTA0MzFcXHUwNDQxXFx1MDQzYlxcdTA0MzVcXHUwNDM0XFx1MDQzZVxcdTA0MzJcXHUwNDMwXFx1MDQzZFxcdTA0MzhcXHUwNDRmIFxcXCJcXHUwNDFjXFx1MDQyMFxcdTA0MjIgXFx1MDQzM1xcdTA0M2VcXHUwNDNiXFx1MDQzZVxcdTA0MzJcXHUwNDNkXFx1MDQzZVxcdTA0MzNcXHUwNDNlIFxcdTA0M2NcXHUwNDNlXFx1MDQzN1xcdTA0MzNcXHUwNDMwXFxcIiBcXHUwNDMxXFx1MDQ0YlxcdTA0M2IgXFx1MDQ0M1xcdTA0NDFcXHUwNDNmXFx1MDQzNVxcdTA0NDhcXHUwNDNkXFx1MDQzZSBcXHUwNDM4XFx1MDQzN1xcdTA0M2NcXHUwNDM1XFx1MDQzZFxcdTA0MzVcXHUwNDNkLlwiXSxbXCJfX2pzb25fbWVzc2FnZVwiLDAsMjUsXCJ0aXRsZSBhbmQgdGV4dCBcXFwiKFRpdGxlQW5kVGV4dEJsb2NrKSBcXHUwNDFmXFx1MDQzZVxcdTA0NDdcXHUwNDM1XFx1MDQzY1xcdTA0NDMgXFx1MDQxY1xcdTA0MjBcXHUwNDIyP1xcXCIgXFx1MDQzMVxcdTA0NGJcXHUwNDNiIFxcdTA0NDNcXHUwNDQxXFx1MDQzZlxcdTA0MzVcXHUwNDQ4XFx1MDQzZFxcdTA0M2UgXFx1MDQzOFxcdTA0MzdcXHUwNDNjXFx1MDQzNVxcdTA0M2RcXHUwNDM1XFx1MDQzZC5cIl0sW1wiX19qc29uX21lc3NhZ2VcIiwwLDI1LFwidGl0bGUgYW5kIHRleHQgXFxcIihUaXRsZUFuZFRleHRCbG9jaykgXFx1MDQyN1xcdTA0NDJcXHUwNDNlIFxcdTA0M2ZcXHUwNDNlXFx1MDQzYVxcdTA0MzBcXHUwNDM2XFx1MDQzNVxcdTA0NDIgXFx1MDQxYVxcdTA0MjI/XFxcIiBcXHUwNDMxXFx1MDQ0YlxcdTA0M2IgXFx1MDQ0M1xcdTA0NDFcXHUwNDNmXFx1MDQzNVxcdTA0NDhcXHUwNDNkXFx1MDQzZSBcXHUwNDM4XFx1MDQzN1xcdTA0M2NcXHUwNDM1XFx1MDQzZFxcdTA0MzVcXHUwNDNkLlwiXV0iLCJfYXV0aF91c2VyX2lkIjoxLCJfYXV0aF91c2VyX2JhY2tlbmQiOiJkamFuZ28uY29udHJpYi5hdXRoLmJhY2tlbmRzLk1vZGVsQmFja2VuZCJ9','2014-06-15 17:01:19'),('93p142eq59dwnay3jcksk12b75t2bl63','ZmM3ZTNjYjdmNzNiZDNkYzcwOGYwNzljYmNiNGRjOTVkOTkxOGM2ZTp7InNvcnQiOiItY3JlYXRpb25fZGF0ZSIsIl9tZXNzYWdlcyI6IltbXCJfX2pzb25fbWVzc2FnZVwiLDAsMjUsXCJcXHUwNDE4XFx1MDQ0MVxcdTA0NDFcXHUwNDNiXFx1MDQzNVxcdTA0MzRcXHUwNDNlXFx1MDQzMlxcdTA0MzBcXHUwNDQyXFx1MDQzNVxcdTA0M2JcXHUwNDRjXFx1MDQ0MVxcdTA0M2FcXHUwNDM4XFx1MDQzOSBcXHUwNDQ2XFx1MDQzNVxcdTA0M2RcXHUwNDQyXFx1MDQ0MCBcXFwidGVzdDFcXFwiIFxcdTA0MzFcXHUwNDRiXFx1MDQzYiBcXHUwNDQzXFx1MDQ0MVxcdTA0M2ZcXHUwNDM1XFx1MDQ0OFxcdTA0M2RcXHUwNDNlIFxcdTA0MzhcXHUwNDM3XFx1MDQzY1xcdTA0MzVcXHUwNDNkXFx1MDQzNVxcdTA0M2QuXCJdLFtcIl9fanNvbl9tZXNzYWdlXCIsMCwyNSxcIlxcdTA0MThcXHUwNDQxXFx1MDQ0MVxcdTA0M2JcXHUwNDM1XFx1MDQzNFxcdTA0M2VcXHUwNDMyXFx1MDQzMFxcdTA0NDJcXHUwNDM1XFx1MDQzYlxcdTA0NGNcXHUwNDQxXFx1MDQzYVxcdTA0MzhcXHUwNDM5IFxcdTA0NDZcXHUwNDM1XFx1MDQzZFxcdTA0NDJcXHUwNDQwIFxcXCJ0ZXN0M1xcXCIgXFx1MDQzMVxcdTA0NGJcXHUwNDNiIFxcdTA0NDNcXHUwNDQxXFx1MDQzZlxcdTA0MzVcXHUwNDQ4XFx1MDQzZFxcdTA0M2UgXFx1MDQzOFxcdTA0MzdcXHUwNDNjXFx1MDQzNVxcdTA0M2RcXHUwNDM1XFx1MDQzZC5cIl0sW1wiX19qc29uX21lc3NhZ2VcIiwwLDI1LFwiXFx1MDQxOFxcdTA0NDFcXHUwNDQxXFx1MDQzYlxcdTA0MzVcXHUwNDM0XFx1MDQzZVxcdTA0MzJcXHUwNDMwXFx1MDQ0MlxcdTA0MzVcXHUwNDNiXFx1MDQ0Y1xcdTA0NDFcXHUwNDNhXFx1MDQzOFxcdTA0MzkgXFx1MDQ0NlxcdTA0MzVcXHUwNDNkXFx1MDQ0MlxcdTA0NDAgXFxcInRlc3QzXFxcIiBcXHUwNDQzXFx1MDQ0MVxcdTA0M2ZcXHUwNDM1XFx1MDQ0OFxcdTA0M2RcXHUwNDNlIFxcdTA0MzhcXHUwNDM3XFx1MDQzY1xcdTA0MzVcXHUwNDNkXFx1MDQzNVxcdTA0M2QuIFxcdTA0MWRcXHUwNDM4XFx1MDQzNlxcdTA0MzUgXFx1MDQzMlxcdTA0NGIgXFx1MDQzY1xcdTA0M2VcXHUwNDM2XFx1MDQzNVxcdTA0NDJcXHUwNDM1IFxcdTA0NDBcXHUwNDM1XFx1MDQzNFxcdTA0MzBcXHUwNDNhXFx1MDQ0MlxcdTA0MzhcXHUwNDQwXFx1MDQzZVxcdTA0MzJcXHUwNDMwXFx1MDQ0MlxcdTA0NGMgXFx1MDQ0MVxcdTA0M2RcXHUwNDNlXFx1MDQzMlxcdTA0MzAuXCJdLFtcIl9fanNvbl9tZXNzYWdlXCIsMCwyNSxcIlxcdTA0MThcXHUwNDQxXFx1MDQ0MVxcdTA0M2JcXHUwNDM1XFx1MDQzNFxcdTA0M2VcXHUwNDMyXFx1MDQzMFxcdTA0NDJcXHUwNDM1XFx1MDQzYlxcdTA0NGNcXHUwNDQxXFx1MDQzYVxcdTA0MzhcXHUwNDM5IFxcdTA0NDZcXHUwNDM1XFx1MDQzZFxcdTA0NDJcXHUwNDQwIFxcXCJ0ZXN0MVxcXCIgXFx1MDQzMVxcdTA0NGJcXHUwNDNiIFxcdTA0NDNcXHUwNDQxXFx1MDQzZlxcdTA0MzVcXHUwNDQ4XFx1MDQzZFxcdTA0M2UgXFx1MDQzOFxcdTA0MzdcXHUwNDNjXFx1MDQzNVxcdTA0M2RcXHUwNDM1XFx1MDQzZC5cIl0sW1wiX19qc29uX21lc3NhZ2VcIiwwLDI1LFwiXFx1MDQxOFxcdTA0NDFcXHUwNDQxXFx1MDQzYlxcdTA0MzVcXHUwNDM0XFx1MDQzZVxcdTA0MzJcXHUwNDMwXFx1MDQ0MlxcdTA0MzVcXHUwNDNiXFx1MDQ0Y1xcdTA0NDFcXHUwNDNhXFx1MDQzOFxcdTA0MzkgXFx1MDQ0NlxcdTA0MzVcXHUwNDNkXFx1MDQ0MlxcdTA0NDAgXFxcIkFkdmFuY2VkIEZlcnRpbGl0eSBDbGluaWNcXFwiIFxcdTA0MzFcXHUwNDRiXFx1MDQzYiBcXHUwNDQzXFx1MDQ0MVxcdTA0M2ZcXHUwNDM1XFx1MDQ0OFxcdTA0M2RcXHUwNDNlIFxcdTA0MzhcXHUwNDM3XFx1MDQzY1xcdTA0MzVcXHUwNDNkXFx1MDQzNVxcdTA0M2QuXCJdXSIsIl9hdXRoX3VzZXJfaWQiOjEsIl9hdXRoX3VzZXJfYmFja2VuZCI6ImRqYW5nby5jb250cmliLmF1dGguYmFja2VuZHMuTW9kZWxCYWNrZW5kIn0=','2014-06-19 14:32:29'),('9th19wjhm6n4bdi72ps73kyc8jvhy54p','N2M0YzJiYzc1MzFmYmFkZGZhMTkwNGRkMzZiZWRkN2Q0ZmFhNTBlNzp7Il9tZXNzYWdlcyI6IltbXCJfX2pzb25fbWVzc2FnZVwiLDAsMjUsXCJcXHUwNDFjXFx1MDQzZVxcdTA0NDlcXHUwNDNkXFx1MDQzZVxcdTA0NDFcXHUwNDQyXFx1MDQ0YyBcXFwiMC4yXFxcIiBcXHUwNDMxXFx1MDQ0YlxcdTA0M2IgXFx1MDQ0M1xcdTA0NDFcXHUwNDNmXFx1MDQzNVxcdTA0NDhcXHUwNDNkXFx1MDQzZSBcXHUwNDM0XFx1MDQzZVxcdTA0MzFcXHUwNDMwXFx1MDQzMlxcdTA0M2JcXHUwNDM1XFx1MDQzZC5cIl1dIiwiX2F1dGhfdXNlcl9pZCI6MSwiX2F1dGhfdXNlcl9iYWNrZW5kIjoiZGphbmdvLmNvbnRyaWIuYXV0aC5iYWNrZW5kcy5Nb2RlbEJhY2tlbmQifQ==','2014-06-13 18:29:21'),('6ua6nr53q2wjhwpey97tknlaeuxt1f0o','M2EyMGUwNTI4ZWFhN2NkMmM5NDg3M2U0NTg0MDg5MDg3ZThkYmEyYjp7ImZpbGVyX2xhc3RfZm9sZGVyX2lkIjpudWxsLCJfYXV0aF91c2VyX2lkIjoxLCJfYXV0aF91c2VyX2JhY2tlbmQiOiJkamFuZ28uY29udHJpYi5hdXRoLmJhY2tlbmRzLk1vZGVsQmFja2VuZCJ9','2014-06-13 06:48:33'),('xlsd5nxsoj4028ysoye21og1vqedbdj9','ODE0YTIyZjQ4OGZlOWUyZmY1NjE2ZWM1NjZjNGFiMGU2ZjIzOTg1NDp7Il9tZXNzYWdlcyI6IltbXCJfX2pzb25fbWVzc2FnZVwiLDAsMjUsXCJcXHUwNDIzXFx1MDQ0MVxcdTA0M2ZcXHUwNDM1XFx1MDQ0OFxcdTA0M2RcXHUwNDNlIFxcdTA0NDNcXHUwNDM0XFx1MDQzMFxcdTA0M2JcXHUwNDM1XFx1MDQzZFxcdTA0NGIgMiBcXHUwNDFjXFx1MDQzNVxcdTA0NDJcXHUwNDQwXFx1MDQzZS5cIl0sW1wiX19qc29uX21lc3NhZ2VcIiwwLDI1LFwiXFx1MDQxY1xcdTA0MzVcXHUwNDQyXFx1MDQ0MFxcdTA0M2UgXFxcIlxcdTA0MmRcXHUwNDNiXFx1MDQzNVxcdTA0M2FcXHUwNDQyXFx1MDQ0MFxcdTA0M2VcXHUwNDQxXFx1MDQzOFxcdTA0M2JcXHUwNDMwXFxcIiBcXHUwNDMxXFx1MDQ0YlxcdTA0M2IgXFx1MDQ0M1xcdTA0NDFcXHUwNDNmXFx1MDQzNVxcdTA0NDhcXHUwNDNkXFx1MDQzZSBcXHUwNDM0XFx1MDQzZVxcdTA0MzFcXHUwNDMwXFx1MDQzMlxcdTA0M2JcXHUwNDM1XFx1MDQzZC5cIl0sW1wiX19qc29uX21lc3NhZ2VcIiwwLDI1LFwiXFx1MDQxY1xcdTA0MzVcXHUwNDQyXFx1MDQ0MFxcdTA0M2UgXFxcIlxcdTA0MjdcXHUwNDNhXFx1MDQzMFxcdTA0M2JcXHUwNDNlXFx1MDQzMlxcdTA0NDFcXHUwNDNhXFx1MDQzMFxcdTA0NGZcXFwiIFxcdTA0MzFcXHUwNDRiXFx1MDQzYiBcXHUwNDQzXFx1MDQ0MVxcdTA0M2ZcXHUwNDM1XFx1MDQ0OFxcdTA0M2RcXHUwNDNlIFxcdTA0MzRcXHUwNDNlXFx1MDQzMVxcdTA0MzBcXHUwNDMyXFx1MDQzYlxcdTA0MzVcXHUwNDNkLlwiXSxbXCJfX2pzb25fbWVzc2FnZVwiLDAsMjUsXCJcXHUwNDFjXFx1MDQzNVxcdTA0NDJcXHUwNDQwXFx1MDQzZSBcXFwiXFx1MDQyN1xcdTA0MzVcXHUwNDQwXFx1MDQzZFxcdTA0NGJcXHUwNDQ4XFx1MDQzNVxcdTA0MzJcXHUwNDQxXFx1MDQzYVxcdTA0MzBcXHUwNDRmXFxcIiBcXHUwNDMxXFx1MDQ0YlxcdTA0M2IgXFx1MDQ0M1xcdTA0NDFcXHUwNDNmXFx1MDQzNVxcdTA0NDhcXHUwNDNkXFx1MDQzZSBcXHUwNDM0XFx1MDQzZVxcdTA0MzFcXHUwNDMwXFx1MDQzMlxcdTA0M2JcXHUwNDM1XFx1MDQzZC5cIl0sW1wiX19qc29uX21lc3NhZ2VcIiwwLDI1LFwiXFx1MDQxY1xcdTA0MzVcXHUwNDQyXFx1MDQ0MFxcdTA0M2UgXFxcIlxcdTA0MjdcXHUwNDUxXFx1MDQ0MFxcdTA0M2RcXHUwNDMwXFx1MDQ0ZiBcXHUwNDQwXFx1MDQzNVxcdTA0NDdcXHUwNDNhXFx1MDQzMFxcXCIgXFx1MDQzMVxcdTA0NGJcXHUwNDNiIFxcdTA0NDNcXHUwNDQxXFx1MDQzZlxcdTA0MzVcXHUwNDQ4XFx1MDQzZFxcdTA0M2UgXFx1MDQzNFxcdTA0M2VcXHUwNDMxXFx1MDQzMFxcdTA0MzJcXHUwNDNiXFx1MDQzNVxcdTA0M2QuXCJdLFtcIl9fanNvbl9tZXNzYWdlXCIsMCwyNSxcIlxcdTA0MWNcXHUwNDM1XFx1MDQ0MlxcdTA0NDBcXHUwNDNlIFxcXCJcXHUwNDI0XFx1MDQ0MFxcdTA0NDNcXHUwNDNkXFx1MDQzN1xcdTA0MzVcXHUwNDNkXFx1MDQ0MVxcdTA0M2FcXHUwNDMwXFx1MDQ0ZlxcXCIgXFx1MDQzMVxcdTA0NGJcXHUwNDNiIFxcdTA0NDNcXHUwNDQxXFx1MDQzZlxcdTA0MzVcXHUwNDQ4XFx1MDQzZFxcdTA0M2UgXFx1MDQzNFxcdTA0M2VcXHUwNDMxXFx1MDQzMFxcdTA0MzJcXHUwNDNiXFx1MDQzNVxcdTA0M2QuXCJdLFtcIl9fanNvbl9tZXNzYWdlXCIsMCwyNSxcIlxcdTA0MWNcXHUwNDM1XFx1MDQ0MlxcdTA0NDBcXHUwNDNlIFxcXCJcXHUwNDIzXFx1MDQzYlxcdTA0MzhcXHUwNDQ2XFx1MDQzMCBcXHUwNDE0XFx1MDQ0YlxcdTA0MzFcXHUwNDM1XFx1MDQzZFxcdTA0M2FcXHUwNDNlXFxcIiBcXHUwNDMxXFx1MDQ0YlxcdTA0M2IgXFx1MDQ0M1xcdTA0NDFcXHUwNDNmXFx1MDQzNVxcdTA0NDhcXHUwNDNkXFx1MDQzZSBcXHUwNDM0XFx1MDQzZVxcdTA0MzFcXHUwNDMwXFx1MDQzMlxcdTA0M2JcXHUwNDM1XFx1MDQzZC5cIl0sW1wiX19qc29uX21lc3NhZ2VcIiwwLDI1LFwiXFx1MDQxY1xcdTA0MzVcXHUwNDQyXFx1MDQ0MFxcdTA0M2UgXFxcIlxcdTA0MjNcXHUwNDM0XFx1MDQzNVxcdTA0M2JcXHUwNDRjXFx1MDQzZFxcdTA0MzBcXHUwNDRmXFxcIiBcXHUwNDMxXFx1MDQ0YlxcdTA0M2IgXFx1MDQ0M1xcdTA0NDFcXHUwNDNmXFx1MDQzNVxcdTA0NDhcXHUwNDNkXFx1MDQzZSBcXHUwNDM0XFx1MDQzZVxcdTA0MzFcXHUwNDMwXFx1MDQzMlxcdTA0M2JcXHUwNDM1XFx1MDQzZC5cIl0sW1wiX19qc29uX21lc3NhZ2VcIiwwLDI1LFwiXFx1MDQxY1xcdTA0MzVcXHUwNDQyXFx1MDQ0MFxcdTA0M2UgXFxcIlxcdTA0MjJcXHUwNDM1XFx1MDQ0NVxcdTA0M2RcXHUwNDNlXFx1MDQzYlxcdTA0M2VcXHUwNDMzXFx1MDQzOFxcdTA0NDdcXHUwNDM1XFx1MDQ0MVxcdTA0M2FcXHUwNDM4XFx1MDQzOSBcXHUwNDM4XFx1MDQzZFxcdTA0NDFcXHUwNDQyXFx1MDQzOFxcdTA0NDJcXHUwNDQzXFx1MDQ0MlxcXCIgXFx1MDQzMVxcdTA0NGJcXHUwNDNiIFxcdTA0NDNcXHUwNDQxXFx1MDQzZlxcdTA0MzVcXHUwNDQ4XFx1MDQzZFxcdTA0M2UgXFx1MDQzNFxcdTA0M2VcXHUwNDMxXFx1MDQzMFxcdTA0MzJcXHUwNDNiXFx1MDQzNVxcdTA0M2QuXCJdLFtcIl9fanNvbl9tZXNzYWdlXCIsMCwyNSxcIlxcdTA0MWNcXHUwNDM1XFx1MDQ0MlxcdTA0NDBcXHUwNDNlIFxcXCJcXHUwNDIxXFx1MDQ0MlxcdTA0MzBcXHUwNDQwXFx1MDQzMFxcdTA0NGYgXFx1MDQxNFxcdTA0MzVcXHUwNDQwXFx1MDQzNVxcdTA0MzJcXHUwNDNkXFx1MDQ0ZlxcXCIgXFx1MDQzMVxcdTA0NGJcXHUwNDNiIFxcdTA0NDNcXHUwNDQxXFx1MDQzZlxcdTA0MzVcXHUwNDQ4XFx1MDQzZFxcdTA0M2UgXFx1MDQzNFxcdTA0M2VcXHUwNDMxXFx1MDQzMFxcdTA0MzJcXHUwNDNiXFx1MDQzNVxcdTA0M2QuXCJdLFtcIl9fanNvbl9tZXNzYWdlXCIsMCwyNSxcIlxcdTA0MWNcXHUwNDM1XFx1MDQ0MlxcdTA0NDBcXHUwNDNlIFxcXCJcXHUwNDIxXFx1MDQzZlxcdTA0M2VcXHUwNDQwXFx1MDQ0MlxcdTA0MzhcXHUwNDMyXFx1MDQzZFxcdTA0MzBcXHUwNDRmXFxcIiBcXHUwNDMxXFx1MDQ0YlxcdTA0M2IgXFx1MDQ0M1xcdTA0NDFcXHUwNDNmXFx1MDQzNVxcdTA0NDhcXHUwNDNkXFx1MDQzZSBcXHUwNDM0XFx1MDQzZVxcdTA0MzFcXHUwNDMwXFx1MDQzMlxcdTA0M2JcXHUwNDM1XFx1MDQzZC5cIl0sW1wiX19qc29uX21lc3NhZ2VcIiwwLDI1LFwiXFx1MDQxY1xcdTA0MzVcXHUwNDQyXFx1MDQ0MFxcdTA0M2UgXFxcIlxcdTA0MjFcXHUwNDNmXFx1MDQzMFxcdTA0NDFcXHUwNDQxXFx1MDQzYVxcdTA0MzBcXHUwNDRmXFxcIiBcXHUwNDMxXFx1MDQ0YlxcdTA0M2IgXFx1MDQ0M1xcdTA0NDFcXHUwNDNmXFx1MDQzNVxcdTA0NDhcXHUwNDNkXFx1MDQzZSBcXHUwNDM0XFx1MDQzZVxcdTA0MzFcXHUwNDMwXFx1MDQzMlxcdTA0M2JcXHUwNDM1XFx1MDQzZC5cIl0sW1wiX19qc29uX21lc3NhZ2VcIiwwLDI1LFwiXFx1MDQxY1xcdTA0MzVcXHUwNDQyXFx1MDQ0MFxcdTA0M2UgXFxcIlxcdTA0MjFcXHUwNDM1XFx1MDQzZFxcdTA0M2RcXHUwNDMwXFx1MDQ0ZiBcXHUwNDNmXFx1MDQzYlxcdTA0M2VcXHUwNDQ5XFx1MDQzMFxcdTA0MzRcXHUwNDRjXFxcIiBcXHUwNDMxXFx1MDQ0YlxcdTA0M2IgXFx1MDQ0M1xcdTA0NDFcXHUwNDNmXFx1MDQzNVxcdTA0NDhcXHUwNDNkXFx1MDQzZSBcXHUwNDM0XFx1MDQzZVxcdTA0MzFcXHUwNDMwXFx1MDQzMlxcdTA0M2JcXHUwNDM1XFx1MDQzZC5cIl0sW1wiX19qc29uX21lc3NhZ2VcIiwwLDI1LFwiXFx1MDQxY1xcdTA0MzVcXHUwNDQyXFx1MDQ0MFxcdTA0M2UgXFxcIlxcdTA0MjFcXHUwNDMwXFx1MDQzNFxcdTA0M2VcXHUwNDMyXFx1MDQzMFxcdTA0NGZcXFwiIFxcdTA0MzFcXHUwNDRiXFx1MDQzYiBcXHUwNDQzXFx1MDQ0MVxcdTA0M2ZcXHUwNDM1XFx1MDQ0OFxcdTA0M2RcXHUwNDNlIFxcdTA0MzRcXHUwNDNlXFx1MDQzMVxcdTA0MzBcXHUwNDMyXFx1MDQzYlxcdTA0MzVcXHUwNDNkLlwiXSxbXCJfX2pzb25fbWVzc2FnZVwiLDAsMjUsXCJcXHUwNDFjXFx1MDQzNVxcdTA0NDJcXHUwNDQwXFx1MDQzZSBcXFwiXFx1MDQyMFxcdTA0NGJcXHUwNDMxXFx1MDQzMFxcdTA0NDZcXHUwNDNhXFx1MDQzZVxcdTA0MzVcXFwiIFxcdTA0MzFcXHUwNDRiXFx1MDQzYiBcXHUwNDQzXFx1MDQ0MVxcdTA0M2ZcXHUwNDM1XFx1MDQ0OFxcdTA0M2RcXHUwNDNlIFxcdTA0MzRcXHUwNDNlXFx1MDQzMVxcdTA0MzBcXHUwNDMyXFx1MDQzYlxcdTA0MzVcXHUwNDNkLlwiXSxbXCJfX2pzb25fbWVzc2FnZVwiLDAsMjUsXCJcXHUwNDFjXFx1MDQzNVxcdTA0NDJcXHUwNDQwXFx1MDQzZSBcXFwiXFx1MDQxZlxcdTA0NDNcXHUwNDQ4XFx1MDQzYVxcdTA0MzhcXHUwNDNkXFx1MDQ0MVxcdTA0M2FcXHUwNDMwXFx1MDQ0ZlxcXCIgXFx1MDQzMVxcdTA0NGJcXHUwNDNiIFxcdTA0NDNcXHUwNDQxXFx1MDQzZlxcdTA0MzVcXHUwNDQ4XFx1MDQzZFxcdTA0M2UgXFx1MDQzNFxcdTA0M2VcXHUwNDMxXFx1MDQzMFxcdTA0MzJcXHUwNDNiXFx1MDQzNVxcdTA0M2QuXCJdLFtcIl9fanNvbl9tZXNzYWdlXCIsMCwyNSxcIlxcdTA0MWNcXHUwNDM1XFx1MDQ0MlxcdTA0NDBcXHUwNDNlIFxcXCJcXHUwNDFmXFx1MDQ0MFxcdTA0M2VcXHUwNDQxXFx1MDQzZlxcdTA0MzVcXHUwNDNhXFx1MDQ0MiBcXHUwNDFmXFx1MDQ0MFxcdTA0M2VcXHUwNDQxXFx1MDQzMlxcdTA0MzVcXHUwNDQ5XFx1MDQzNVxcdTA0M2RcXHUwNDM4XFx1MDQ0ZlxcXCIgXFx1MDQzMVxcdTA0NGJcXHUwNDNiIFxcdTA0NDNcXHUwNDQxXFx1MDQzZlxcdTA0MzVcXHUwNDQ4XFx1MDQzZFxcdTA0M2UgXFx1MDQzNFxcdTA0M2VcXHUwNDMxXFx1MDQzMFxcdTA0MzJcXHUwNDNiXFx1MDQzNVxcdTA0M2QuXCJdLFtcIl9fanNvbl9tZXNzYWdlXCIsMCwyNSxcIlxcdTA0MWNcXHUwNDM1XFx1MDQ0MlxcdTA0NDBcXHUwNDNlIFxcXCJcXHUwNDFmXFx1MDQ0MFxcdTA0M2VcXHUwNDQxXFx1MDQzZlxcdTA0MzVcXHUwNDNhXFx1MDQ0MiBcXHUwNDEyXFx1MDQzNVxcdTA0NDJcXHUwNDM1XFx1MDQ0MFxcdTA0MzBcXHUwNDNkXFx1MDQzZVxcdTA0MzJcXFwiIFxcdTA0MzFcXHUwNDRiXFx1MDQzYiBcXHUwNDQzXFx1MDQ0MVxcdTA0M2ZcXHUwNDM1XFx1MDQ0OFxcdTA0M2RcXHUwNDNlIFxcdTA0MzRcXHUwNDNlXFx1MDQzMVxcdTA0MzBcXHUwNDMyXFx1MDQzYlxcdTA0MzVcXHUwNDNkLlwiXSxbXCJfX2pzb25fbWVzc2FnZVwiLDAsMjUsXCJcXHUwNDFjXFx1MDQzNVxcdTA0NDJcXHUwNDQwXFx1MDQzZSBcXFwiXFx1MDQxZlxcdTA0NDBcXHUwNDNlXFx1MDQ0MVxcdTA0M2ZcXHUwNDM1XFx1MDQzYVxcdTA0NDIgXFx1MDQxMVxcdTA0M2VcXHUwNDNiXFx1MDQ0Y1xcdTA0NDhcXHUwNDM1XFx1MDQzMlxcdTA0MzhcXHUwNDNhXFx1MDQzZVxcdTA0MzJcXFwiIFxcdTA0MzFcXHUwNDRiXFx1MDQzYiBcXHUwNDQzXFx1MDQ0MVxcdTA0M2ZcXHUwNDM1XFx1MDQ0OFxcdTA0M2RcXHUwNDNlIFxcdTA0MzRcXHUwNDNlXFx1MDQzMVxcdTA0MzBcXHUwNDMyXFx1MDQzYlxcdTA0MzVcXHUwNDNkLlwiXSxbXCJfX2pzb25fbWVzc2FnZVwiLDAsMjUsXCJcXHUwNDFjXFx1MDQzNVxcdTA0NDJcXHUwNDQwXFx1MDQzZSBcXFwiXFx1MDQxZlxcdTA0NDBcXHUwNDNlXFx1MDQzYlxcdTA0MzVcXHUwNDQyXFx1MDQzMFxcdTA0NDBcXHUwNDQxXFx1MDQzYVxcdTA0MzBcXHUwNDRmXFxcIiBcXHUwNDMxXFx1MDQ0YlxcdTA0M2IgXFx1MDQ0M1xcdTA0NDFcXHUwNDNmXFx1MDQzNVxcdTA0NDhcXHUwNDNkXFx1MDQzZSBcXHUwNDM0XFx1MDQzZVxcdTA0MzFcXHUwNDMwXFx1MDQzMlxcdTA0M2JcXHUwNDM1XFx1MDQzZC5cIl0sW1wiX19qc29uX21lc3NhZ2VcIiwwLDI1LFwiXFx1MDQxY1xcdTA0MzVcXHUwNDQyXFx1MDQ0MFxcdTA0M2UgXFxcIlxcdTA0MWZcXHUwNDQwXFx1MDQzOFxcdTA0M2NcXHUwNDNlXFx1MDQ0MFxcdTA0NDFcXHUwNDNhXFx1MDQzMFxcdTA0NGZcXFwiIFxcdTA0MzFcXHUwNDRiXFx1MDQzYiBcXHUwNDQzXFx1MDQ0MVxcdTA0M2ZcXHUwNDM1XFx1MDQ0OFxcdTA0M2RcXHUwNDNlIFxcdTA0MzRcXHUwNDNlXFx1MDQzMVxcdTA0MzBcXHUwNDMyXFx1MDQzYlxcdTA0MzVcXHUwNDNkLlwiXSxbXCJfX2pzb25fbWVzc2FnZVwiLDAsMjUsXCJcXHUwNDFjXFx1MDQzNVxcdTA0NDJcXHUwNDQwXFx1MDQzZSBcXFwiXFx1MDQxZlxcdTA0M2VcXHUwNDNiXFx1MDQzOFxcdTA0NDJcXHUwNDM1XFx1MDQ0NVxcdTA0M2RcXHUwNDM4XFx1MDQ0N1xcdTA0MzVcXHUwNDQxXFx1MDQzYVxcdTA0MzBcXHUwNDRmXFxcIiBcXHUwNDMxXFx1MDQ0YlxcdTA0M2IgXFx1MDQ0M1xcdTA0NDFcXHUwNDNmXFx1MDQzNVxcdTA0NDhcXHUwNDNkXFx1MDQzZSBcXHUwNDM0XFx1MDQzZVxcdTA0MzFcXHUwNDMwXFx1MDQzMlxcdTA0M2JcXHUwNDM1XFx1MDQzZC5cIl0sW1wiX19qc29uX21lc3NhZ2VcIiwwLDI1LFwiXFx1MDQxY1xcdTA0MzVcXHUwNDQyXFx1MDQ0MFxcdTA0M2UgXFxcIlxcdTA0MWZcXHUwNDNiXFx1MDQzZVxcdTA0NDlcXHUwNDMwXFx1MDQzNFxcdTA0NGMgXFx1MDQxY1xcdTA0NDNcXHUwNDM2XFx1MDQzNVxcdTA0NDFcXHUwNDQyXFx1MDQzMlxcdTA0MzBcXFwiIFxcdTA0MzFcXHUwNDRiXFx1MDQzYiBcXHUwNDQzXFx1MDQ0MVxcdTA0M2ZcXHUwNDM1XFx1MDQ0OFxcdTA0M2RcXHUwNDNlIFxcdTA0MzRcXHUwNDNlXFx1MDQzMVxcdTA0MzBcXHUwNDMyXFx1MDQzYlxcdTA0MzVcXHUwNDNkLlwiXSxbXCJfX2pzb25fbWVzc2FnZVwiLDAsMjUsXCJcXHUwNDFjXFx1MDQzNVxcdTA0NDJcXHUwNDQwXFx1MDQzZSBcXFwiXFx1MDQxZlxcdTA0M2JcXHUwNDNlXFx1MDQ0OVxcdTA0MzBcXHUwNDM0XFx1MDQ0YyBcXHUwNDFiXFx1MDQzNVxcdTA0M2RcXHUwNDM4XFx1MDQzZFxcdTA0MzBcXFwiIFxcdTA0MzFcXHUwNDRiXFx1MDQzYiBcXHUwNDQzXFx1MDQ0MVxcdTA0M2ZcXHUwNDM1XFx1MDQ0OFxcdTA0M2RcXHUwNDNlIFxcdTA0MzRcXHUwNDNlXFx1MDQzMVxcdTA0MzBcXHUwNDMyXFx1MDQzYlxcdTA0MzVcXHUwNDNkLlwiXSxbXCJfX2pzb25fbWVzc2FnZVwiLDAsMjUsXCJcXHUwNDFjXFx1MDQzNVxcdTA0NDJcXHUwNDQwXFx1MDQzZSBcXFwiXFx1MDQxZlxcdTA0M2JcXHUwNDNlXFx1MDQ0OVxcdTA0MzBcXHUwNDM0XFx1MDQ0YyBcXHUwNDEyXFx1MDQzZVxcdTA0NDFcXHUwNDQxXFx1MDQ0MlxcdTA0MzBcXHUwNDNkXFx1MDQzOFxcdTA0NGZcXFwiIFxcdTA0MzFcXHUwNDRiXFx1MDQzYiBcXHUwNDQzXFx1MDQ0MVxcdTA0M2ZcXHUwNDM1XFx1MDQ0OFxcdTA0M2RcXHUwNDNlIFxcdTA0MzRcXHUwNDNlXFx1MDQzMVxcdTA0MzBcXHUwNDMyXFx1MDQzYlxcdTA0MzVcXHUwNDNkLlwiXSxbXCJfX2pzb25fbWVzc2FnZVwiLDAsMjUsXCJcXHUwNDFjXFx1MDQzNVxcdTA0NDJcXHUwNDQwXFx1MDQzZSBcXFwiXFx1MDQxZlxcdTA0M2JcXHUwNDNlXFx1MDQ0OVxcdTA0MzBcXHUwNDM0XFx1MDQ0YyBcXHUwNDEwXFx1MDQzYlxcdTA0MzVcXHUwNDNhXFx1MDQ0MVxcdTA0MzBcXHUwNDNkXFx1MDQzNFxcdTA0NDBcXHUwNDMwIFxcdTA0MWRcXHUwNDM1XFx1MDQzMlxcdTA0NDFcXHUwNDNhXFx1MDQzZVxcdTA0MzNcXHUwNDNlXFxcIiBcXHUwNDMxXFx1MDQ0YlxcdTA0M2IgXFx1MDQ0M1xcdTA0NDFcXHUwNDNmXFx1MDQzNVxcdTA0NDhcXHUwNDNkXFx1MDQzZSBcXHUwNDM0XFx1MDQzZVxcdTA0MzFcXHUwNDMwXFx1MDQzMlxcdTA0M2JcXHUwNDM1XFx1MDQzZC5cIl0sW1wiX19qc29uX21lc3NhZ2VcIiwwLDI1LFwiXFx1MDQxY1xcdTA0MzVcXHUwNDQyXFx1MDQ0MFxcdTA0M2UgXFxcIlxcdTA0MWZcXHUwNDM4XFx1MDQzZVxcdTA0M2RcXHUwNDM1XFx1MDQ0MFxcdTA0NDFcXHUwNDNhXFx1MDQzMFxcdTA0NGZcXFwiIFxcdTA0MzFcXHUwNDRiXFx1MDQzYiBcXHUwNDQzXFx1MDQ0MVxcdTA0M2ZcXHUwNDM1XFx1MDQ0OFxcdTA0M2RcXHUwNDNlIFxcdTA0MzRcXHUwNDNlXFx1MDQzMVxcdTA0MzBcXHUwNDMyXFx1MDQzYlxcdTA0MzVcXHUwNDNkLlwiXSxbXCJfX2pzb25fbWVzc2FnZVwiLDAsMjUsXCJcXHUwNDFjXFx1MDQzNVxcdTA0NDJcXHUwNDQwXFx1MDQzZSBcXFwiXFx1MDQxZlxcdTA0MzVcXHUwNDQyXFx1MDQ0MFxcdTA0M2VcXHUwNDMzXFx1MDQ0MFxcdTA0MzBcXHUwNDM0XFx1MDQ0MVxcdTA0M2FcXHUwNDMwXFx1MDQ0ZlxcXCIgXFx1MDQzMVxcdTA0NGJcXHUwNDNiIFxcdTA0NDNcXHUwNDQxXFx1MDQzZlxcdTA0MzVcXHUwNDQ4XFx1MDQzZFxcdTA0M2UgXFx1MDQzNFxcdTA0M2VcXHUwNDMxXFx1MDQzMFxcdTA0MzJcXHUwNDNiXFx1MDQzNVxcdTA0M2QuXCJdLFtcIl9fanNvbl9tZXNzYWdlXCIsMCwyNSxcIlxcdTA0MWNcXHUwNDM1XFx1MDQ0MlxcdTA0NDBcXHUwNDNlIFxcXCJcXHUwNDFmXFx1MDQzMFxcdTA0NDBcXHUwNDNkXFx1MDQzMFxcdTA0NDFcXFwiIFxcdTA0MzFcXHUwNDRiXFx1MDQzYiBcXHUwNDQzXFx1MDQ0MVxcdTA0M2ZcXHUwNDM1XFx1MDQ0OFxcdTA0M2RcXHUwNDNlIFxcdTA0MzRcXHUwNDNlXFx1MDQzMVxcdTA0MzBcXHUwNDMyXFx1MDQzYlxcdTA0MzVcXHUwNDNkLlwiXSxbXCJfX2pzb25fbWVzc2FnZVwiLDAsMjUsXCJcXHUwNDFjXFx1MDQzNVxcdTA0NDJcXHUwNDQwXFx1MDQzZSBcXFwiXFx1MDQxZlxcdTA0MzBcXHUwNDQwXFx1MDQzYSBcXHUwNDFmXFx1MDQzZVxcdTA0MzFcXHUwNDM1XFx1MDQzNFxcdTA0NGJcXFwiIFxcdTA0MzFcXHUwNDRiXFx1MDQzYiBcXHUwNDQzXFx1MDQ0MVxcdTA0M2ZcXHUwNDM1XFx1MDQ0OFxcdTA0M2RcXHUwNDNlIFxcdTA0MzRcXHUwNDNlXFx1MDQzMVxcdTA0MzBcXHUwNDMyXFx1MDQzYlxcdTA0MzVcXHUwNDNkLlwiXSxbXCJfX2pzb25fbWVzc2FnZVwiLDAsMjUsXCJcXHUwNDFjXFx1MDQzNVxcdTA0NDJcXHUwNDQwXFx1MDQzZSBcXFwiXFx1MDQxZVxcdTA0MzdcXHUwNDM1XFx1MDQ0MFxcdTA0M2FcXHUwNDM4XFxcIiBcXHUwNDMxXFx1MDQ0YlxcdTA0M2IgXFx1MDQ0M1xcdTA0NDFcXHUwNDNmXFx1MDQzNVxcdTA0NDhcXHUwNDNkXFx1MDQzZSBcXHUwNDM0XFx1MDQzZVxcdTA0MzFcXHUwNDMwXFx1MDQzMlxcdTA0M2JcXHUwNDM1XFx1MDQzZC5cIl0sW1wiX19qc29uX21lc3NhZ2VcIiwwLDI1LFwiXFx1MDQxY1xcdTA0MzVcXHUwNDQyXFx1MDQ0MFxcdTA0M2UgXFxcIlxcdTA0MWVcXHUwNDMxXFx1MDQ0M1xcdTA0NDVcXHUwNDNlXFx1MDQzMlxcdTA0M2VcXFwiIFxcdTA0MzFcXHUwNDRiXFx1MDQzYiBcXHUwNDQzXFx1MDQ0MVxcdTA0M2ZcXHUwNDM1XFx1MDQ0OFxcdTA0M2RcXHUwNDNlIFxcdTA0MzRcXHUwNDNlXFx1MDQzMVxcdTA0MzBcXHUwNDMyXFx1MDQzYlxcdTA0MzVcXHUwNDNkLlwiXSxbXCJfX2pzb25fbWVzc2FnZVwiLDAsMjUsXCJcXHUwNDFjXFx1MDQzNVxcdTA0NDJcXHUwNDQwXFx1MDQzZSBcXFwiXFx1MDQxZVxcdTA0MzFcXHUwNDMyXFx1MDQzZVxcdTA0MzRcXHUwNDNkXFx1MDQ0YlxcdTA0MzkgXFx1MDQzYVxcdTA0MzBcXHUwNDNkXFx1MDQzMFxcdTA0M2JcXFwiIFxcdTA0MzFcXHUwNDRiXFx1MDQzYiBcXHUwNDQzXFx1MDQ0MVxcdTA0M2ZcXHUwNDM1XFx1MDQ0OFxcdTA0M2RcXHUwNDNlIFxcdTA0MzRcXHUwNDNlXFx1MDQzMVxcdTA0MzBcXHUwNDMyXFx1MDQzYlxcdTA0MzVcXHUwNDNkLlwiXSxbXCJfX2pzb25fbWVzc2FnZVwiLDAsMjUsXCJcXHUwNDFjXFx1MDQzNVxcdTA0NDJcXHUwNDQwXFx1MDQzZSBcXFwiXFx1MDQxZFxcdTA0M2VcXHUwNDMyXFx1MDQzZVxcdTA0NDdcXHUwNDM1XFx1MDQ0MFxcdTA0M2FcXHUwNDMwXFx1MDQ0MVxcdTA0NDFcXHUwNDNhXFx1MDQzMFxcdTA0NGZcXFwiIFxcdTA0MzFcXHUwNDRiXFx1MDQzYiBcXHUwNDQzXFx1MDQ0MVxcdTA0M2ZcXHUwNDM1XFx1MDQ0OFxcdTA0M2RcXHUwNDNlIFxcdTA0MzRcXHUwNDNlXFx1MDQzMVxcdTA0MzBcXHUwNDMyXFx1MDQzYlxcdTA0MzVcXHUwNDNkLlwiXSxbXCJfX2pzb25fbWVzc2FnZVwiLDAsMjUsXCJcXHUwNDFjXFx1MDQzNVxcdTA0NDJcXHUwNDQwXFx1MDQzZSBcXFwiXFx1MDQxZFxcdTA0MzVcXHUwNDMyXFx1MDQ0MVxcdTA0M2FcXHUwNDM4XFx1MDQzOSBcXHUwNDNmXFx1MDQ0MFxcdTA0M2VcXHUwNDQxXFx1MDQzZlxcdTA0MzVcXHUwNDNhXFx1MDQ0MlxcXCIgXFx1MDQzMVxcdTA0NGJcXHUwNDNiIFxcdTA0NDNcXHUwNDQxXFx1MDQzZlxcdTA0MzVcXHUwNDQ4XFx1MDQzZFxcdTA0M2UgXFx1MDQzNFxcdTA0M2VcXHUwNDMxXFx1MDQzMFxcdTA0MzJcXHUwNDNiXFx1MDQzNVxcdTA0M2QuXCJdLFtcIl9fanNvbl9tZXNzYWdlXCIsMCwyNSxcIlxcdTA0MWNcXHUwNDM1XFx1MDQ0MlxcdTA0NDBcXHUwNDNlIFxcXCJcXHUwNDFkXFx1MDQzMFxcdTA0NDBcXHUwNDMyXFx1MDQ0MVxcdTA0M2FcXHUwNDMwXFx1MDQ0ZlxcXCIgXFx1MDQzMVxcdTA0NGJcXHUwNDNiIFxcdTA0NDNcXHUwNDQxXFx1MDQzZlxcdTA0MzVcXHUwNDQ4XFx1MDQzZFxcdTA0M2UgXFx1MDQzNFxcdTA0M2VcXHUwNDMxXFx1MDQzMFxcdTA0MzJcXHUwNDNiXFx1MDQzNVxcdTA0M2QuXCJdLFtcIl9fanNvbl9tZXNzYWdlXCIsMCwyNSxcIlxcdTA0MWNcXHUwNDM1XFx1MDQ0MlxcdTA0NDBcXHUwNDNlIFxcXCJcXHUwNDFjXFx1MDQzZVxcdTA0NDFcXHUwNDNhXFx1MDQzZVxcdTA0MzJcXHUwNDQxXFx1MDQzYVxcdTA0MzhcXHUwNDM1IFxcdTA0MzJcXHUwNDNlXFx1MDQ0MFxcdTA0M2VcXHUwNDQyXFx1MDQzMFxcXCIgXFx1MDQzMVxcdTA0NGJcXHUwNDNiIFxcdTA0NDNcXHUwNDQxXFx1MDQzZlxcdTA0MzVcXHUwNDQ4XFx1MDQzZFxcdTA0M2UgXFx1MDQzNFxcdTA0M2VcXHUwNDMxXFx1MDQzMFxcdTA0MzJcXHUwNDNiXFx1MDQzNVxcdTA0M2QuXCJdLFtcIl9fanNvbl9tZXNzYWdlXCIsMCwyNSxcIlxcdTA0MWNcXHUwNDM1XFx1MDQ0MlxcdTA0NDBcXHUwNDNlIFxcXCJcXHUwNDFjXFx1MDQzZVxcdTA0NDFcXHUwNDNhXFx1MDQzZVxcdTA0MzJcXHUwNDQxXFx1MDQzYVxcdTA0MzBcXHUwNDRmXFxcIiBcXHUwNDMxXFx1MDQ0YlxcdTA0M2IgXFx1MDQ0M1xcdTA0NDFcXHUwNDNmXFx1MDQzNVxcdTA0NDhcXHUwNDNkXFx1MDQzZSBcXHUwNDM0XFx1MDQzZVxcdTA0MzFcXHUwNDMwXFx1MDQzMlxcdTA0M2JcXHUwNDM1XFx1MDQzZC5cIl0sW1wiX19qc29uX21lc3NhZ2VcIiwwLDI1LFwiXFx1MDQxY1xcdTA0MzVcXHUwNDQyXFx1MDQ0MFxcdTA0M2UgXFxcIlxcdTA0MWNcXHUwNDM1XFx1MDQzNlxcdTA0MzRcXHUwNDQzXFx1MDQzZFxcdTA0MzBcXHUwNDQwXFx1MDQzZVxcdTA0MzRcXHUwNDNkXFx1MDQzMFxcdTA0NGZcXFwiIFxcdTA0MzFcXHUwNDRiXFx1MDQzYiBcXHUwNDQzXFx1MDQ0MVxcdTA0M2ZcXHUwNDM1XFx1MDQ0OFxcdTA0M2RcXHUwNDNlIFxcdTA0MzRcXHUwNDNlXFx1MDQzMVxcdTA0MzBcXHUwNDMyXFx1MDQzYlxcdTA0MzVcXHUwNDNkLlwiXSxbXCJfX2pzb25fbWVzc2FnZVwiLDAsMjUsXCJcXHUwNDFjXFx1MDQzNVxcdTA0NDJcXHUwNDQwXFx1MDQzZSBcXFwiXFx1MDQxY1xcdTA0MzBcXHUwNDRmXFx1MDQzYVxcdTA0M2VcXHUwNDMyXFx1MDQ0MVxcdTA0M2FcXHUwNDMwXFx1MDQ0ZlxcXCIgXFx1MDQzMVxcdTA0NGJcXHUwNDNiIFxcdTA0NDNcXHUwNDQxXFx1MDQzZlxcdTA0MzVcXHUwNDQ4XFx1MDQzZFxcdTA0M2UgXFx1MDQzNFxcdTA0M2VcXHUwNDMxXFx1MDQzMFxcdTA0MzJcXHUwNDNiXFx1MDQzNVxcdTA0M2QuXCJdLFtcIl9fanNvbl9tZXNzYWdlXCIsMCwyNSxcIlxcdTA0MWNcXHUwNDM1XFx1MDQ0MlxcdTA0NDBcXHUwNDNlIFxcXCJcXHUwNDFiXFx1MDQzZVxcdTA0M2NcXHUwNDNlXFx1MDQzZFxcdTA0M2VcXHUwNDQxXFx1MDQzZVxcdTA0MzJcXHUwNDQxXFx1MDQzYVxcdTA0MzBcXHUwNDRmXFxcIiBcXHUwNDMxXFx1MDQ0YlxcdTA0M2IgXFx1MDQ0M1xcdTA0NDFcXHUwNDNmXFx1MDQzNVxcdTA0NDhcXHUwNDNkXFx1MDQzZSBcXHUwNDM0XFx1MDQzZVxcdTA0MzFcXHUwNDMwXFx1MDQzMlxcdTA0M2JcXHUwNDM1XFx1MDQzZC5cIl0sW1wiX19qc29uX21lc3NhZ2VcIiwwLDI1LFwiXFx1MDQxY1xcdTA0MzVcXHUwNDQyXFx1MDQ0MFxcdTA0M2UgXFxcIlxcdTA0MWJcXHUwNDM4XFx1MDQzM1xcdTA0M2VcXHUwNDMyXFx1MDQ0MVxcdTA0M2FcXHUwNDM4XFx1MDQzOSBcXHUwNDNmXFx1MDQ0MFxcdTA0M2VcXHUwNDQxXFx1MDQzZlxcdTA0MzVcXHUwNDNhXFx1MDQ0MlxcXCIgXFx1MDQzMVxcdTA0NGJcXHUwNDNiIFxcdTA0NDNcXHUwNDQxXFx1MDQzZlxcdTA0MzVcXHUwNDQ4XFx1MDQzZFxcdTA0M2UgXFx1MDQzNFxcdTA0M2VcXHUwNDMxXFx1MDQzMFxcdTA0MzJcXHUwNDNiXFx1MDQzNVxcdTA0M2QuXCJdLFtcIl9fanNvbl9tZXNzYWdlXCIsMCwyNSxcIlxcdTA0MWNcXHUwNDM1XFx1MDQ0MlxcdTA0NDBcXHUwNDNlIFxcXCJcXHUwNDFiXFx1MDQzNVxcdTA0NDFcXHUwNDNkXFx1MDQzMFxcdTA0NGZcXFwiIFxcdTA0MzFcXHUwNDRiXFx1MDQzYiBcXHUwNDQzXFx1MDQ0MVxcdTA0M2ZcXHUwNDM1XFx1MDQ0OFxcdTA0M2RcXHUwNDNlIFxcdTA0MzRcXHUwNDNlXFx1MDQzMVxcdTA0MzBcXHUwNDMyXFx1MDQzYlxcdTA0MzVcXHUwNDNkLlwiXSxbXCJfX2pzb25fbWVzc2FnZVwiLDAsMjUsXCJcXHUwNDFjXFx1MDQzNVxcdTA0NDJcXHUwNDQwXFx1MDQzZSBcXFwiXFx1MDQxYlxcdTA0MzVcXHUwNDNkXFx1MDQzOFxcdTA0M2RcXHUwNDQxXFx1MDQzYVxcdTA0MzhcXHUwNDM5IFxcdTA0M2ZcXHUwNDQwXFx1MDQzZVxcdTA0NDFcXHUwNDNmXFx1MDQzNVxcdTA0M2FcXHUwNDQyXFxcIiBcXHUwNDMxXFx1MDQ0YlxcdTA0M2IgXFx1MDQ0M1xcdTA0NDFcXHUwNDNmXFx1MDQzNVxcdTA0NDhcXHUwNDNkXFx1MDQzZSBcXHUwNDM0XFx1MDQzZVxcdTA0MzFcXHUwNDMwXFx1MDQzMlxcdTA0M2JcXHUwNDM1XFx1MDQzZC5cIl0sW1wiX19qc29uX21lc3NhZ2VcIiwwLDI1LFwiXFx1MDQxY1xcdTA0MzVcXHUwNDQyXFx1MDQ0MFxcdTA0M2UgXFxcIlxcdTA0MWJcXHUwNDMwXFx1MDQzNFxcdTA0M2VcXHUwNDM2XFx1MDQ0MVxcdTA0M2FcXHUwNDMwXFx1MDQ0ZlxcXCIgXFx1MDQzMVxcdTA0NGJcXHUwNDNiIFxcdTA0NDNcXHUwNDQxXFx1MDQzZlxcdTA0MzVcXHUwNDQ4XFx1MDQzZFxcdTA0M2UgXFx1MDQzNFxcdTA0M2VcXHUwNDMxXFx1MDQzMFxcdTA0MzJcXHUwNDNiXFx1MDQzNVxcdTA0M2QuXCJdLFtcIl9fanNvbl9tZXNzYWdlXCIsMCwyNSxcIlxcdTA0MWNcXHUwNDM1XFx1MDQ0MlxcdTA0NDBcXHUwNDNlIFxcXCJcXHUwNDFhXFx1MDQ0M1xcdTA0M2ZcXHUwNDQ3XFx1MDQzOFxcdTA0M2RcXHUwNDNlXFxcIiBcXHUwNDMxXFx1MDQ0YlxcdTA0M2IgXFx1MDQ0M1xcdTA0NDFcXHUwNDNmXFx1MDQzNVxcdTA0NDhcXHUwNDNkXFx1MDQzZSBcXHUwNDM0XFx1MDQzZVxcdTA0MzFcXHUwNDMwXFx1MDQzMlxcdTA0M2JcXHUwNDM1XFx1MDQzZC5cIl0sW1wiX19qc29uX21lc3NhZ2VcIiwwLDI1LFwiXFx1MDQxY1xcdTA0MzVcXHUwNDQyXFx1MDQ0MFxcdTA0M2UgXFxcIlxcdTA0MWFcXHUwNDQwXFx1MDQzNVxcdTA0NDFcXHUwNDQyXFx1MDQzZVxcdTA0MzJcXHUwNDQxXFx1MDQzYVxcdTA0MzhcXHUwNDM5IFxcdTA0M2VcXHUwNDQxXFx1MDQ0MlxcdTA0NDBcXHUwNDNlXFx1MDQzMlxcXCIgXFx1MDQzMVxcdTA0NGJcXHUwNDNiIFxcdTA0NDNcXHUwNDQxXFx1MDQzZlxcdTA0MzVcXHUwNDQ4XFx1MDQzZFxcdTA0M2UgXFx1MDQzNFxcdTA0M2VcXHUwNDMxXFx1MDQzMFxcdTA0MzJcXHUwNDNiXFx1MDQzNVxcdTA0M2QuXCJdLFtcIl9fanNvbl9tZXNzYWdlXCIsMCwyNSxcIlxcdTA0MWNcXHUwNDM1XFx1MDQ0MlxcdTA0NDBcXHUwNDNlIFxcXCJcXHUwNDFhXFx1MDQzZVxcdTA0M2NcXHUwNDM1XFx1MDQzZFxcdTA0MzRcXHUwNDMwXFx1MDQzZFxcdTA0NDJcXHUwNDQxXFx1MDQzYVxcdTA0MzhcXHUwNDM5IFxcdTA0M2ZcXHUwNDQwXFx1MDQzZVxcdTA0NDFcXHUwNDNmXFx1MDQzNVxcdTA0M2FcXHUwNDQyXFxcIiBcXHUwNDMxXFx1MDQ0YlxcdTA0M2IgXFx1MDQ0M1xcdTA0NDFcXHUwNDNmXFx1MDQzNVxcdTA0NDhcXHUwNDNkXFx1MDQzZSBcXHUwNDM0XFx1MDQzZVxcdTA0MzFcXHUwNDMwXFx1MDQzMlxcdTA0M2JcXHUwNDM1XFx1MDQzZC5cIl0sW1wiX19qc29uX21lc3NhZ2VcIiwwLDI1LFwiXFx1MDQxY1xcdTA0MzVcXHUwNDQyXFx1MDQ0MFxcdTA0M2UgXFxcIlxcdTA0MWFcXHUwNDM4XFx1MDQ0MFxcdTA0M2VcXHUwNDMyXFx1MDQ0MVxcdTA0M2FcXHUwNDM4XFx1MDQzOSBcXHUwNDM3XFx1MDQzMFxcdTA0MzJcXHUwNDNlXFx1MDQzNFxcXCIgXFx1MDQzMVxcdTA0NGJcXHUwNDNiIFxcdTA0NDNcXHUwNDQxXFx1MDQzZlxcdTA0MzVcXHUwNDQ4XFx1MDQzZFxcdTA0M2UgXFx1MDQzNFxcdTA0M2VcXHUwNDMxXFx1MDQzMFxcdTA0MzJcXHUwNDNiXFx1MDQzNVxcdTA0M2QuXCJdLFtcIl9fanNvbl9tZXNzYWdlXCIsMCwyNSxcIlxcdTA0MWNcXHUwNDM1XFx1MDQ0MlxcdTA0NDBcXHUwNDNlIFxcXCJcXHUwNDE3XFx1MDQzMlxcdTA0MzVcXHUwNDNkXFx1MDQzOFxcdTA0MzNcXHUwNDNlXFx1MDQ0MFxcdTA0M2VcXHUwNDM0XFx1MDQ0MVxcdTA0M2FcXHUwNDMwXFx1MDQ0ZlxcXCIgXFx1MDQzMVxcdTA0NGJcXHUwNDNiIFxcdTA0NDNcXHUwNDQxXFx1MDQzZlxcdTA0MzVcXHUwNDQ4XFx1MDQzZFxcdTA0M2UgXFx1MDQzNFxcdTA0M2VcXHUwNDMxXFx1MDQzMFxcdTA0MzJcXHUwNDNiXFx1MDQzNVxcdTA0M2QuXCJdLFtcIl9fanNvbl9tZXNzYWdlXCIsMCwyNSxcIlxcdTA0MWNcXHUwNDM1XFx1MDQ0MlxcdTA0NDBcXHUwNDNlIFxcXCJcXHUwNDE3XFx1MDQzMlxcdTA0NTFcXHUwNDM3XFx1MDQzNFxcdTA0M2RcXHUwNDMwXFx1MDQ0ZlxcXCIgXFx1MDQzMVxcdTA0NGJcXHUwNDNiIFxcdTA0NDNcXHUwNDQxXFx1MDQzZlxcdTA0MzVcXHUwNDQ4XFx1MDQzZFxcdTA0M2UgXFx1MDQzNFxcdTA0M2VcXHUwNDMxXFx1MDQzMFxcdTA0MzJcXHUwNDNiXFx1MDQzNVxcdTA0M2QuXCJdLFtcIl9fanNvbl9tZXNzYWdlXCIsMCwyNSxcIlxcdTA0MWNcXHUwNDM1XFx1MDQ0MlxcdTA0NDBcXHUwNDNlIFxcXCJcXHUwNDE1XFx1MDQzYlxcdTA0MzhcXHUwNDM3XFx1MDQzMFxcdTA0NDBcXHUwNDNlXFx1MDQzMlxcdTA0NDFcXHUwNDNhXFx1MDQzMFxcdTA0NGZcXFwiIFxcdTA0MzFcXHUwNDRiXFx1MDQzYiBcXHUwNDQzXFx1MDQ0MVxcdTA0M2ZcXHUwNDM1XFx1MDQ0OFxcdTA0M2RcXHUwNDNlIFxcdTA0MzRcXHUwNDNlXFx1MDQzMVxcdTA0MzBcXHUwNDMyXFx1MDQzYlxcdTA0MzVcXHUwNDNkLlwiXSxbXCJfX2pzb25fbWVzc2FnZVwiLDAsMjUsXCJcXHUwNDFjXFx1MDQzNVxcdTA0NDJcXHUwNDQwXFx1MDQzZSBcXFwiXFx1MDQxNFxcdTA0M2VcXHUwNDQxXFx1MDQ0MlxcdTA0M2VcXHUwNDM1XFx1MDQzMlxcdTA0NDFcXHUwNDNhXFx1MDQzMFxcdTA0NGZcXFwiIFxcdTA0MzFcXHUwNDRiXFx1MDQzYiBcXHUwNDQzXFx1MDQ0MVxcdTA0M2ZcXHUwNDM1XFx1MDQ0OFxcdTA0M2RcXHUwNDNlIFxcdTA0MzRcXHUwNDNlXFx1MDQzMVxcdTA0MzBcXHUwNDMyXFx1MDQzYlxcdTA0MzVcXHUwNDNkLlwiXSxbXCJfX2pzb25fbWVzc2FnZVwiLDAsMjUsXCJcXHUwNDFjXFx1MDQzNVxcdTA0NDJcXHUwNDQwXFx1MDQzZSBcXFwiXFx1MDQxNFxcdTA0MzVcXHUwNDMyXFx1MDQ0ZlxcdTA0NDJcXHUwNDNhXFx1MDQzOFxcdTA0M2RcXHUwNDNlXFxcIiBcXHUwNDMxXFx1MDQ0YlxcdTA0M2IgXFx1MDQ0M1xcdTA0NDFcXHUwNDNmXFx1MDQzNVxcdTA0NDhcXHUwNDNkXFx1MDQzZSBcXHUwNDM0XFx1MDQzZVxcdTA0MzFcXHUwNDMwXFx1MDQzMlxcdTA0M2JcXHUwNDM1XFx1MDQzZC5cIl0sW1wiX19qc29uX21lc3NhZ2VcIiwwLDI1LFwiXFx1MDQxY1xcdTA0MzVcXHUwNDQyXFx1MDQ0MFxcdTA0M2UgXFxcIlxcdTA0MTNcXHUwNDQwXFx1MDQzMFxcdTA0MzZcXHUwNDM0XFx1MDQzMFxcdTA0M2RcXHUwNDQxXFx1MDQzYVxcdTA0MzhcXHUwNDM5IFxcdTA0M2ZcXHUwNDQwXFx1MDQzZVxcdTA0NDFcXHUwNDNmXFx1MDQzNVxcdTA0M2FcXHUwNDQyXFxcIiBcXHUwNDMxXFx1MDQ0YlxcdTA0M2IgXFx1MDQ0M1xcdTA0NDFcXHUwNDNmXFx1MDQzNVxcdTA0NDhcXHUwNDNkXFx1MDQzZSBcXHUwNDM0XFx1MDQzZVxcdTA0MzFcXHUwNDMwXFx1MDQzMlxcdTA0M2JcXHUwNDM1XFx1MDQzZC5cIl0sW1wiX19qc29uX21lc3NhZ2VcIiwwLDI1LFwiXFx1MDQxY1xcdTA0MzVcXHUwNDQyXFx1MDQ0MFxcdTA0M2UgXFxcIlxcdTA0MTNcXHUwNDNlXFx1MDQ0MVxcdTA0NDJcXHUwNDM4XFx1MDQzZFxcdTA0NGJcXHUwNDM5IFxcdTA0MzRcXHUwNDMyXFx1MDQzZVxcdTA0NDBcXFwiIFxcdTA0MzFcXHUwNDRiXFx1MDQzYiBcXHUwNDQzXFx1MDQ0MVxcdTA0M2ZcXHUwNDM1XFx1MDQ0OFxcdTA0M2RcXHUwNDNlIFxcdTA0MzRcXHUwNDNlXFx1MDQzMVxcdTA0MzBcXHUwNDMyXFx1MDQzYlxcdTA0MzVcXHUwNDNkLlwiXSxbXCJfX2pzb25fbWVzc2FnZVwiLDAsMjUsXCJcXHUwNDFjXFx1MDQzNVxcdTA0NDJcXHUwNDQwXFx1MDQzZSBcXFwiXFx1MDQxM1xcdTA0M2VcXHUwNDQwXFx1MDQ0Y1xcdTA0M2FcXHUwNDNlXFx1MDQzMlxcdTA0NDFcXHUwNDNhXFx1MDQzMFxcdTA0NGZcXFwiIFxcdTA0MzFcXHUwNDRiXFx1MDQzYiBcXHUwNDQzXFx1MDQ0MVxcdTA0M2ZcXHUwNDM1XFx1MDQ0OFxcdTA0M2RcXHUwNDNlIFxcdTA0MzRcXHUwNDNlXFx1MDQzMVxcdTA0MzBcXHUwNDMyXFx1MDQzYlxcdTA0MzVcXHUwNDNkLlwiXSxbXCJfX2pzb25fbWVzc2FnZVwiLDAsMjUsXCJcXHUwNDFjXFx1MDQzNVxcdTA0NDJcXHUwNDQwXFx1MDQzZSBcXFwiXFx1MDQxMlxcdTA0NGJcXHUwNDMxXFx1MDQzZVxcdTA0NDBcXHUwNDMzXFx1MDQ0MVxcdTA0M2FcXHUwNDMwXFx1MDQ0ZlxcXCIgXFx1MDQzMVxcdTA0NGJcXHUwNDNiIFxcdTA0NDNcXHUwNDQxXFx1MDQzZlxcdTA0MzVcXHUwNDQ4XFx1MDQzZFxcdTA0M2UgXFx1MDQzNFxcdTA0M2VcXHUwNDMxXFx1MDQzMFxcdTA0MzJcXHUwNDNiXFx1MDQzNVxcdTA0M2QuXCJdLFtcIl9fanNvbl9tZXNzYWdlXCIsMCwyNSxcIlxcdTA0MWNcXHUwNDM1XFx1MDQ0MlxcdTA0NDBcXHUwNDNlIFxcXCJcXHUwNDEyXFx1MDQzZVxcdTA0M2JcXHUwNDNhXFx1MDQzZVxcdTA0MzJcXHUwNDQxXFx1MDQzYVxcdTA0MzBcXHUwNDRmXFxcIiBcXHUwNDMxXFx1MDQ0YlxcdTA0M2IgXFx1MDQ0M1xcdTA0NDFcXHUwNDNmXFx1MDQzNVxcdTA0NDhcXHUwNDNkXFx1MDQzZSBcXHUwNDM0XFx1MDQzZVxcdTA0MzFcXHUwNDMwXFx1MDQzMlxcdTA0M2JcXHUwNDM1XFx1MDQzZC5cIl0sW1wiX19qc29uX21lc3NhZ2VcIiwwLDI1LFwiXFx1MDQxY1xcdTA0MzVcXHUwNDQyXFx1MDQ0MFxcdTA0M2UgXFxcIlxcdTA0MTJcXHUwNDNiXFx1MDQzMFxcdTA0MzRcXHUwNDM4XFx1MDQzY1xcdTA0MzhcXHUwNDQwXFx1MDQ0MVxcdTA0M2FcXHUwNDMwXFx1MDQ0ZlxcXCIgXFx1MDQzMVxcdTA0NGJcXHUwNDNiIFxcdTA0NDNcXHUwNDQxXFx1MDQzZlxcdTA0MzVcXHUwNDQ4XFx1MDQzZFxcdTA0M2UgXFx1MDQzNFxcdTA0M2VcXHUwNDMxXFx1MDQzMFxcdTA0MzJcXHUwNDNiXFx1MDQzNVxcdTA0M2QuXCJdLFtcIl9fanNvbl9tZXNzYWdlXCIsMCwyNSxcIlxcdTA0MWNcXHUwNDM1XFx1MDQ0MlxcdTA0NDBcXHUwNDNlIFxcXCJcXHUwNDEyXFx1MDQzMFxcdTA0NDFcXHUwNDM4XFx1MDQzYlxcdTA0MzVcXHUwNDNlXFx1MDQ0MVxcdTA0NDJcXHUwNDQwXFx1MDQzZVxcdTA0MzJcXHUwNDQxXFx1MDQzYVxcdTA0MzBcXHUwNDRmXFxcIiBcXHUwNDMxXFx1MDQ0YlxcdTA0M2IgXFx1MDQ0M1xcdTA0NDFcXHUwNDNmXFx1MDQzNVxcdTA0NDhcXHUwNDNkXFx1MDQzZSBcXHUwNDM0XFx1MDQzZVxcdTA0MzFcXHUwNDMwXFx1MDQzMlxcdTA0M2JcXHUwNDM1XFx1MDQzZC5cIl0sW1wiX19qc29uX21lc3NhZ2VcIiwwLDI1LFwiXFx1MDQxY1xcdTA0MzVcXHUwNDQyXFx1MDQ0MFxcdTA0M2UgXFxcIlxcdTA0MTFcXHUwNDQzXFx1MDQ0NVxcdTA0MzBcXHUwNDQwXFx1MDQzNVxcdTA0NDFcXHUwNDQyXFx1MDQ0MVxcdTA0M2FcXHUwNDMwXFx1MDQ0ZlxcXCIgXFx1MDQzMVxcdTA0NGJcXHUwNDNiIFxcdTA0NDNcXHUwNDQxXFx1MDQzZlxcdTA0MzVcXHUwNDQ4XFx1MDQzZFxcdTA0M2UgXFx1MDQzNFxcdTA0M2VcXHUwNDMxXFx1MDQzMFxcdTA0MzJcXHUwNDNiXFx1MDQzNVxcdTA0M2QuXCJdLFtcIl9fanNvbl9tZXNzYWdlXCIsMCwyNSxcIlxcdTA0MWNcXHUwNDM1XFx1MDQ0MlxcdTA0NDBcXHUwNDNlIFxcXCJcXHUwNDExXFx1MDQzMFxcdTA0M2JcXHUwNDQyXFx1MDQzOFxcdTA0MzlcXHUwNDQxXFx1MDQzYVxcdTA0MzBcXHUwNDRmXFxcIiBcXHUwNDMxXFx1MDQ0YlxcdTA0M2IgXFx1MDQ0M1xcdTA0NDFcXHUwNDNmXFx1MDQzNVxcdTA0NDhcXHUwNDNkXFx1MDQzZSBcXHUwNDM0XFx1MDQzZVxcdTA0MzFcXHUwNDMwXFx1MDQzMlxcdTA0M2JcXHUwNDM1XFx1MDQzZC5cIl0sW1wiX19qc29uX21lc3NhZ2VcIiwwLDI1LFwiXFx1MDQxY1xcdTA0MzVcXHUwNDQyXFx1MDQ0MFxcdTA0M2UgXFxcIlxcdTA0MTBcXHUwNDNhXFx1MDQzMFxcdTA0MzRcXHUwNDM1XFx1MDQzY1xcdTA0MzhcXHUwNDQ3XFx1MDQzNVxcdTA0NDFcXHUwNDNhXFx1MDQzMFxcdTA0NGZcXFwiIFxcdTA0MzFcXHUwNDRiXFx1MDQzYiBcXHUwNDQzXFx1MDQ0MVxcdTA0M2ZcXHUwNDM1XFx1MDQ0OFxcdTA0M2RcXHUwNDNlIFxcdTA0MzRcXHUwNDNlXFx1MDQzMVxcdTA0MzBcXHUwNDMyXFx1MDQzYlxcdTA0MzVcXHUwNDNkLlwiXSxbXCJfX2pzb25fbWVzc2FnZVwiLDAsMjUsXCJcXHUwNDFjXFx1MDQzNVxcdTA0NDJcXHUwNDQwXFx1MDQzZSBcXFwiXFx1MDQxMFxcdTA0MzRcXHUwNDNjXFx1MDQzOFxcdTA0NDBcXHUwNDMwXFx1MDQzYlxcdTA0NDJcXHUwNDM1XFx1MDQzOVxcdTA0NDFcXHUwNDNhXFx1MDQzMFxcdTA0NGZcXFwiIFxcdTA0MzFcXHUwNDRiXFx1MDQzYiBcXHUwNDQzXFx1MDQ0MVxcdTA0M2ZcXHUwNDM1XFx1MDQ0OFxcdTA0M2RcXHUwNDNlIFxcdTA0MzRcXHUwNDNlXFx1MDQzMVxcdTA0MzBcXHUwNDMyXFx1MDQzYlxcdTA0MzVcXHUwNDNkLlwiXSxbXCJfX2pzb25fbWVzc2FnZVwiLDAsMjUsXCJcXHUwNDFjXFx1MDQzNVxcdTA0NDJcXHUwNDQwXFx1MDQzZSBcXFwiXFx1MDQxMFxcdTA0MzJcXHUwNDQyXFx1MDQzZVxcdTA0MzJcXHUwNDNlXFxcIiBcXHUwNDMxXFx1MDQ0YlxcdTA0M2IgXFx1MDQ0M1xcdTA0NDFcXHUwNDNmXFx1MDQzNVxcdTA0NDhcXHUwNDNkXFx1MDQzZSBcXHUwNDM0XFx1MDQzZVxcdTA0MzFcXHUwNDMwXFx1MDQzMlxcdTA0M2JcXHUwNDM1XFx1MDQzZC5cIl0sW1wiX19qc29uX21lc3NhZ2VcIiwwLDI1LFwiXFx1MDQxOFxcdTA0NDFcXHUwNDQxXFx1MDQzYlxcdTA0MzVcXHUwNDM0XFx1MDQzZVxcdTA0MzJcXHUwNDMwXFx1MDQ0MlxcdTA0MzVcXHUwNDNiXFx1MDQ0Y1xcdTA0NDFcXHUwNDNhXFx1MDQzOFxcdTA0MzkgXFx1MDQ0NlxcdTA0MzVcXHUwNDNkXFx1MDQ0MlxcdTA0NDAgXFxcIkFkdmFuY2VkIEZlcnRpbGl0eSBDbGluaWNcXFwiIFxcdTA0MzFcXHUwNDRiXFx1MDQzYiBcXHUwNDQzXFx1MDQ0MVxcdTA0M2ZcXHUwNDM1XFx1MDQ0OFxcdTA0M2RcXHUwNDNlIFxcdTA0MzhcXHUwNDM3XFx1MDQzY1xcdTA0MzVcXHUwNDNkXFx1MDQzNVxcdTA0M2QuXCJdLFtcIl9fanNvbl9tZXNzYWdlXCIsMCwyNSxcIlxcdTA0MThcXHUwNDQxXFx1MDQ0MVxcdTA0M2JcXHUwNDM1XFx1MDQzNFxcdTA0M2VcXHUwNDMyXFx1MDQzMFxcdTA0NDJcXHUwNDM1XFx1MDQzYlxcdTA0NGNcXHUwNDQxXFx1MDQzYVxcdTA0MzhcXHUwNDM5IFxcdTA0NDZcXHUwNDM1XFx1MDQzZFxcdTA0NDJcXHUwNDQwIFxcXCJ0ZXN0MVxcXCIgXFx1MDQzMVxcdTA0NGJcXHUwNDNiIFxcdTA0NDNcXHUwNDQxXFx1MDQzZlxcdTA0MzVcXHUwNDQ4XFx1MDQzZFxcdTA0M2UgXFx1MDQzOFxcdTA0MzdcXHUwNDNjXFx1MDQzNVxcdTA0M2RcXHUwNDM1XFx1MDQzZC5cIl0sW1wiX19qc29uX21lc3NhZ2VcIiwwLDI1LFwiXFx1MDQxOFxcdTA0NDFcXHUwNDQxXFx1MDQzYlxcdTA0MzVcXHUwNDM0XFx1MDQzZVxcdTA0MzJcXHUwNDMwXFx1MDQ0MlxcdTA0MzVcXHUwNDNiXFx1MDQ0Y1xcdTA0NDFcXHUwNDNhXFx1MDQzOFxcdTA0MzkgXFx1MDQ0NlxcdTA0MzVcXHUwNDNkXFx1MDQ0MlxcdTA0NDAgXFxcInRlc3QzXFxcIiBcXHUwNDMxXFx1MDQ0YlxcdTA0M2IgXFx1MDQ0M1xcdTA0NDFcXHUwNDNmXFx1MDQzNVxcdTA0NDhcXHUwNDNkXFx1MDQzZSBcXHUwNDM4XFx1MDQzN1xcdTA0M2NcXHUwNDM1XFx1MDQzZFxcdTA0MzVcXHUwNDNkLlwiXSxbXCJfX2pzb25fbWVzc2FnZVwiLDAsMjUsXCJcXHUwNDE4XFx1MDQ0MVxcdTA0NDFcXHUwNDNiXFx1MDQzNVxcdTA0MzRcXHUwNDNlXFx1MDQzMlxcdTA0MzBcXHUwNDQyXFx1MDQzNVxcdTA0M2JcXHUwNDRjXFx1MDQ0MVxcdTA0M2FcXHUwNDM4XFx1MDQzOSBcXHUwNDQ2XFx1MDQzNVxcdTA0M2RcXHUwNDQyXFx1MDQ0MCBcXFwidGVzdDFcXFwiIFxcdTA0MzFcXHUwNDRiXFx1MDQzYiBcXHUwNDQzXFx1MDQ0MVxcdTA0M2ZcXHUwNDM1XFx1MDQ0OFxcdTA0M2RcXHUwNDNlIFxcdTA0MzhcXHUwNDM3XFx1MDQzY1xcdTA0MzVcXHUwNDNkXFx1MDQzNVxcdTA0M2QuXCJdLFtcIl9fanNvbl9tZXNzYWdlXCIsMCwyNSxcIlxcdTA0MThcXHUwNDQxXFx1MDQ0MVxcdTA0M2JcXHUwNDM1XFx1MDQzNFxcdTA0M2VcXHUwNDMyXFx1MDQzMFxcdTA0NDJcXHUwNDM1XFx1MDQzYlxcdTA0NGNcXHUwNDQxXFx1MDQzYVxcdTA0MzhcXHUwNDM5IFxcdTA0NDZcXHUwNDM1XFx1MDQzZFxcdTA0NDJcXHUwNDQwIFxcXCJ0ZXN0MVxcXCIgXFx1MDQzMVxcdTA0NGJcXHUwNDNiIFxcdTA0NDNcXHUwNDQxXFx1MDQzZlxcdTA0MzVcXHUwNDQ4XFx1MDQzZFxcdTA0M2UgXFx1MDQzOFxcdTA0MzdcXHUwNDNjXFx1MDQzNVxcdTA0M2RcXHUwNDM1XFx1MDQzZC5cIl0sW1wiX19qc29uX21lc3NhZ2VcIiwwLDI1LFwiXFx1MDQxY1xcdTA0M2VcXHUwNDQ5XFx1MDQzZFxcdTA0M2VcXHUwNDQxXFx1MDQ0MlxcdTA0NGMgXFxcIjNcXFwiIFxcdTA0MzFcXHUwNDRiXFx1MDQzYiBcXHUwNDQzXFx1MDQ0MVxcdTA0M2ZcXHUwNDM1XFx1MDQ0OFxcdTA0M2RcXHUwNDNlIFxcdTA0MzRcXHUwNDNlXFx1MDQzMVxcdTA0MzBcXHUwNDMyXFx1MDQzYlxcdTA0MzVcXHUwNDNkLlwiXSxbXCJfX2pzb25fbWVzc2FnZVwiLDAsMjUsXCJcXHUwNDEyXFx1MDQzOFxcdTA0MzQgXFx1MDQzZVxcdTA0MzFcXHUwNDQxXFx1MDQzYlxcdTA0MzVcXHUwNDM0XFx1MDQzZVxcdTA0MzJcXHUwNDMwXFx1MDQzZFxcdTA0MzhcXHUwNDRmIFxcXCJcXHUwNDFjXFx1MDQyMFxcdTA0MjIgXFx1MDQzM1xcdTA0M2VcXHUwNDNiXFx1MDQzZVxcdTA0MzJcXHUwNDNkXFx1MDQzZVxcdTA0MzNcXHUwNDNlIFxcdTA0M2NcXHUwNDNlXFx1MDQzN1xcdTA0MzNcXHUwNDMwXFxcIiBcXHUwNDMxXFx1MDQ0YlxcdTA0M2IgXFx1MDQ0M1xcdTA0NDFcXHUwNDNmXFx1MDQzNVxcdTA0NDhcXHUwNDNkXFx1MDQzZSBcXHUwNDM0XFx1MDQzZVxcdTA0MzFcXHUwNDMwXFx1MDQzMlxcdTA0M2JcXHUwNDM1XFx1MDQzZC5cIl0sW1wiX19qc29uX21lc3NhZ2VcIiwwLDI1LFwiXFx1MDQxMlxcdTA0MzhcXHUwNDM0IFxcdTA0M2VcXHUwNDMxXFx1MDQ0MVxcdTA0M2JcXHUwNDM1XFx1MDQzNFxcdTA0M2VcXHUwNDMyXFx1MDQzMFxcdTA0M2RcXHUwNDM4XFx1MDQ0ZiBcXFwiXFx1MDQxY1xcdTA0MjBcXHUwNDIyIFxcdTA0MzNcXHUwNDM4XFx1MDQzZlxcdTA0M2VcXHUwNDQ0XFx1MDQzOFxcdTA0MzdcXHUwNDMwXFxcIiBcXHUwNDMxXFx1MDQ0YlxcdTA0M2IgXFx1MDQ0M1xcdTA0NDFcXHUwNDNmXFx1MDQzNVxcdTA0NDhcXHUwNDNkXFx1MDQzZSBcXHUwNDM0XFx1MDQzZVxcdTA0MzFcXHUwNDMwXFx1MDQzMlxcdTA0M2JcXHUwNDM1XFx1MDQzZC5cIl0sW1wiX19qc29uX21lc3NhZ2VcIiwwLDI1LFwiXFx1MDQxMlxcdTA0MzhcXHUwNDM0IFxcdTA0M2VcXHUwNDMxXFx1MDQ0MVxcdTA0M2JcXHUwNDM1XFx1MDQzNFxcdTA0M2VcXHUwNDMyXFx1MDQzMFxcdTA0M2RcXHUwNDM4XFx1MDQ0ZiBcXFwiXFx1MDQxY1xcdTA0MjBcXHUwNDIyIFxcdTA0MzNcXHUwNDNiXFx1MDQzMFxcdTA0MzdcXHUwNDNkXFx1MDQ0YlxcdTA0NDUgXFx1MDQzZVxcdTA0NDBcXHUwNDMxXFx1MDQzOFxcdTA0NDJcXFwiIFxcdTA0MzFcXHUwNDRiXFx1MDQzYiBcXHUwNDQzXFx1MDQ0MVxcdTA0M2ZcXHUwNDM1XFx1MDQ0OFxcdTA0M2RcXHUwNDNlIFxcdTA0MzRcXHUwNDNlXFx1MDQzMVxcdTA0MzBcXHUwNDMyXFx1MDQzYlxcdTA0MzVcXHUwNDNkLlwiXSxbXCJfX2pzb25fbWVzc2FnZVwiLDAsMjUsXCJcXHUwNDEyXFx1MDQzOFxcdTA0MzQgXFx1MDQzZVxcdTA0MzFcXHUwNDQxXFx1MDQzYlxcdTA0MzVcXHUwNDM0XFx1MDQzZVxcdTA0MzJcXHUwNDMwXFx1MDQzZFxcdTA0MzhcXHUwNDRmIFxcXCJcXHUwNDFjXFx1MDQyMFxcdTA0MjIgXFx1MDQzZlxcdTA0MzBcXHUwNDM3XFx1MDQ0M1xcdTA0NDUgXFx1MDQzZFxcdTA0M2VcXHUwNDQxXFx1MDQzMFxcXCIgXFx1MDQzMVxcdTA0NGJcXHUwNDNiIFxcdTA0NDNcXHUwNDQxXFx1MDQzZlxcdTA0MzVcXHUwNDQ4XFx1MDQzZFxcdTA0M2UgXFx1MDQzNFxcdTA0M2VcXHUwNDMxXFx1MDQzMFxcdTA0MzJcXHUwNDNiXFx1MDQzNVxcdTA0M2QuXCJdLFtcIl9fanNvbl9tZXNzYWdlXCIsMCwyNSxcIlxcdTA0MTJcXHUwNDM4XFx1MDQzNCBcXHUwNDNlXFx1MDQzMVxcdTA0NDFcXHUwNDNiXFx1MDQzNVxcdTA0MzRcXHUwNDNlXFx1MDQzMlxcdTA0MzBcXHUwNDNkXFx1MDQzOFxcdTA0NGYgXFxcIlxcdTA0MWNcXHUwNDIwXFx1MDQyMiBcXHUwNDNmXFx1MDQzZVxcdTA0MzdcXHUwNDMyXFx1MDQzZVxcdTA0M2RcXHUwNDNlXFx1MDQ0N1xcdTA0M2RcXHUwNDM4XFx1MDQzYVxcdTA0MzBcXFwiIFxcdTA0MzFcXHUwNDRiXFx1MDQzYiBcXHUwNDQzXFx1MDQ0MVxcdTA0M2ZcXHUwNDM1XFx1MDQ0OFxcdTA0M2RcXHUwNDNlIFxcdTA0MzRcXHUwNDNlXFx1MDQzMVxcdTA0MzBcXHUwNDMyXFx1MDQzYlxcdTA0MzVcXHUwNDNkLlwiXSxbXCJfX2pzb25fbWVzc2FnZVwiLDAsMjUsXCJcXHUwNDEyXFx1MDQzOFxcdTA0MzQgXFx1MDQzZVxcdTA0MzFcXHUwNDQxXFx1MDQzYlxcdTA0MzVcXHUwNDM0XFx1MDQzZVxcdTA0MzJcXHUwNDMwXFx1MDQzZFxcdTA0MzhcXHUwNDRmIFxcXCJcXHUwNDFjXFx1MDQyMFxcdTA0MjIgXFx1MDQ0OFxcdTA0MzVcXHUwNDM5XFx1MDQzZFxcdTA0M2VcXHUwNDMzXFx1MDQzZSBcXHUwNDNlXFx1MDQ0MlxcdTA0MzRcXHUwNDM1XFx1MDQzYlxcdTA0MzBcXFwiIFxcdTA0MzFcXHUwNDRiXFx1MDQzYiBcXHUwNDQzXFx1MDQ0MVxcdTA0M2ZcXHUwNDM1XFx1MDQ0OFxcdTA0M2RcXHUwNDNlIFxcdTA0MzRcXHUwNDNlXFx1MDQzMVxcdTA0MzBcXHUwNDMyXFx1MDQzYlxcdTA0MzVcXHUwNDNkLlwiXSxbXCJfX2pzb25fbWVzc2FnZVwiLDAsMjUsXCJcXHUwNDEyXFx1MDQzOFxcdTA0MzQgXFx1MDQzZVxcdTA0MzFcXHUwNDQxXFx1MDQzYlxcdTA0MzVcXHUwNDM0XFx1MDQzZVxcdTA0MzJcXHUwNDMwXFx1MDQzZFxcdTA0MzhcXHUwNDRmIFxcXCJcXHUwNDFjXFx1MDQyMFxcdTA0MjIgXFx1MDQzM1xcdTA0NDBcXHUwNDQzXFx1MDQzNFxcdTA0M2RcXHUwNDNlXFx1MDQzM1xcdTA0M2UgXFx1MDQzZVxcdTA0NDJcXHUwNDM0XFx1MDQzNVxcdTA0M2JcXHUwNDMwXFxcIiBcXHUwNDMxXFx1MDQ0YlxcdTA0M2IgXFx1MDQ0M1xcdTA0NDFcXHUwNDNmXFx1MDQzNVxcdTA0NDhcXHUwNDNkXFx1MDQzZSBcXHUwNDM0XFx1MDQzZVxcdTA0MzFcXHUwNDMwXFx1MDQzMlxcdTA0M2JcXHUwNDM1XFx1MDQzZC5cIl0sW1wiX19qc29uX21lc3NhZ2VcIiwwLDI1LFwiXFx1MDQxMlxcdTA0MzhcXHUwNDM0IFxcdTA0M2VcXHUwNDMxXFx1MDQ0MVxcdTA0M2JcXHUwNDM1XFx1MDQzNFxcdTA0M2VcXHUwNDMyXFx1MDQzMFxcdTA0M2RcXHUwNDM4XFx1MDQ0ZiBcXFwiXFx1MDQxY1xcdTA0MjBcXHUwNDIyIFxcdTA0M2ZcXHUwNDNlXFx1MDQ0ZlxcdTA0NDFcXHUwNDNkXFx1MDQzOFxcdTA0NDdcXHUwNDNkXFx1MDQzZS1cXHUwNDNhXFx1MDQ0MFxcdTA0MzVcXHUwNDQxXFx1MDQ0MlxcdTA0NDZcXHUwNDNlXFx1MDQzMlxcdTA0M2VcXHUwNDMzXFx1MDQzZSBcXHUwNDNlXFx1MDQ0MlxcdTA0MzRcXHUwNDM1XFx1MDQzYlxcdTA0MzBcXFwiIFxcdTA0MzFcXHUwNDRiXFx1MDQzYiBcXHUwNDQzXFx1MDQ0MVxcdTA0M2ZcXHUwNDM1XFx1MDQ0OFxcdTA0M2RcXHUwNDNlIFxcdTA0MzRcXHUwNDNlXFx1MDQzMVxcdTA0MzBcXHUwNDMyXFx1MDQzYlxcdTA0MzVcXHUwNDNkLlwiXSxbXCJfX2pzb25fbWVzc2FnZVwiLDAsMjUsXCJcXHUwNDEyXFx1MDQzOFxcdTA0MzQgXFx1MDQzZVxcdTA0MzFcXHUwNDQxXFx1MDQzYlxcdTA0MzVcXHUwNDM0XFx1MDQzZVxcdTA0MzJcXHUwNDMwXFx1MDQzZFxcdTA0MzhcXHUwNDRmIFxcXCJcXHUwNDFjXFx1MDQyMFxcdTA0MjIgXFx1MDQzYVxcdTA0NDBcXHUwNDM1XFx1MDQ0MVxcdTA0NDJcXHUwNDQ2XFx1MDQzZVxcdTA0MzJcXHUwNDNlLVxcdTA0M2ZcXHUwNDNlXFx1MDQzNFxcdTA0MzJcXHUwNDM3XFx1MDQzNFxcdTA0M2VcXHUwNDQ4XFx1MDQzZFxcdTA0NGJcXHUwNDQ1IFxcdTA0NDFcXHUwNDNlXFx1MDQ0N1xcdTA0M2JcXHUwNDM1XFx1MDQzZFxcdTA0MzVcXHUwNDNkXFx1MDQzOFxcdTA0MzlcXFwiIFxcdTA0MzFcXHUwNDRiXFx1MDQzYiBcXHUwNDQzXFx1MDQ0MVxcdTA0M2ZcXHUwNDM1XFx1MDQ0OFxcdTA0M2RcXHUwNDNlIFxcdTA0MzRcXHUwNDNlXFx1MDQzMVxcdTA0MzBcXHUwNDMyXFx1MDQzYlxcdTA0MzVcXHUwNDNkLlwiXSxbXCJfX2pzb25fbWVzc2FnZVwiLDAsMjUsXCJcXHUwNDEyXFx1MDQzOFxcdTA0MzQgXFx1MDQzZVxcdTA0MzFcXHUwNDQxXFx1MDQzYlxcdTA0MzVcXHUwNDM0XFx1MDQzZVxcdTA0MzJcXHUwNDMwXFx1MDQzZFxcdTA0MzhcXHUwNDRmIFxcXCJcXHUwNDFjXFx1MDQyMFxcdTA0MjIgXFx1MDQzYVxcdTA0M2VcXHUwNDNmXFx1MDQ0N1xcdTA0MzhcXHUwNDNhXFx1MDQzZVxcdTA0MzJcXHUwNDNlXFx1MDQzOSBcXHUwNDNlXFx1MDQzMVxcdTA0M2JcXHUwNDMwXFx1MDQ0MVxcdTA0NDJcXHUwNDM4XFxcIiBcXHUwNDMxXFx1MDQ0YlxcdTA0M2IgXFx1MDQ0M1xcdTA0NDFcXHUwNDNmXFx1MDQzNVxcdTA0NDhcXHUwNDNkXFx1MDQzZSBcXHUwNDM0XFx1MDQzZVxcdTA0MzFcXHUwNDMwXFx1MDQzMlxcdTA0M2JcXHUwNDM1XFx1MDQzZC5cIl0sW1wiX19qc29uX21lc3NhZ2VcIiwwLDI1LFwiXFx1MDQxMlxcdTA0MzhcXHUwNDM0IFxcdTA0M2VcXHUwNDMxXFx1MDQ0MVxcdTA0M2JcXHUwNDM1XFx1MDQzNFxcdTA0M2VcXHUwNDMyXFx1MDQzMFxcdTA0M2RcXHUwNDM4XFx1MDQ0ZiBcXFwiXFx1MDQxY1xcdTA0MjBcXHUwNDIyIFxcdTA0MzJcXHUwNDNkXFx1MDQ0M1xcdTA0NDJcXHUwNDQwXFx1MDQzNVxcdTA0M2RcXHUwNDNkXFx1MDQzOFxcdTA0NDUgXFx1MDQzZVxcdTA0NDBcXHUwNDMzXFx1MDQzMFxcdTA0M2RcXHUwNDNlXFx1MDQzMlxcXCIgXFx1MDQzMVxcdTA0NGJcXHUwNDNiIFxcdTA0NDNcXHUwNDQxXFx1MDQzZlxcdTA0MzVcXHUwNDQ4XFx1MDQzZFxcdTA0M2UgXFx1MDQzNFxcdTA0M2VcXHUwNDMxXFx1MDQzMFxcdTA0MzJcXHUwNDNiXFx1MDQzNVxcdTA0M2QuXCJdLFtcIl9fanNvbl9tZXNzYWdlXCIsMCwyNSxcIlxcdTA0MTJcXHUwNDM4XFx1MDQzNCBcXHUwNDNlXFx1MDQzMVxcdTA0NDFcXHUwNDNiXFx1MDQzNVxcdTA0MzRcXHUwNDNlXFx1MDQzMlxcdTA0MzBcXHUwNDNkXFx1MDQzOFxcdTA0NGYgXFxcIlxcdTA0MWNcXHUwNDIwXFx1MDQyMiBcXHUwNDNlXFx1MDQ0MFxcdTA0MzNcXHUwNDMwXFx1MDQzZFxcdTA0M2VcXHUwNDMyIFxcdTA0MzNcXHUwNDQwXFx1MDQ0M1xcdTA0MzRcXHUwNDNkXFx1MDQzZVxcdTA0MzkgXFx1MDQzYVxcdTA0M2JcXHUwNDM1XFx1MDQ0MlxcdTA0M2FcXHUwNDM4IFxcdTA0MzggXFx1MDQ0MVxcdTA0NDBcXHUwNDM1XFx1MDQzNFxcdTA0M2VcXHUwNDQxXFx1MDQ0MlxcdTA0MzVcXHUwNDNkXFx1MDQzOFxcdTA0NGZcXFwiIFxcdTA0MzFcXHUwNDRiXFx1MDQzYiBcXHUwNDQzXFx1MDQ0MVxcdTA0M2ZcXHUwNDM1XFx1MDQ0OFxcdTA0M2RcXHUwNDNlIFxcdTA0MzRcXHUwNDNlXFx1MDQzMVxcdTA0MzBcXHUwNDMyXFx1MDQzYlxcdTA0MzVcXHUwNDNkLlwiXSxbXCJfX2pzb25fbWVzc2FnZVwiLDAsMjUsXCJcXHUwNDEyXFx1MDQzOFxcdTA0MzQgXFx1MDQzZVxcdTA0MzFcXHUwNDQxXFx1MDQzYlxcdTA0MzVcXHUwNDM0XFx1MDQzZVxcdTA0MzJcXHUwNDMwXFx1MDQzZFxcdTA0MzhcXHUwNDRmIFxcXCJcXHUwNDFjXFx1MDQyMFxcdTA0MjIgXFx1MDQzY1xcdTA0M2VcXHUwNDNiXFx1MDQzZVxcdTA0NDdcXHUwNDNkXFx1MDQzZVxcdTA0MzkgXFx1MDQzNlxcdTA0MzVcXHUwNDNiXFx1MDQzNVxcdTA0MzdcXHUwNDRiXFxcIiBcXHUwNDMxXFx1MDQ0YlxcdTA0M2IgXFx1MDQ0M1xcdTA0NDFcXHUwNDNmXFx1MDQzNVxcdTA0NDhcXHUwNDNkXFx1MDQzZSBcXHUwNDM0XFx1MDQzZVxcdTA0MzFcXHUwNDMwXFx1MDQzMlxcdTA0M2JcXHUwNDM1XFx1MDQzZC5cIl0sW1wiX19qc29uX21lc3NhZ2VcIiwwLDI1LFwiXFx1MDQxMlxcdTA0MzhcXHUwNDM0IFxcdTA0M2VcXHUwNDMxXFx1MDQ0MVxcdTA0M2JcXHUwNDM1XFx1MDQzNFxcdTA0M2VcXHUwNDMyXFx1MDQzMFxcdTA0M2RcXHUwNDM4XFx1MDQ0ZiBcXFwiXFx1MDQxY1xcdTA0MjBcXHUwNDIyIFxcdTA0M2VcXHUwNDQwXFx1MDQzM1xcdTA0MzBcXHUwNDNkXFx1MDQzZVxcdTA0MzIgXFx1MDQzMVxcdTA0NDBcXHUwNDRlXFx1MDQ0OFxcdTA0M2RcXHUwNDNlXFx1MDQzOSBcXHUwNDNmXFx1MDQzZVxcdTA0M2JcXHUwNDNlXFx1MDQ0MVxcdTA0NDJcXHUwNDM4XFxcIiBcXHUwNDMxXFx1MDQ0YlxcdTA0M2IgXFx1MDQ0M1xcdTA0NDFcXHUwNDNmXFx1MDQzNVxcdTA0NDhcXHUwNDNkXFx1MDQzZSBcXHUwNDM0XFx1MDQzZVxcdTA0MzFcXHUwNDMwXFx1MDQzMlxcdTA0M2JcXHUwNDM1XFx1MDQzZC5cIl0sW1wiX19qc29uX21lc3NhZ2VcIiwwLDI1LFwiXFx1MDQxMlxcdTA0MzhcXHUwNDM0IFxcdTA0M2VcXHUwNDMxXFx1MDQ0MVxcdTA0M2JcXHUwNDM1XFx1MDQzNFxcdTA0M2VcXHUwNDMyXFx1MDQzMFxcdTA0M2RcXHUwNDM4XFx1MDQ0ZiBcXFwiXFx1MDQxY1xcdTA0MjBcXHUwNDIyIFxcdTA0M2VcXHUwNDQwXFx1MDQzM1xcdTA0MzBcXHUwNDNkXFx1MDQzZVxcdTA0MzIgXFx1MDQzN1xcdTA0MzBcXHUwNDMxXFx1MDQ0MFxcdTA0NGVcXHUwNDQ4XFx1MDQzOFxcdTA0M2RcXHUwNDNkXFx1MDQzZVxcdTA0MzNcXHUwNDNlIFxcdTA0M2ZcXHUwNDQwXFx1MDQzZVxcdTA0NDFcXHUwNDQyXFx1MDQ0MFxcdTA0MzBcXHUwNDNkXFx1MDQ0MVxcdTA0NDJcXHUwNDMyXFx1MDQzMFxcXCIgXFx1MDQzMVxcdTA0NGJcXHUwNDNiIFxcdTA0NDNcXHUwNDQxXFx1MDQzZlxcdTA0MzVcXHUwNDQ4XFx1MDQzZFxcdTA0M2UgXFx1MDQzNFxcdTA0M2VcXHUwNDMxXFx1MDQzMFxcdTA0MzJcXHUwNDNiXFx1MDQzNVxcdTA0M2QuXCJdLFtcIl9fanNvbl9tZXNzYWdlXCIsMCwyNSxcIlxcdTA0MTJcXHUwNDM4XFx1MDQzNCBcXHUwNDNlXFx1MDQzMVxcdTA0NDFcXHUwNDNiXFx1MDQzNVxcdTA0MzRcXHUwNDNlXFx1MDQzMlxcdTA0MzBcXHUwNDNkXFx1MDQzOFxcdTA0NGYgXFxcIlxcdTA0MWNcXHUwNDIwLVxcdTA0NDVcXHUwNDNlXFx1MDQzYlxcdTA0MzBcXHUwNDNkXFx1MDQzM1xcdTA0MzhcXHUwNDNlXFx1MDQzM1xcdTA0NDBcXHUwNDMwXFx1MDQ0NFxcdTA0MzhcXHUwNDRmXFxcIiBcXHUwNDMxXFx1MDQ0YlxcdTA0M2IgXFx1MDQ0M1xcdTA0NDFcXHUwNDNmXFx1MDQzNVxcdTA0NDhcXHUwNDNkXFx1MDQzZSBcXHUwNDM0XFx1MDQzZVxcdTA0MzFcXHUwNDMwXFx1MDQzMlxcdTA0M2JcXHUwNDM1XFx1MDQzZC5cIl0sW1wiX19qc29uX21lc3NhZ2VcIiwwLDI1LFwiXFx1MDQxMlxcdTA0MzhcXHUwNDM0IFxcdTA0M2VcXHUwNDMxXFx1MDQ0MVxcdTA0M2JcXHUwNDM1XFx1MDQzNFxcdTA0M2VcXHUwNDMyXFx1MDQzMFxcdTA0M2RcXHUwNDM4XFx1MDQ0ZiBcXFwiXFx1MDQxY1xcdTA0MjBcXHUwNDIyIFxcdTA0M2VcXHUwNDQwXFx1MDQzM1xcdTA0MzBcXHUwNDNkXFx1MDQzZVxcdTA0MzIgXFx1MDQzY1xcdTA0MzBcXHUwNDNiXFx1MDQzZVxcdTA0MzNcXHUwNDNlIFxcdTA0NDJcXHUwNDMwXFx1MDQzN1xcdTA0MzBcXFwiIFxcdTA0MzFcXHUwNDRiXFx1MDQzYiBcXHUwNDQzXFx1MDQ0MVxcdTA0M2ZcXHUwNDM1XFx1MDQ0OFxcdTA0M2RcXHUwNDNlIFxcdTA0MzRcXHUwNDNlXFx1MDQzMVxcdTA0MzBcXHUwNDMyXFx1MDQzYlxcdTA0MzVcXHUwNDNkLlwiXSxbXCJfX2pzb25fbWVzc2FnZVwiLDAsMjUsXCJcXHUwNDEyXFx1MDQzOFxcdTA0MzQgXFx1MDQzZVxcdTA0MzFcXHUwNDQxXFx1MDQzYlxcdTA0MzVcXHUwNDM0XFx1MDQzZVxcdTA0MzJcXHUwNDMwXFx1MDQzZFxcdTA0MzhcXHUwNDRmIFxcXCJcXHUwNDFjXFx1MDQyMFxcdTA0MjIgXFx1MDQzYVxcdTA0MzhcXHUwNDQ4XFx1MDQzNVxcdTA0NDdcXHUwNDNkXFx1MDQzOFxcdTA0M2FcXHUwNDMwXFxcIiBcXHUwNDMxXFx1MDQ0YlxcdTA0M2IgXFx1MDQ0M1xcdTA0NDFcXHUwNDNmXFx1MDQzNVxcdTA0NDhcXHUwNDNkXFx1MDQzZSBcXHUwNDM0XFx1MDQzZVxcdTA0MzFcXHUwNDMwXFx1MDQzMlxcdTA0M2JcXHUwNDM1XFx1MDQzZC5cIl0sW1wiX19qc29uX21lc3NhZ2VcIiwwLDI1LFwiXFx1MDQxMlxcdTA0MzhcXHUwNDM0IFxcdTA0M2VcXHUwNDMxXFx1MDQ0MVxcdTA0M2JcXHUwNDM1XFx1MDQzNFxcdTA0M2VcXHUwNDMyXFx1MDQzMFxcdTA0M2RcXHUwNDM4XFx1MDQ0ZiBcXFwiXFx1MDQxY1xcdTA0MjBcXHUwNDIyIFxcdTA0M2NcXHUwNDRmXFx1MDQzM1xcdTA0M2FcXHUwNDM4XFx1MDQ0NSBcXHUwNDQyXFx1MDQzYVxcdTA0MzBcXHUwNDNkXFx1MDQzNVxcdTA0MzlcXFwiIFxcdTA0MzFcXHUwNDRiXFx1MDQzYiBcXHUwNDQzXFx1MDQ0MVxcdTA0M2ZcXHUwNDM1XFx1MDQ0OFxcdTA0M2RcXHUwNDNlIFxcdTA0MzRcXHUwNDNlXFx1MDQzMVxcdTA0MzBcXHUwNDMyXFx1MDQzYlxcdTA0MzVcXHUwNDNkLlwiXSxbXCJfX2pzb25fbWVzc2FnZVwiLDAsMjUsXCJcXHUwNDEyXFx1MDQzOFxcdTA0MzQgXFx1MDQzZVxcdTA0MzFcXHUwNDQxXFx1MDQzYlxcdTA0MzVcXHUwNDM0XFx1MDQzZVxcdTA0MzJcXHUwNDMwXFx1MDQzZFxcdTA0MzhcXHUwNDRmIFxcXCJcXHUwNDFjXFx1MDQyMFxcdTA0MjIgXFx1MDQzY1xcdTA0NGZcXHUwNDMzXFx1MDQzYVxcdTA0MzhcXHUwNDQ1IFxcdTA0NDJcXHUwNDNhXFx1MDQzMFxcdTA0M2RcXHUwNDM1XFx1MDQzOVxcXCIgXFx1MDQzMVxcdTA0NGJcXHUwNDNiIFxcdTA0NDNcXHUwNDQxXFx1MDQzZlxcdTA0MzVcXHUwNDQ4XFx1MDQzZFxcdTA0M2UgXFx1MDQzOFxcdTA0MzdcXHUwNDNjXFx1MDQzNVxcdTA0M2RcXHUwNDM1XFx1MDQzZC5cIl0sW1wiX19qc29uX21lc3NhZ2VcIiwwLDI1LFwiXFx1MDQxMlxcdTA0MzhcXHUwNDM0IFxcdTA0M2VcXHUwNDMxXFx1MDQ0MVxcdTA0M2JcXHUwNDM1XFx1MDQzNFxcdTA0M2VcXHUwNDMyXFx1MDQzMFxcdTA0M2RcXHUwNDM4XFx1MDQ0ZiBcXFwiXFx1MDQxY1xcdTA0MjBcXHUwNDIyIFxcdTA0M2NcXHUwNDRmXFx1MDQzM1xcdTA0M2FcXHUwNDM4XFx1MDQ0NSBcXHUwNDQyXFx1MDQzYVxcdTA0MzBcXHUwNDNkXFx1MDQzNVxcdTA0MzkgXFx1MDQzOCBcXHUwNDNlXFx1MDQ0MFxcdTA0MzNcXHUwNDMwXFx1MDQzZFxcdTA0M2VcXHUwNDMyIFxcdTA0NDhcXHUwNDM1XFx1MDQzOFxcXCIgXFx1MDQzMVxcdTA0NGJcXHUwNDNiIFxcdTA0NDNcXHUwNDQxXFx1MDQzZlxcdTA0MzVcXHUwNDQ4XFx1MDQzZFxcdTA0M2UgXFx1MDQzNFxcdTA0M2VcXHUwNDMxXFx1MDQzMFxcdTA0MzJcXHUwNDNiXFx1MDQzNVxcdTA0M2QuXCJdLFtcIl9fanNvbl9tZXNzYWdlXCIsMCwyNSxcIlxcdTA0MTJcXHUwNDM4XFx1MDQzNCBcXHUwNDNlXFx1MDQzMVxcdTA0NDFcXHUwNDNiXFx1MDQzNVxcdTA0MzRcXHUwNDNlXFx1MDQzMlxcdTA0MzBcXHUwNDNkXFx1MDQzOFxcdTA0NGYgXFxcIlxcdTA0MWNcXHUwNDIwXFx1MDQyMiBcXHUwNDQyXFx1MDQzYVxcdTA0MzBcXHUwNDNkXFx1MDQzNVxcdTA0MzkgXFx1MDQzYVxcdTA0M2VcXHUwNDNkXFx1MDQzNVxcdTA0NDdcXHUwNDNkXFx1MDQzZVxcdTA0NDFcXHUwNDQyXFx1MDQzOFxcXCIgXFx1MDQzMVxcdTA0NGJcXHUwNDNiIFxcdTA0NDNcXHUwNDQxXFx1MDQzZlxcdTA0MzVcXHUwNDQ4XFx1MDQzZFxcdTA0M2UgXFx1MDQzNFxcdTA0M2VcXHUwNDMxXFx1MDQzMFxcdTA0MzJcXHUwNDNiXFx1MDQzNVxcdTA0M2QuXCJdLFtcIl9fanNvbl9tZXNzYWdlXCIsMCwyNSxcIlxcdTA0MTJcXHUwNDM4XFx1MDQzNCBcXHUwNDNlXFx1MDQzMVxcdTA0NDFcXHUwNDNiXFx1MDQzNVxcdTA0MzRcXHUwNDNlXFx1MDQzMlxcdTA0MzBcXHUwNDNkXFx1MDQzOFxcdTA0NGYgXFxcIlxcdTA0MWNcXHUwNDIwXFx1MDQyMiBcXHUwNDQxXFx1MDQ0M1xcdTA0NDFcXHUwNDQyXFx1MDQzMFxcdTA0MzJcXHUwNDNlXFx1MDQzMlxcXCIgXFx1MDQzMVxcdTA0NGJcXHUwNDNiIFxcdTA0NDNcXHUwNDQxXFx1MDQzZlxcdTA0MzVcXHUwNDQ4XFx1MDQzZFxcdTA0M2UgXFx1MDQzNFxcdTA0M2VcXHUwNDMxXFx1MDQzMFxcdTA0MzJcXHUwNDNiXFx1MDQzNVxcdTA0M2QuXCJdLFtcIl9fanNvbl9tZXNzYWdlXCIsMCwyNSxcIlxcdTA0MTJcXHUwNDM4XFx1MDQzNCBcXHUwNDNlXFx1MDQzMVxcdTA0NDFcXHUwNDNiXFx1MDQzNVxcdTA0MzRcXHUwNDNlXFx1MDQzMlxcdTA0MzBcXHUwNDNkXFx1MDQzOFxcdTA0NGYgXFxcIlxcdTA0MWNcXHUwNDIwXFx1MDQyMiBcXHUwNDMyXFx1MDQzOFxcdTA0NDFcXHUwNDNlXFx1MDQ0N1xcdTA0M2RcXHUwNDNlLVxcdTA0M2RcXHUwNDM4XFx1MDQzNlxcdTA0M2RcXHUwNDM1XFx1MDQ0N1xcdTA0MzVcXHUwNDNiXFx1MDQ0ZVxcdTA0NDFcXHUwNDQyXFx1MDQzZFxcdTA0M2VcXHUwNDMzXFx1MDQzZSBcXHUwNDQxXFx1MDQ0M1xcdTA0NDFcXHUwNDQyXFx1MDQzMFxcdTA0MzJcXHUwNDMwXFxcIiBcXHUwNDMxXFx1MDQ0YlxcdTA0M2IgXFx1MDQ0M1xcdTA0NDFcXHUwNDNmXFx1MDQzNVxcdTA0NDhcXHUwNDNkXFx1MDQzZSBcXHUwNDM0XFx1MDQzZVxcdTA0MzFcXHUwNDMwXFx1MDQzMlxcdTA0M2JcXHUwNDM1XFx1MDQzZC5cIl0sW1wiX19qc29uX21lc3NhZ2VcIiwwLDI1LFwiXFx1MDQxMlxcdTA0MzhcXHUwNDM0IFxcdTA0M2VcXHUwNDMxXFx1MDQ0MVxcdTA0M2JcXHUwNDM1XFx1MDQzNFxcdTA0M2VcXHUwNDMyXFx1MDQzMFxcdTA0M2RcXHUwNDM4XFx1MDQ0ZiBcXFwiXFx1MDQxY1xcdTA0MjBcXHUwNDIyIFxcdTA0M2ZcXHUwNDNiXFx1MDQzNVxcdTA0NDdcXHUwNDM1XFx1MDQzMlxcdTA0M2VcXHUwNDMzXFx1MDQzZSBcXHUwNDQxXFx1MDQ0M1xcdTA0NDFcXHUwNDQyXFx1MDQzMFxcdTA0MzJcXHUwNDMwXFxcIiBcXHUwNDMxXFx1MDQ0YlxcdTA0M2IgXFx1MDQ0M1xcdTA0NDFcXHUwNDNmXFx1MDQzNVxcdTA0NDhcXHUwNDNkXFx1MDQzZSBcXHUwNDM0XFx1MDQzZVxcdTA0MzFcXHUwNDMwXFx1MDQzMlxcdTA0M2JcXHUwNDM1XFx1MDQzZC5cIl0sW1wiX19qc29uX21lc3NhZ2VcIiwwLDI1LFwiXFx1MDQxMlxcdTA0MzhcXHUwNDM0IFxcdTA0M2VcXHUwNDMxXFx1MDQ0MVxcdTA0M2JcXHUwNDM1XFx1MDQzNFxcdTA0M2VcXHUwNDMyXFx1MDQzMFxcdTA0M2RcXHUwNDM4XFx1MDQ0ZiBcXFwiXFx1MDQxY1xcdTA0MjBcXHUwNDIyIFxcdTA0M2JcXHUwNDNlXFx1MDQzYVxcdTA0NDJcXHUwNDM1XFx1MDQzMlxcdTA0M2VcXHUwNDMzXFx1MDQzZSBcXHUwNDQxXFx1MDQ0M1xcdTA0NDFcXHUwNDQyXFx1MDQzMFxcdTA0MzJcXHUwNDMwXFxcIiBcXHUwNDMxXFx1MDQ0YlxcdTA0M2IgXFx1MDQ0M1xcdTA0NDFcXHUwNDNmXFx1MDQzNVxcdTA0NDhcXHUwNDNkXFx1MDQzZSBcXHUwNDM0XFx1MDQzZVxcdTA0MzFcXHUwNDMwXFx1MDQzMlxcdTA0M2JcXHUwNDM1XFx1MDQzZC5cIl0sW1wiX19qc29uX21lc3NhZ2VcIiwwLDI1LFwiXFx1MDQxMlxcdTA0MzhcXHUwNDM0IFxcdTA0M2VcXHUwNDMxXFx1MDQ0MVxcdTA0M2JcXHUwNDM1XFx1MDQzNFxcdTA0M2VcXHUwNDMyXFx1MDQzMFxcdTA0M2RcXHUwNDM4XFx1MDQ0ZiBcXFwiXFx1MDQxY1xcdTA0MjBcXHUwNDIyIFxcdTA0M2JcXHUwNDQzXFx1MDQ0N1xcdTA0MzVcXHUwNDM3XFx1MDQzMFxcdTA0M2ZcXHUwNDRmXFx1MDQ0MVxcdTA0NDJcXHUwNDNkXFx1MDQzZVxcdTA0MzNcXHUwNDNlIFxcdTA0NDFcXHUwNDQzXFx1MDQ0MVxcdTA0NDJcXHUwNDMwXFx1MDQzMlxcdTA0MzBcXFwiIFxcdTA0MzFcXHUwNDRiXFx1MDQzYiBcXHUwNDQzXFx1MDQ0MVxcdTA0M2ZcXHUwNDM1XFx1MDQ0OFxcdTA0M2RcXHUwNDNlIFxcdTA0MzRcXHUwNDNlXFx1MDQzMVxcdTA0MzBcXHUwNDMyXFx1MDQzYlxcdTA0MzVcXHUwNDNkLlwiXSxbXCJfX2pzb25fbWVzc2FnZVwiLDAsMjUsXCJcXHUwNDEyXFx1MDQzOFxcdTA0MzQgXFx1MDQzZVxcdTA0MzFcXHUwNDQxXFx1MDQzYlxcdTA0MzVcXHUwNDM0XFx1MDQzZVxcdTA0MzJcXHUwNDMwXFx1MDQzZFxcdTA0MzhcXHUwNDRmIFxcXCJcXHUwNDFjXFx1MDQyMFxcdTA0MjIgXFx1MDQzYVxcdTA0MzhcXHUwNDQxXFx1MDQ0MlxcdTA0MzhcXFwiIFxcdTA0MzFcXHUwNDRiXFx1MDQzYiBcXHUwNDQzXFx1MDQ0MVxcdTA0M2ZcXHUwNDM1XFx1MDQ0OFxcdTA0M2RcXHUwNDNlIFxcdTA0MzRcXHUwNDNlXFx1MDQzMVxcdTA0MzBcXHUwNDMyXFx1MDQzYlxcdTA0MzVcXHUwNDNkLlwiXSxbXCJfX2pzb25fbWVzc2FnZVwiLDAsMjUsXCJcXHUwNDEyXFx1MDQzOFxcdTA0MzQgXFx1MDQzZVxcdTA0MzFcXHUwNDQxXFx1MDQzYlxcdTA0MzVcXHUwNDM0XFx1MDQzZVxcdTA0MzJcXHUwNDMwXFx1MDQzZFxcdTA0MzhcXHUwNDRmIFxcXCJcXHUwNDFjXFx1MDQyMFxcdTA0MjIgXFx1MDQ0MlxcdTA0MzBcXHUwNDM3XFx1MDQzZVxcdTA0MzFcXHUwNDM1XFx1MDQzNFxcdTA0NDBcXHUwNDM1XFx1MDQzZFxcdTA0M2RcXHUwNDNlXFx1MDQzM1xcdTA0M2UgXFx1MDQ0MVxcdTA0NDNcXHUwNDQxXFx1MDQ0MlxcdTA0MzBcXHUwNDMyXFx1MDQzMFxcXCIgXFx1MDQzMVxcdTA0NGJcXHUwNDNiIFxcdTA0NDNcXHUwNDQxXFx1MDQzZlxcdTA0MzVcXHUwNDQ4XFx1MDQzZFxcdTA0M2UgXFx1MDQzNFxcdTA0M2VcXHUwNDMxXFx1MDQzMFxcdTA0MzJcXHUwNDNiXFx1MDQzNVxcdTA0M2QuXCJdLFtcIl9fanNvbl9tZXNzYWdlXCIsMCwyNSxcIlxcdTA0MTJcXHUwNDM4XFx1MDQzNCBcXHUwNDNlXFx1MDQzMVxcdTA0NDFcXHUwNDNiXFx1MDQzNVxcdTA0MzRcXHUwNDNlXFx1MDQzMlxcdTA0MzBcXHUwNDNkXFx1MDQzOFxcdTA0NGYgXFxcIlxcdTA0MWNcXHUwNDIwXFx1MDQyMiBcXHUwNDNhXFx1MDQzZVxcdTA0M2JcXHUwNDM1XFx1MDQzZFxcdTA0M2RcXHUwNDNlXFx1MDQzM1xcdTA0M2UgXFx1MDQ0MVxcdTA0NDNcXHUwNDQxXFx1MDQ0MlxcdTA0MzBcXHUwNDMyXFx1MDQzMFxcXCIgXFx1MDQzMVxcdTA0NGJcXHUwNDNiIFxcdTA0NDNcXHUwNDQxXFx1MDQzZlxcdTA0MzVcXHUwNDQ4XFx1MDQzZFxcdTA0M2UgXFx1MDQzNFxcdTA0M2VcXHUwNDMxXFx1MDQzMFxcdTA0MzJcXHUwNDNiXFx1MDQzNVxcdTA0M2QuXCJdLFtcIl9fanNvbl9tZXNzYWdlXCIsMCwyNSxcIlxcdTA0MTJcXHUwNDM4XFx1MDQzNCBcXHUwNDNlXFx1MDQzMVxcdTA0NDFcXHUwNDNiXFx1MDQzNVxcdTA0MzRcXHUwNDNlXFx1MDQzMlxcdTA0MzBcXHUwNDNkXFx1MDQzOFxcdTA0NGYgXFxcIlxcdTA0MWNcXHUwNDIwXFx1MDQyMiBcXHUwNDMzXFx1MDQzZVxcdTA0M2JcXHUwNDM1XFx1MDQzZFxcdTA0M2VcXHUwNDQxXFx1MDQ0MlxcdTA0M2VcXHUwNDNmXFx1MDQzZFxcdTA0M2VcXHUwNDMzXFx1MDQzZSBcXHUwNDQxXFx1MDQ0M1xcdTA0NDFcXHUwNDQyXFx1MDQzMFxcdTA0MzJcXHUwNDMwXFxcIiBcXHUwNDMxXFx1MDQ0YlxcdTA0M2IgXFx1MDQ0M1xcdTA0NDFcXHUwNDNmXFx1MDQzNVxcdTA0NDhcXHUwNDNkXFx1MDQzZSBcXHUwNDM0XFx1MDQzZVxcdTA0MzFcXHUwNDMwXFx1MDQzMlxcdTA0M2JcXHUwNDM1XFx1MDQzZC5cIl0sW1wiX19qc29uX21lc3NhZ2VcIiwwLDI1LFwiXFx1MDQxMlxcdTA0MzhcXHUwNDM0IFxcdTA0M2VcXHUwNDMxXFx1MDQ0MVxcdTA0M2JcXHUwNDM1XFx1MDQzNFxcdTA0M2VcXHUwNDMyXFx1MDQzMFxcdTA0M2RcXHUwNDM4XFx1MDQ0ZiBcXFwiXFx1MDQxY1xcdTA0MjBcXHUwNDIyIFxcdTA0NDFcXHUwNDQyXFx1MDQzZVxcdTA0M2ZcXHUwNDRiXFxcIiBcXHUwNDMxXFx1MDQ0YlxcdTA0M2IgXFx1MDQ0M1xcdTA0NDFcXHUwNDNmXFx1MDQzNVxcdTA0NDhcXHUwNDNkXFx1MDQzZSBcXHUwNDM0XFx1MDQzZVxcdTA0MzFcXHUwNDMwXFx1MDQzMlxcdTA0M2JcXHUwNDM1XFx1MDQzZC5cIl0sW1wiX19qc29uX21lc3NhZ2VcIiwwLDI1LFwiXFx1MDQxMlxcdTA0MzhcXHUwNDM0IFxcdTA0M2VcXHUwNDMxXFx1MDQ0MVxcdTA0M2JcXHUwNDM1XFx1MDQzNFxcdTA0M2VcXHUwNDMyXFx1MDQzMFxcdTA0M2RcXHUwNDM4XFx1MDQ0ZiBcXFwiXFx1MDQxY1xcdTA0MjBcXHUwNDIyIFxcdTA0NDFcXHUwNDNlXFx1MDQ0MVxcdTA0NDNcXHUwNDM0XFx1MDQzZVxcdTA0MzJcXFwiIFxcdTA0MzFcXHUwNDRiXFx1MDQzYiBcXHUwNDQzXFx1MDQ0MVxcdTA0M2ZcXHUwNDM1XFx1MDQ0OFxcdTA0M2RcXHUwNDNlIFxcdTA0MzRcXHUwNDNlXFx1MDQzMVxcdTA0MzBcXHUwNDMyXFx1MDQzYlxcdTA0MzVcXHUwNDNkLlwiXSxbXCJfX2pzb25fbWVzc2FnZVwiLDAsMjUsXCJcXHUwNDEyXFx1MDQzOFxcdTA0MzQgXFx1MDQzZVxcdTA0MzFcXHUwNDQxXFx1MDQzYlxcdTA0MzVcXHUwNDM0XFx1MDQzZVxcdTA0MzJcXHUwNDMwXFx1MDQzZFxcdTA0MzhcXHUwNDRmIFxcXCJcXHUwNDFjXFx1MDQyMFxcdTA0MjIgXFx1MDQ0MVxcdTA0M2VcXHUwNDQxXFx1MDQ0M1xcdTA0MzRcXHUwNDNlXFx1MDQzMiBcXHUwNDMzXFx1MDQzZVxcdTA0M2JcXHUwNDNlXFx1MDQzMlxcdTA0M2RcXHUwNDNlXFx1MDQzM1xcdTA0M2UgXFx1MDQzY1xcdTA0M2VcXHUwNDM3XFx1MDQzM1xcdTA0MzBcXFwiIFxcdTA0MzFcXHUwNDRiXFx1MDQzYiBcXHUwNDQzXFx1MDQ0MVxcdTA0M2ZcXHUwNDM1XFx1MDQ0OFxcdTA0M2RcXHUwNDNlIFxcdTA0MzRcXHUwNDNlXFx1MDQzMVxcdTA0MzBcXHUwNDMyXFx1MDQzYlxcdTA0MzVcXHUwNDNkLlwiXSxbXCJfX2pzb25fbWVzc2FnZVwiLDAsMjUsXCJcXHUwNDEyXFx1MDQzOFxcdTA0MzQgXFx1MDQzZVxcdTA0MzFcXHUwNDQxXFx1MDQzYlxcdTA0MzVcXHUwNDM0XFx1MDQzZVxcdTA0MzJcXHUwNDMwXFx1MDQzZFxcdTA0MzhcXHUwNDRmIFxcXCJcXHUwNDFjXFx1MDQyMFxcdTA0MjIgXFx1MDQ0MVxcdTA0M2VcXHUwNDQxXFx1MDQ0M1xcdTA0MzRcXHUwNDNlXFx1MDQzMiBcXHUwNDQ4XFx1MDQzNVxcdTA0MzhcXFwiIFxcdTA0MzFcXHUwNDRiXFx1MDQzYiBcXHUwNDQzXFx1MDQ0MVxcdTA0M2ZcXHUwNDM1XFx1MDQ0OFxcdTA0M2RcXHUwNDNlIFxcdTA0MzRcXHUwNDNlXFx1MDQzMVxcdTA0MzBcXHUwNDMyXFx1MDQzYlxcdTA0MzVcXHUwNDNkLlwiXSxbXCJfX2pzb25fbWVzc2FnZVwiLDAsMjUsXCJcXHUwNDEyXFx1MDQzOFxcdTA0MzQgXFx1MDQzZVxcdTA0MzFcXHUwNDQxXFx1MDQzYlxcdTA0MzVcXHUwNDM0XFx1MDQzZVxcdTA0MzJcXHUwNDMwXFx1MDQzZFxcdTA0MzhcXHUwNDRmIFxcXCJcXHUwNDFjXFx1MDQyMFxcdTA0MjIgXFx1MDQzZlxcdTA0M2VcXHUwNDM0XFx1MDQzYVxcdTA0M2JcXHUwNDRlXFx1MDQ0N1xcdTA0MzhcXHUwNDQ3XFx1MDQzZFxcdTA0NGJcXHUwNDQ1IFxcdTA0MzBcXHUwNDQwXFx1MDQ0MlxcdTA0MzVcXHUwNDQwXFx1MDQzOFxcdTA0MzlcXFwiIFxcdTA0MzFcXHUwNDRiXFx1MDQzYiBcXHUwNDQzXFx1MDQ0MVxcdTA0M2ZcXHUwNDM1XFx1MDQ0OFxcdTA0M2RcXHUwNDNlIFxcdTA0MzRcXHUwNDNlXFx1MDQzMVxcdTA0MzBcXHUwNDMyXFx1MDQzYlxcdTA0MzVcXHUwNDNkLlwiXSxbXCJfX2pzb25fbWVzc2FnZVwiLDAsMjUsXCJcXHUwNDEyXFx1MDQzOFxcdTA0MzQgXFx1MDQzZVxcdTA0MzFcXHUwNDQxXFx1MDQzYlxcdTA0MzVcXHUwNDM0XFx1MDQzZVxcdTA0MzJcXHUwNDMwXFx1MDQzZFxcdTA0MzhcXHUwNDRmIFxcXCJcXHUwNDFjXFx1MDQyMFxcdTA0MjIgXFx1MDQzM1xcdTA0NDBcXHUwNDQzXFx1MDQzNFxcdTA0M2RcXHUwNDNlXFx1MDQzM1xcdTA0M2UgXFx1MDQzZVxcdTA0NDJcXHUwNDM0XFx1MDQzNVxcdTA0M2JcXHUwNDMwIFxcdTA0MzBcXHUwNDNlXFx1MDQ0MFxcdTA0NDJcXHUwNDRiXFxcIiBcXHUwNDMxXFx1MDQ0YlxcdTA0M2IgXFx1MDQ0M1xcdTA0NDFcXHUwNDNmXFx1MDQzNVxcdTA0NDhcXHUwNDNkXFx1MDQzZSBcXHUwNDM0XFx1MDQzZVxcdTA0MzFcXHUwNDMwXFx1MDQzMlxcdTA0M2JcXHUwNDM1XFx1MDQzZC5cIl0sW1wiX19qc29uX21lc3NhZ2VcIiwwLDI1LFwiXFx1MDQxMlxcdTA0MzhcXHUwNDM0IFxcdTA0M2VcXHUwNDMxXFx1MDQ0MVxcdTA0M2JcXHUwNDM1XFx1MDQzNFxcdTA0M2VcXHUwNDMyXFx1MDQzMFxcdTA0M2RcXHUwNDM4XFx1MDQ0ZiBcXFwiXFx1MDQxY1xcdTA0MjBcXHUwNDIyIFxcdTA0MzFcXHUwNDQwXFx1MDQ0ZVxcdTA0NDhcXHUwNDNkXFx1MDQzZVxcdTA0MzNcXHUwNDNlIFxcdTA0M2VcXHUwNDQyXFx1MDQzNFxcdTA0MzVcXHUwNDNiXFx1MDQzMCBcXHUwNDMwXFx1MDQzZVxcdTA0NDBcXHUwNDQyXFx1MDQ0YlxcXCIgXFx1MDQzMVxcdTA0NGJcXHUwNDNiIFxcdTA0NDNcXHUwNDQxXFx1MDQzZlxcdTA0MzVcXHUwNDQ4XFx1MDQzZFxcdTA0M2UgXFx1MDQzNFxcdTA0M2VcXHUwNDMxXFx1MDQzMFxcdTA0MzJcXHUwNDNiXFx1MDQzNVxcdTA0M2QuXCJdLFtcIl9fanNvbl9tZXNzYWdlXCIsMCwyNSxcIlxcdTA0MTJcXHUwNDM4XFx1MDQzNCBcXHUwNDNlXFx1MDQzMVxcdTA0NDFcXHUwNDNiXFx1MDQzNVxcdTA0MzRcXHUwNDNlXFx1MDQzMlxcdTA0MzBcXHUwNDNkXFx1MDQzOFxcdTA0NGYgXFxcIlxcdTA0MWNcXHUwNDIwXFx1MDQyMiBcXHUwNDQxXFx1MDQzZVxcdTA0NDFcXHUwNDQzXFx1MDQzNFxcdTA0M2VcXHUwNDMyIFxcdTA0M2NcXHUwNDMwXFx1MDQzYlxcdTA0M2VcXHUwNDMzXFx1MDQzZSBcXHUwNDQyXFx1MDQzMFxcdTA0MzdcXHUwNDMwXFxcIiBcXHUwNDMxXFx1MDQ0YlxcdTA0M2IgXFx1MDQ0M1xcdTA0NDFcXHUwNDNmXFx1MDQzNVxcdTA0NDhcXHUwNDNkXFx1MDQzZSBcXHUwNDM0XFx1MDQzZVxcdTA0MzFcXHUwNDMwXFx1MDQzMlxcdTA0M2JcXHUwNDM1XFx1MDQzZC5cIl0sW1wiX19qc29uX21lc3NhZ2VcIiwwLDI1LFwiXFx1MDQxMlxcdTA0MzhcXHUwNDM0IFxcdTA0M2VcXHUwNDMxXFx1MDQ0MVxcdTA0M2JcXHUwNDM1XFx1MDQzNFxcdTA0M2VcXHUwNDMyXFx1MDQzMFxcdTA0M2RcXHUwNDM4XFx1MDQ0ZiBcXFwiXFx1MDQxY1xcdTA0MjBcXHUwNDIyIFxcdTA0NDFcXHUwNDNlXFx1MDQ0MVxcdTA0NDNcXHUwNDM0XFx1MDQzZVxcdTA0MzIgXFx1MDQzYVxcdTA0M2VcXHUwNDNkXFx1MDQzNVxcdTA0NDdcXHUwNDNkXFx1MDQzZVxcdTA0NDFcXHUwNDQyXFx1MDQzNVxcdTA0MzlcXFwiIFxcdTA0MzFcXHUwNDRiXFx1MDQzYiBcXHUwNDQzXFx1MDQ0MVxcdTA0M2ZcXHUwNDM1XFx1MDQ0OFxcdTA0M2RcXHUwNDNlIFxcdTA0MzRcXHUwNDNlXFx1MDQzMVxcdTA0MzBcXHUwNDMyXFx1MDQzYlxcdTA0MzVcXHUwNDNkLlwiXSxbXCJfX2pzb25fbWVzc2FnZVwiLDAsMjUsXCJcXHUwNDIzXFx1MDQ0MVxcdTA0M2ZcXHUwNDM1XFx1MDQ0OFxcdTA0M2RcXHUwNDNlIFxcdTA0NDNcXHUwNDM0XFx1MDQzMFxcdTA0M2JcXHUwNDM1XFx1MDQzZFxcdTA0NGIgMSBcXHUwNDEyXFx1MDQzOFxcdTA0MzQgXFx1MDQzZVxcdTA0MzFcXHUwNDQxXFx1MDQzYlxcdTA0MzVcXHUwNDM0XFx1MDQzZVxcdTA0MzJcXHUwNDMwXFx1MDQzZFxcdTA0MzhcXHUwNDRmLlwiXSxbXCJfX2pzb25fbWVzc2FnZVwiLDAsMjUsXCJcXHUwNDEyXFx1MDQzOFxcdTA0MzQgXFx1MDQzZVxcdTA0MzFcXHUwNDQxXFx1MDQzYlxcdTA0MzVcXHUwNDM0XFx1MDQzZVxcdTA0MzJcXHUwNDMwXFx1MDQzZFxcdTA0MzhcXHUwNDRmIFxcXCJcXHUwNDFhXFx1MDQyMiBcXHUwNDMzXFx1MDQzZVxcdTA0M2JcXHUwNDNlXFx1MDQzMlxcdTA0NGJcXFwiIFxcdTA0MzFcXHUwNDRiXFx1MDQzYiBcXHUwNDQzXFx1MDQ0MVxcdTA0M2ZcXHUwNDM1XFx1MDQ0OFxcdTA0M2RcXHUwNDNlIFxcdTA0MzhcXHUwNDM3XFx1MDQzY1xcdTA0MzVcXHUwNDNkXFx1MDQzNVxcdTA0M2QuXCJdLFtcIl9fanNvbl9tZXNzYWdlXCIsMCwyNSxcIlxcdTA0MTJcXHUwNDM4XFx1MDQzNCBcXHUwNDNlXFx1MDQzMVxcdTA0NDFcXHUwNDNiXFx1MDQzNVxcdTA0MzRcXHUwNDNlXFx1MDQzMlxcdTA0MzBcXHUwNDNkXFx1MDQzOFxcdTA0NGYgXFxcIlxcdTA0MWFcXHUwNDIyIFxcdTA0MzNcXHUwNDNiXFx1MDQzMFxcdTA0MzdcXHUwNDNkXFx1MDQ0YlxcdTA0NDUgXFx1MDQzZVxcdTA0NDBcXHUwNDMxXFx1MDQzOFxcdTA0NDJcXFwiIFxcdTA0MzFcXHUwNDRiXFx1MDQzYiBcXHUwNDQzXFx1MDQ0MVxcdTA0M2ZcXHUwNDM1XFx1MDQ0OFxcdTA0M2RcXHUwNDNlIFxcdTA0MzhcXHUwNDM3XFx1MDQzY1xcdTA0MzVcXHUwNDNkXFx1MDQzNVxcdTA0M2QuXCJdLFtcIl9fanNvbl9tZXNzYWdlXCIsMCwyNSxcIlxcdTA0MTJcXHUwNDM4XFx1MDQzNCBcXHUwNDNlXFx1MDQzMVxcdTA0NDFcXHUwNDNiXFx1MDQzNVxcdTA0MzRcXHUwNDNlXFx1MDQzMlxcdTA0MzBcXHUwNDNkXFx1MDQzOFxcdTA0NGYgXFxcIlxcdTA0MWFcXHUwNDIyIFxcdTA0M2ZcXHUwNDMwXFx1MDQzN1xcdTA0NDNcXHUwNDQ1IFxcdTA0M2RcXHUwNDNlXFx1MDQ0MVxcdTA0MzBcXFwiIFxcdTA0MzFcXHUwNDRiXFx1MDQzYiBcXHUwNDQzXFx1MDQ0MVxcdTA0M2ZcXHUwNDM1XFx1MDQ0OFxcdTA0M2RcXHUwNDNlIFxcdTA0MzhcXHUwNDM3XFx1MDQzY1xcdTA0MzVcXHUwNDNkXFx1MDQzNVxcdTA0M2QuXCJdLFtcIl9fanNvbl9tZXNzYWdlXCIsMCwyNSxcIlxcdTA0MTJcXHUwNDM4XFx1MDQzNCBcXHUwNDNlXFx1MDQzMVxcdTA0NDFcXHUwNDNiXFx1MDQzNVxcdTA0MzRcXHUwNDNlXFx1MDQzMlxcdTA0MzBcXHUwNDNkXFx1MDQzOFxcdTA0NGYgXFxcIlxcdTA0MWFcXHUwNDIyIFxcdTA0MzNcXHUwNDNlXFx1MDQzYlxcdTA0M2VcXHUwNDMyXFx1MDQzZFxcdTA0M2VcXHUwNDMzXFx1MDQzZSBcXHUwNDNjXFx1MDQzZVxcdTA0MzdcXHUwNDMzXFx1MDQzMFxcXCIgXFx1MDQzMVxcdTA0NGJcXHUwNDNiIFxcdTA0NDNcXHUwNDQxXFx1MDQzZlxcdTA0MzVcXHUwNDQ4XFx1MDQzZFxcdTA0M2UgXFx1MDQzNFxcdTA0M2VcXHUwNDMxXFx1MDQzMFxcdTA0MzJcXHUwNDNiXFx1MDQzNVxcdTA0M2QuXCJdLFtcIl9fanNvbl9tZXNzYWdlXCIsMCwyNSxcIlxcdTA0MTJcXHUwNDM4XFx1MDQzNCBcXHUwNDNlXFx1MDQzMVxcdTA0NDFcXHUwNDNiXFx1MDQzNVxcdTA0MzRcXHUwNDNlXFx1MDQzMlxcdTA0MzBcXHUwNDNkXFx1MDQzOFxcdTA0NGYgXFxcIlxcdTA0MWFcXHUwNDIyIFxcdTA0M2ZcXHUwNDNlXFx1MDQzN1xcdTA0MzJcXHUwNDNlXFx1MDQzZFxcdTA0M2VcXHUwNDQ3XFx1MDQzZFxcdTA0MzhcXHUwNDNhXFx1MDQzMFxcXCIgXFx1MDQzMVxcdTA0NGJcXHUwNDNiIFxcdTA0NDNcXHUwNDQxXFx1MDQzZlxcdTA0MzVcXHUwNDQ4XFx1MDQzZFxcdTA0M2UgXFx1MDQzNFxcdTA0M2VcXHUwNDMxXFx1MDQzMFxcdTA0MzJcXHUwNDNiXFx1MDQzNVxcdTA0M2QuXCJdLFtcIl9fanNvbl9tZXNzYWdlXCIsMCwyNSxcIlxcdTA0MTJcXHUwNDM4XFx1MDQzNCBcXHUwNDNlXFx1MDQzMVxcdTA0NDFcXHUwNDNiXFx1MDQzNVxcdTA0MzRcXHUwNDNlXFx1MDQzMlxcdTA0MzBcXHUwNDNkXFx1MDQzOFxcdTA0NGYgXFxcIlxcdTA0MWFcXHUwNDIyIFxcdTA0NDhcXHUwNDM1XFx1MDQzOVxcdTA0M2RcXHUwNDNlXFx1MDQzM1xcdTA0M2UgXFx1MDQzZVxcdTA0NDJcXHUwNDM0XFx1MDQzNVxcdTA0M2JcXHUwNDMwXFxcIiBcXHUwNDMxXFx1MDQ0YlxcdTA0M2IgXFx1MDQ0M1xcdTA0NDFcXHUwNDNmXFx1MDQzNVxcdTA0NDhcXHUwNDNkXFx1MDQzZSBcXHUwNDM0XFx1MDQzZVxcdTA0MzFcXHUwNDMwXFx1MDQzMlxcdTA0M2JcXHUwNDM1XFx1MDQzZC5cIl0sW1wiX19qc29uX21lc3NhZ2VcIiwwLDI1LFwiXFx1MDQxMlxcdTA0MzhcXHUwNDM0IFxcdTA0M2VcXHUwNDMxXFx1MDQ0MVxcdTA0M2JcXHUwNDM1XFx1MDQzNFxcdTA0M2VcXHUwNDMyXFx1MDQzMFxcdTA0M2RcXHUwNDM4XFx1MDQ0ZiBcXFwiXFx1MDQxYVxcdTA0MjIgXFx1MDQzM1xcdTA0NDBcXHUwNDQzXFx1MDQzNFxcdTA0M2RcXHUwNDNlXFx1MDQzM1xcdTA0M2UgXFx1MDQzZVxcdTA0NDJcXHUwNDM0XFx1MDQzNVxcdTA0M2JcXHUwNDMwXFxcIiBcXHUwNDMxXFx1MDQ0YlxcdTA0M2IgXFx1MDQ0M1xcdTA0NDFcXHUwNDNmXFx1MDQzNVxcdTA0NDhcXHUwNDNkXFx1MDQzZSBcXHUwNDM0XFx1MDQzZVxcdTA0MzFcXHUwNDMwXFx1MDQzMlxcdTA0M2JcXHUwNDM1XFx1MDQzZC5cIl0sW1wiX19qc29uX21lc3NhZ2VcIiwwLDI1LFwiXFx1MDQxMlxcdTA0MzhcXHUwNDM0IFxcdTA0M2VcXHUwNDMxXFx1MDQ0MVxcdTA0M2JcXHUwNDM1XFx1MDQzNFxcdTA0M2VcXHUwNDMyXFx1MDQzMFxcdTA0M2RcXHUwNDM4XFx1MDQ0ZiBcXFwiXFx1MDQxYVxcdTA0MjIgXFx1MDQzZlxcdTA0M2VcXHUwNDRmXFx1MDQ0MVxcdTA0M2RcXHUwNDM4XFx1MDQ0N1xcdTA0M2RcXHUwNDNlLVxcdTA0M2FcXHUwNDQwXFx1MDQzNVxcdTA0NDFcXHUwNDQyXFx1MDQ0NlxcdTA0M2VcXHUwNDMyXFx1MDQzZVxcdTA0MzNcXHUwNDNlIFxcdTA0M2VcXHUwNDQyXFx1MDQzNFxcdTA0MzVcXHUwNDNiXFx1MDQzMFxcXCIgXFx1MDQzMVxcdTA0NGJcXHUwNDNiIFxcdTA0NDNcXHUwNDQxXFx1MDQzZlxcdTA0MzVcXHUwNDQ4XFx1MDQzZFxcdTA0M2UgXFx1MDQzNFxcdTA0M2VcXHUwNDMxXFx1MDQzMFxcdTA0MzJcXHUwNDNiXFx1MDQzNVxcdTA0M2QuXCJdLFtcIl9fanNvbl9tZXNzYWdlXCIsMCwyNSxcIlxcdTA0MTJcXHUwNDM4XFx1MDQzNCBcXHUwNDNlXFx1MDQzMVxcdTA0NDFcXHUwNDNiXFx1MDQzNVxcdTA0MzRcXHUwNDNlXFx1MDQzMlxcdTA0MzBcXHUwNDNkXFx1MDQzOFxcdTA0NGYgXFxcIlxcdTA0MWFcXHUwNDIyIFxcdTA0M2FcXHUwNDQwXFx1MDQzNVxcdTA0NDFcXHUwNDQyXFx1MDQ0NlxcdTA0M2VcXHUwNDMyXFx1MDQzZS1cXHUwNDNmXFx1MDQzZVxcdTA0MzJcXHUwNDM3XFx1MDQzNFxcdTA0M2VcXHUwNDQ4XFx1MDQzZFxcdTA0NGJcXHUwNDQ1IFxcdTA0NDFcXHUwNDNlXFx1MDQ0N1xcdTA0M2JcXHUwNDM1XFx1MDQzZFxcdTA0MzVcXHUwNDNkXFx1MDQzOFxcdTA0MzlcXFwiIFxcdTA0MzFcXHUwNDRiXFx1MDQzYiBcXHUwNDQzXFx1MDQ0MVxcdTA0M2ZcXHUwNDM1XFx1MDQ0OFxcdTA0M2RcXHUwNDNlIFxcdTA0MzRcXHUwNDNlXFx1MDQzMVxcdTA0MzBcXHUwNDMyXFx1MDQzYlxcdTA0MzVcXHUwNDNkLlwiXSxbXCJfX2pzb25fbWVzc2FnZVwiLDAsMjUsXCJcXHUwNDEyXFx1MDQzOFxcdTA0MzQgXFx1MDQzZVxcdTA0MzFcXHUwNDQxXFx1MDQzYlxcdTA0MzVcXHUwNDM0XFx1MDQzZVxcdTA0MzJcXHUwNDMwXFx1MDQzZFxcdTA0MzhcXHUwNDRmIFxcXCJcXHUwNDFhXFx1MDQyMiBcXHUwNDNhXFx1MDQzZVxcdTA0M2ZcXHUwNDQ3XFx1MDQzOFxcdTA0M2FcXHUwNDNlXFx1MDQzMlxcdTA0M2VcXHUwNDM5IFxcdTA0M2VcXHUwNDMxXFx1MDQzYlxcdTA0MzBcXHUwNDQxXFx1MDQ0MlxcdTA0MzhcXFwiIFxcdTA0MzFcXHUwNDRiXFx1MDQzYiBcXHUwNDQzXFx1MDQ0MVxcdTA0M2ZcXHUwNDM1XFx1MDQ0OFxcdTA0M2RcXHUwNDNlIFxcdTA0MzRcXHUwNDNlXFx1MDQzMVxcdTA0MzBcXHUwNDMyXFx1MDQzYlxcdTA0MzVcXHUwNDNkLlwiXSxbXCJfX2pzb25fbWVzc2FnZVwiLDAsMjUsXCJcXHUwNDEyXFx1MDQzOFxcdTA0MzQgXFx1MDQzZVxcdTA0MzFcXHUwNDQxXFx1MDQzYlxcdTA0MzVcXHUwNDM0XFx1MDQzZVxcdTA0MzJcXHUwNDMwXFx1MDQzZFxcdTA0MzhcXHUwNDRmIFxcXCJcXHUwNDFhXFx1MDQyMiBcXHUwNDNlXFx1MDQ0MFxcdTA0MzNcXHUwNDMwXFx1MDQzZFxcdTA0M2VcXHUwNDMyIFxcdTA0MzggXFx1MDQzY1xcdTA0NGZcXHUwNDMzXFx1MDQzYVxcdTA0MzhcXHUwNDQ1IFxcdTA0NDJcXHUwNDNhXFx1MDQzMFxcdTA0M2RcXHUwNDM1XFx1MDQzOVxcXCIgXFx1MDQzMVxcdTA0NGJcXHUwNDNiIFxcdTA0NDNcXHUwNDQxXFx1MDQzZlxcdTA0MzVcXHUwNDQ4XFx1MDQzZFxcdTA0M2UgXFx1MDQzNFxcdTA0M2VcXHUwNDMxXFx1MDQzMFxcdTA0MzJcXHUwNDNiXFx1MDQzNVxcdTA0M2QuXCJdLFtcIl9fanNvbl9tZXNzYWdlXCIsMCwyNSxcIlxcdTA0MTJcXHUwNDM4XFx1MDQzNCBcXHUwNDNlXFx1MDQzMVxcdTA0NDFcXHUwNDNiXFx1MDQzNVxcdTA0MzRcXHUwNDNlXFx1MDQzMlxcdTA0MzBcXHUwNDNkXFx1MDQzOFxcdTA0NGYgXFxcIlxcdTA0MWFcXHUwNDIyIFxcdTA0M2NcXHUwNDRmXFx1MDQzM1xcdTA0M2FcXHUwNDM4XFx1MDQ0NSBcXHUwNDQyXFx1MDQzYVxcdTA0MzBcXHUwNDNkXFx1MDQzNVxcdTA0MzkgXFx1MDQzOCBcXHUwNDNlXFx1MDQ0MFxcdTA0MzNcXHUwNDMwXFx1MDQzZFxcdTA0M2VcXHUwNDMyIFxcdTA0NDhcXHUwNDM1XFx1MDQzOFxcXCIgXFx1MDQzMVxcdTA0NGJcXHUwNDNiIFxcdTA0NDNcXHUwNDQxXFx1MDQzZlxcdTA0MzVcXHUwNDQ4XFx1MDQzZFxcdTA0M2UgXFx1MDQzNFxcdTA0M2VcXHUwNDMxXFx1MDQzMFxcdTA0MzJcXHUwNDNiXFx1MDQzNVxcdTA0M2QuXCJdLFtcIl9fanNvbl9tZXNzYWdlXCIsMCwyNSxcIlxcdTA0MTJcXHUwNDM4XFx1MDQzNCBcXHUwNDNlXFx1MDQzMVxcdTA0NDFcXHUwNDNiXFx1MDQzNVxcdTA0MzRcXHUwNDNlXFx1MDQzMlxcdTA0MzBcXHUwNDNkXFx1MDQzOFxcdTA0NGYgXFxcIlxcdTA0MWFcXHUwNDIyIFxcdTA0M2VcXHUwNDQwXFx1MDQzM1xcdTA0MzBcXHUwNDNkXFx1MDQzZVxcdTA0MzIgXFx1MDQzM1xcdTA0NDBcXHUwNDQzXFx1MDQzNFxcdTA0M2RcXHUwNDNlXFx1MDQzOSBcXHUwNDNhXFx1MDQzYlxcdTA0MzVcXHUwNDQyXFx1MDQzYVxcdTA0MzggXFx1MDQzOCBcXHUwNDNiXFx1MDQzNVxcdTA0MzNcXHUwNDNhXFx1MDQzOFxcdTA0NDVcXFwiIFxcdTA0MzFcXHUwNDRiXFx1MDQzYiBcXHUwNDQzXFx1MDQ0MVxcdTA0M2ZcXHUwNDM1XFx1MDQ0OFxcdTA0M2RcXHUwNDNlIFxcdTA0MzRcXHUwNDNlXFx1MDQzMVxcdTA0MzBcXHUwNDMyXFx1MDQzYlxcdTA0MzVcXHUwNDNkLlwiXSxbXCJfX2pzb25fbWVzc2FnZVwiLDAsMjUsXCJcXHUwNDEyXFx1MDQzOFxcdTA0MzQgXFx1MDQzZVxcdTA0MzFcXHUwNDQxXFx1MDQzYlxcdTA0MzVcXHUwNDM0XFx1MDQzZVxcdTA0MzJcXHUwNDMwXFx1MDQzZFxcdTA0MzhcXHUwNDRmIFxcXCJcXHUwNDFhXFx1MDQyMi1cXHUwNDMyXFx1MDQzOFxcdTA0NDBcXHUwNDQyXFx1MDQ0M1xcdTA0MzBcXHUwNDNiXFx1MDQ0Y1xcdTA0M2RcXHUwNDMwXFx1MDQ0ZiBcXHUwNDMxXFx1MDQ0MFxcdTA0M2VcXHUwNDNkXFx1MDQ0NVxcdTA0M2VcXHUwNDQxXFx1MDQzYVxcdTA0M2VcXHUwNDNmXFx1MDQzOFxcdTA0NGZcXFwiIFxcdTA0MzFcXHUwNDRiXFx1MDQzYiBcXHUwNDQzXFx1MDQ0MVxcdTA0M2ZcXHUwNDM1XFx1MDQ0OFxcdTA0M2RcXHUwNDNlIFxcdTA0MzRcXHUwNDNlXFx1MDQzMVxcdTA0MzBcXHUwNDMyXFx1MDQzYlxcdTA0MzVcXHUwNDNkLlwiXSxbXCJfX2pzb25fbWVzc2FnZVwiLDAsMjUsXCJcXHUwNDEyXFx1MDQzOFxcdTA0MzQgXFx1MDQzZVxcdTA0MzFcXHUwNDQxXFx1MDQzYlxcdTA0MzVcXHUwNDM0XFx1MDQzZVxcdTA0MzJcXHUwNDMwXFx1MDQzZFxcdTA0MzhcXHUwNDRmIFxcXCJcXHUwNDFhXFx1MDQyMiBcXHUwNDNlXFx1MDQ0MFxcdTA0MzNcXHUwNDMwXFx1MDQzZFxcdTA0M2VcXHUwNDMyIFxcdTA0MzFcXHUwNDQwXFx1MDQ0ZVxcdTA0NDhcXHUwNDNkXFx1MDQzZVxcdTA0MzkgXFx1MDQzZlxcdTA0M2VcXHUwNDNiXFx1MDQzZVxcdTA0NDFcXHUwNDQyXFx1MDQzOFxcXCIgXFx1MDQzMVxcdTA0NGJcXHUwNDNiIFxcdTA0NDNcXHUwNDQxXFx1MDQzZlxcdTA0MzVcXHUwNDQ4XFx1MDQzZFxcdTA0M2UgXFx1MDQzNFxcdTA0M2VcXHUwNDMxXFx1MDQzMFxcdTA0MzJcXHUwNDNiXFx1MDQzNVxcdTA0M2QuXCJdLFtcIl9fanNvbl9tZXNzYWdlXCIsMCwyNSxcIlxcdTA0MTJcXHUwNDM4XFx1MDQzNCBcXHUwNDNlXFx1MDQzMVxcdTA0NDFcXHUwNDNiXFx1MDQzNVxcdTA0MzRcXHUwNDNlXFx1MDQzMlxcdTA0MzBcXHUwNDNkXFx1MDQzOFxcdTA0NGYgXFxcIlxcdTA0MWFcXHUwNDIyIFxcdTA0M2VcXHUwNDQwXFx1MDQzM1xcdTA0MzBcXHUwNDNkXFx1MDQzZVxcdTA0MzIgXFx1MDQzN1xcdTA0MzBcXHUwNDMxXFx1MDQ0MFxcdTA0NGVcXHUwNDQ4XFx1MDQzOFxcdTA0M2RcXHUwNDNkXFx1MDQzZVxcdTA0MzNcXHUwNDNlIFxcdTA0M2ZcXHUwNDQwXFx1MDQzZVxcdTA0NDFcXHUwNDQyXFx1MDQ0MFxcdTA0MzBcXHUwNDNkXFx1MDQ0MVxcdTA0NDJcXHUwNDMyXFx1MDQzMFxcXCIgXFx1MDQzMVxcdTA0NGJcXHUwNDNiIFxcdTA0NDNcXHUwNDQxXFx1MDQzZlxcdTA0MzVcXHUwNDQ4XFx1MDQzZFxcdTA0M2UgXFx1MDQzNFxcdTA0M2VcXHUwNDMxXFx1MDQzMFxcdTA0MzJcXHUwNDNiXFx1MDQzNVxcdTA0M2QuXCJdLFtcIl9fanNvbl9tZXNzYWdlXCIsMCwyNSxcIlxcdTA0MTJcXHUwNDM4XFx1MDQzNCBcXHUwNDNlXFx1MDQzMVxcdTA0NDFcXHUwNDNiXFx1MDQzNVxcdTA0MzRcXHUwNDNlXFx1MDQzMlxcdTA0MzBcXHUwNDNkXFx1MDQzOFxcdTA0NGYgXFxcIlxcdTA0MWFcXHUwNDIyIFxcdTA0M2VcXHUwNDQwXFx1MDQzM1xcdTA0MzBcXHUwNDNkXFx1MDQzZVxcdTA0MzIgXFx1MDQzY1xcdTA0MzBcXHUwNDNiXFx1MDQzZVxcdTA0MzNcXHUwNDNlIFxcdTA0NDJcXHUwNDMwXFx1MDQzN1xcdTA0MzBcXFwiIFxcdTA0MzFcXHUwNDRiXFx1MDQzYiBcXHUwNDQzXFx1MDQ0MVxcdTA0M2ZcXHUwNDM1XFx1MDQ0OFxcdTA0M2RcXHUwNDNlIFxcdTA0MzRcXHUwNDNlXFx1MDQzMVxcdTA0MzBcXHUwNDMyXFx1MDQzYlxcdTA0MzVcXHUwNDNkLlwiXSxbXCJfX2pzb25fbWVzc2FnZVwiLDAsMjUsXCJcXHUwNDEyXFx1MDQzOFxcdTA0MzQgXFx1MDQzZVxcdTA0MzFcXHUwNDQxXFx1MDQzYlxcdTA0MzVcXHUwNDM0XFx1MDQzZVxcdTA0MzJcXHUwNDMwXFx1MDQzZFxcdTA0MzhcXHUwNDRmIFxcXCJcXHUwNDFhXFx1MDQyMi1cXHUwNDMyXFx1MDQzOFxcdTA0NDBcXHUwNDQyXFx1MDQ0M1xcdTA0MzBcXHUwNDNiXFx1MDQ0Y1xcdTA0M2RcXHUwNDMwXFx1MDQ0ZiBcXHUwNDNhXFx1MDQzZVxcdTA0M2JcXHUwNDNlXFx1MDQzZFxcdTA0M2VcXHUwNDQxXFx1MDQzYVxcdTA0M2VcXHUwNDNmXFx1MDQzOFxcdTA0NGZcXFwiIFxcdTA0MzFcXHUwNDRiXFx1MDQzYiBcXHUwNDQzXFx1MDQ0MVxcdTA0M2ZcXHUwNDM1XFx1MDQ0OFxcdTA0M2RcXHUwNDNlIFxcdTA0MzRcXHUwNDNlXFx1MDQzMVxcdTA0MzBcXHUwNDMyXFx1MDQzYlxcdTA0MzVcXHUwNDNkLlwiXSxbXCJfX2pzb25fbWVzc2FnZVwiLDAsMjUsXCJcXHUwNDEyXFx1MDQzOFxcdTA0MzQgXFx1MDQzZVxcdTA0MzFcXHUwNDQxXFx1MDQzYlxcdTA0MzVcXHUwNDM0XFx1MDQzZVxcdTA0MzJcXHUwNDMwXFx1MDQzZFxcdTA0MzhcXHUwNDRmIFxcXCJcXHUwNDFhXFx1MDQyMiBcXHUwNDQxXFx1MDQ0M1xcdTA0NDFcXHUwNDQyXFx1MDQzMFxcdTA0MzJcXHUwNDNlXFx1MDQzMiBcXHUwNDM4IFxcdTA0M2FcXHUwNDNlXFx1MDQ0MVxcdTA0NDJcXHUwNDM1XFx1MDQzOVxcXCIgXFx1MDQzMVxcdTA0NGJcXHUwNDNiIFxcdTA0NDNcXHUwNDQxXFx1MDQzZlxcdTA0MzVcXHUwNDQ4XFx1MDQzZFxcdTA0M2UgXFx1MDQzNFxcdTA0M2VcXHUwNDMxXFx1MDQzMFxcdTA0MzJcXHUwNDNiXFx1MDQzNVxcdTA0M2QuXCJdLFtcIl9fanNvbl9tZXNzYWdlXCIsMCwyNSxcIlxcdTA0MTJcXHUwNDM4XFx1MDQzNCBcXHUwNDNlXFx1MDQzMVxcdTA0NDFcXHUwNDNiXFx1MDQzNVxcdTA0MzRcXHUwNDNlXFx1MDQzMlxcdTA0MzBcXHUwNDNkXFx1MDQzOFxcdTA0NGYgXFxcIlxcdTA0MWFcXHUwNDIyIFxcdTA0NDdcXHUwNDM1XFx1MDQzYlxcdTA0NGVcXHUwNDQxXFx1MDQ0MlxcdTA0MzhcXFwiIFxcdTA0MzFcXHUwNDRiXFx1MDQzYiBcXHUwNDQzXFx1MDQ0MVxcdTA0M2ZcXHUwNDM1XFx1MDQ0OFxcdTA0M2RcXHUwNDNlIFxcdTA0MzRcXHUwNDNlXFx1MDQzMVxcdTA0MzBcXHUwNDMyXFx1MDQzYlxcdTA0MzVcXHUwNDNkLlwiXSxbXCJfX2pzb25fbWVzc2FnZVwiLDAsMjUsXCJcXHUwNDEyXFx1MDQzOFxcdTA0MzQgXFx1MDQzZVxcdTA0MzFcXHUwNDQxXFx1MDQzYlxcdTA0MzVcXHUwNDM0XFx1MDQzZVxcdTA0MzJcXHUwNDMwXFx1MDQzZFxcdTA0MzhcXHUwNDRmIFxcXCJcXHUwNDFhXFx1MDQyMiBcXHUwNDNmXFx1MDQzYlxcdTA0MzVcXHUwNDQ3XFx1MDQzNVxcdTA0MzJcXHUwNDNlXFx1MDQzM1xcdTA0M2UgXFx1MDQ0MVxcdTA0NDNcXHUwNDQxXFx1MDQ0MlxcdTA0MzBcXHUwNDMyXFx1MDQzMFxcXCIgXFx1MDQzMVxcdTA0NGJcXHUwNDNiIFxcdTA0NDNcXHUwNDQxXFx1MDQzZlxcdTA0MzVcXHUwNDQ4XFx1MDQzZFxcdTA0M2UgXFx1MDQzNFxcdTA0M2VcXHUwNDMxXFx1MDQzMFxcdTA0MzJcXHUwNDNiXFx1MDQzNVxcdTA0M2QuXCJdLFtcIl9fanNvbl9tZXNzYWdlXCIsMCwyNSxcIlxcdTA0MTJcXHUwNDM4XFx1MDQzNCBcXHUwNDNlXFx1MDQzMVxcdTA0NDFcXHUwNDNiXFx1MDQzNVxcdTA0MzRcXHUwNDNlXFx1MDQzMlxcdTA0MzBcXHUwNDNkXFx1MDQzOFxcdTA0NGYgXFxcIlxcdTA0MWFcXHUwNDIyIFxcdTA0M2FcXHUwNDNiXFx1MDQ0ZVxcdTA0NDdcXHUwNDM4XFx1MDQ0NlxcdTA0NGJcXFwiIFxcdTA0MzFcXHUwNDRiXFx1MDQzYiBcXHUwNDQzXFx1MDQ0MVxcdTA0M2ZcXHUwNDM1XFx1MDQ0OFxcdTA0M2RcXHUwNDNlIFxcdTA0MzRcXHUwNDNlXFx1MDQzMVxcdTA0MzBcXHUwNDMyXFx1MDQzYlxcdTA0MzVcXHUwNDNkLlwiXSxbXCJfX2pzb25fbWVzc2FnZVwiLDAsMjUsXCJcXHUwNDEyXFx1MDQzOFxcdTA0MzQgXFx1MDQzZVxcdTA0MzFcXHUwNDQxXFx1MDQzYlxcdTA0MzVcXHUwNDM0XFx1MDQzZVxcdTA0MzJcXHUwNDMwXFx1MDQzZFxcdTA0MzhcXHUwNDRmIFxcXCJcXHUwNDFhXFx1MDQyMiBcXHUwNDNiXFx1MDQzZVxcdTA0M2FcXHUwNDQyXFx1MDQzNVxcdTA0MzJcXHUwNDNlXFx1MDQzM1xcdTA0M2UgXFx1MDQ0MVxcdTA0NDNcXHUwNDQxXFx1MDQ0MlxcdTA0MzBcXHUwNDMyXFx1MDQzMFxcXCIgXFx1MDQzMVxcdTA0NGJcXHUwNDNiIFxcdTA0NDNcXHUwNDQxXFx1MDQzZlxcdTA0MzVcXHUwNDQ4XFx1MDQzZFxcdTA0M2UgXFx1MDQzNFxcdTA0M2VcXHUwNDMxXFx1MDQzMFxcdTA0MzJcXHUwNDNiXFx1MDQzNVxcdTA0M2QuXCJdLFtcIl9fanNvbl9tZXNzYWdlXCIsMCwyNSxcIlxcdTA0MTJcXHUwNDM4XFx1MDQzNCBcXHUwNDNlXFx1MDQzMVxcdTA0NDFcXHUwNDNiXFx1MDQzNVxcdTA0MzRcXHUwNDNlXFx1MDQzMlxcdTA0MzBcXHUwNDNkXFx1MDQzOFxcdTA0NGYgXFxcIlxcdTA0MWFcXHUwNDIyIFxcdTA0M2JcXHUwNDQzXFx1MDQ0N1xcdTA0MzVcXHUwNDM3XFx1MDQzMFxcdTA0M2ZcXHUwNDRmXFx1MDQ0MVxcdTA0NDJcXHUwNDNkXFx1MDQzZVxcdTA0MzNcXHUwNDNlIFxcdTA0NDFcXHUwNDQzXFx1MDQ0MVxcdTA0NDJcXHUwNDMwXFx1MDQzMlxcdTA0MzBcXFwiIFxcdTA0MzFcXHUwNDRiXFx1MDQzYiBcXHUwNDQzXFx1MDQ0MVxcdTA0M2ZcXHUwNDM1XFx1MDQ0OFxcdTA0M2RcXHUwNDNlIFxcdTA0MzRcXHUwNDNlXFx1MDQzMVxcdTA0MzBcXHUwNDMyXFx1MDQzYlxcdTA0MzVcXHUwNDNkLlwiXSxbXCJfX2pzb25fbWVzc2FnZVwiLDAsMjUsXCJcXHUwNDEyXFx1MDQzOFxcdTA0MzQgXFx1MDQzZVxcdTA0MzFcXHUwNDQxXFx1MDQzYlxcdTA0MzVcXHUwNDM0XFx1MDQzZVxcdTA0MzJcXHUwNDMwXFx1MDQzZFxcdTA0MzhcXHUwNDRmIFxcXCJcXHUwNDFhXFx1MDQyMiBcXHUwNDNhXFx1MDQzOFxcdTA0NDFcXHUwNDQyXFx1MDQzOFxcXCIgXFx1MDQzMVxcdTA0NGJcXHUwNDNiIFxcdTA0NDNcXHUwNDQxXFx1MDQzZlxcdTA0MzVcXHUwNDQ4XFx1MDQzZFxcdTA0M2UgXFx1MDQzNFxcdTA0M2VcXHUwNDMxXFx1MDQzMFxcdTA0MzJcXHUwNDNiXFx1MDQzNVxcdTA0M2QuXCJdLFtcIl9fanNvbl9tZXNzYWdlXCIsMCwyNSxcIlxcdTA0MTJcXHUwNDM4XFx1MDQzNCBcXHUwNDNlXFx1MDQzMVxcdTA0NDFcXHUwNDNiXFx1MDQzNVxcdTA0MzRcXHUwNDNlXFx1MDQzMlxcdTA0MzBcXHUwNDNkXFx1MDQzOFxcdTA0NGYgXFxcIlxcdTA0MWFcXHUwNDIyIFxcdTA0NDJcXHUwNDMwXFx1MDQzN1xcdTA0M2VcXHUwNDMxXFx1MDQzNVxcdTA0MzRcXHUwNDQwXFx1MDQzNVxcdTA0M2RcXHUwNDNkXFx1MDQzZVxcdTA0MzNcXHUwNDNlIFxcdTA0NDFcXHUwNDQzXFx1MDQ0MVxcdTA0NDJcXHUwNDMwXFx1MDQzMlxcdTA0MzBcXFwiIFxcdTA0MzFcXHUwNDRiXFx1MDQzYiBcXHUwNDQzXFx1MDQ0MVxcdTA0M2ZcXHUwNDM1XFx1MDQ0OFxcdTA0M2RcXHUwNDNlIFxcdTA0MzRcXHUwNDNlXFx1MDQzMVxcdTA0MzBcXHUwNDMyXFx1MDQzYlxcdTA0MzVcXHUwNDNkLlwiXSxbXCJfX2pzb25fbWVzc2FnZVwiLDAsMjUsXCJcXHUwNDEyXFx1MDQzOFxcdTA0MzQgXFx1MDQzZVxcdTA0MzFcXHUwNDQxXFx1MDQzYlxcdTA0MzVcXHUwNDM0XFx1MDQzZVxcdTA0MzJcXHUwNDMwXFx1MDQzZFxcdTA0MzhcXHUwNDRmIFxcXCJcXHUwNDFhXFx1MDQyMiBcXHUwNDNhXFx1MDQzZVxcdTA0M2JcXHUwNDM1XFx1MDQzZFxcdTA0M2RcXHUwNDNlXFx1MDQzM1xcdTA0M2UgXFx1MDQ0MVxcdTA0NDNcXHUwNDQxXFx1MDQ0MlxcdTA0MzBcXHUwNDMyXFx1MDQzMFxcXCIgXFx1MDQzMVxcdTA0NGJcXHUwNDNiIFxcdTA0NDNcXHUwNDQxXFx1MDQzZlxcdTA0MzVcXHUwNDQ4XFx1MDQzZFxcdTA0M2UgXFx1MDQzNFxcdTA0M2VcXHUwNDMxXFx1MDQzMFxcdTA0MzJcXHUwNDNiXFx1MDQzNVxcdTA0M2QuXCJdLFtcIl9fanNvbl9tZXNzYWdlXCIsMCwyNSxcIlxcdTA0MTJcXHUwNDM4XFx1MDQzNCBcXHUwNDNlXFx1MDQzMVxcdTA0NDFcXHUwNDNiXFx1MDQzNVxcdTA0MzRcXHUwNDNlXFx1MDQzMlxcdTA0MzBcXHUwNDNkXFx1MDQzOFxcdTA0NGYgXFxcIlxcdTA0MWFcXHUwNDIyIFxcdTA0MzNcXHUwNDNlXFx1MDQzYlxcdTA0MzVcXHUwNDNkXFx1MDQzZVxcdTA0NDFcXHUwNDQyXFx1MDQzZVxcdTA0M2ZcXHUwNDNkXFx1MDQzZVxcdTA0MzNcXHUwNDNlIFxcdTA0NDFcXHUwNDQzXFx1MDQ0MVxcdTA0NDJcXHUwNDMwXFx1MDQzMlxcdTA0MzBcXFwiIFxcdTA0MzFcXHUwNDRiXFx1MDQzYiBcXHUwNDQzXFx1MDQ0MVxcdTA0M2ZcXHUwNDM1XFx1MDQ0OFxcdTA0M2RcXHUwNDNlIFxcdTA0MzRcXHUwNDNlXFx1MDQzMVxcdTA0MzBcXHUwNDMyXFx1MDQzYlxcdTA0MzVcXHUwNDNkLlwiXSxbXCJfX2pzb25fbWVzc2FnZVwiLDAsMjUsXCJcXHUwNDEyXFx1MDQzOFxcdTA0MzQgXFx1MDQzZVxcdTA0MzFcXHUwNDQxXFx1MDQzYlxcdTA0MzVcXHUwNDM0XFx1MDQzZVxcdTA0MzJcXHUwNDMwXFx1MDQzZFxcdTA0MzhcXHUwNDRmIFxcXCJcXHUwNDFhXFx1MDQyMiBcXHUwNDQxXFx1MDQ0MlxcdTA0M2VcXHUwNDNmXFx1MDQ0YlxcXCIgXFx1MDQzMVxcdTA0NGJcXHUwNDNiIFxcdTA0NDNcXHUwNDQxXFx1MDQzZlxcdTA0MzVcXHUwNDQ4XFx1MDQzZFxcdTA0M2UgXFx1MDQzNFxcdTA0M2VcXHUwNDMxXFx1MDQzMFxcdTA0MzJcXHUwNDNiXFx1MDQzNVxcdTA0M2QuXCJdLFtcIl9fanNvbl9tZXNzYWdlXCIsMCwyNSxcIlxcdTA0MTJcXHUwNDM4XFx1MDQzNCBcXHUwNDNlXFx1MDQzMVxcdTA0NDFcXHUwNDNiXFx1MDQzNVxcdTA0MzRcXHUwNDNlXFx1MDQzMlxcdTA0MzBcXHUwNDNkXFx1MDQzOFxcdTA0NGYgXFxcIlxcdTA0MWFcXHUwNDIyIFxcdTA0MzJcXHUwNDM4XFx1MDQ0MVxcdTA0M2VcXHUwNDQ3XFx1MDQzZFxcdTA0NGJcXHUwNDQ1IFxcdTA0M2FcXHUwNDNlXFx1MDQ0MVxcdTA0NDJcXHUwNDM1XFx1MDQzOVxcXCIgXFx1MDQzMVxcdTA0NGJcXHUwNDNiIFxcdTA0NDNcXHUwNDQxXFx1MDQzZlxcdTA0MzVcXHUwNDQ4XFx1MDQzZFxcdTA0M2UgXFx1MDQzNFxcdTA0M2VcXHUwNDMxXFx1MDQzMFxcdTA0MzJcXHUwNDNiXFx1MDQzNVxcdTA0M2QuXCJdLFtcIl9fanNvbl9tZXNzYWdlXCIsMCwyNSxcIlxcdTA0MTJcXHUwNDM4XFx1MDQzNCBcXHUwNDNlXFx1MDQzMVxcdTA0NDFcXHUwNDNiXFx1MDQzNVxcdTA0MzRcXHUwNDNlXFx1MDQzMlxcdTA0MzBcXHUwNDNkXFx1MDQzOFxcdTA0NGYgXFxcIlxcdTA0MWFcXHUwNDIyIFxcdTA0M2FcXHUwNDNlXFx1MDQ0MVxcdTA0NDJcXHUwNDM1XFx1MDQzOSBcXHUwNDNiXFx1MDQzOFxcdTA0NDZcXHUwNDM1XFx1MDQzMlxcdTA0M2VcXHUwNDMzXFx1MDQzZSBcXHUwNDQ3XFx1MDQzNVxcdTA0NDBcXHUwNDM1XFx1MDQzZlxcdTA0MzBcXFwiIFxcdTA0MzFcXHUwNDRiXFx1MDQzYiBcXHUwNDQzXFx1MDQ0MVxcdTA0M2ZcXHUwNDM1XFx1MDQ0OFxcdTA0M2RcXHUwNDNlIFxcdTA0MzRcXHUwNDNlXFx1MDQzMVxcdTA0MzBcXHUwNDMyXFx1MDQzYlxcdTA0MzVcXHUwNDNkLlwiXSxbXCJfX2pzb25fbWVzc2FnZVwiLDAsMjUsXCJcXHUwNDEyXFx1MDQzOFxcdTA0MzQgXFx1MDQzZVxcdTA0MzFcXHUwNDQxXFx1MDQzYlxcdTA0MzVcXHUwNDM0XFx1MDQzZVxcdTA0MzJcXHUwNDMwXFx1MDQzZFxcdTA0MzhcXHUwNDRmIFxcXCJcXHUwNDFhXFx1MDQyMiBcXHUwNDNmXFx1MDQzYlxcdTA0MzVcXHUwNDQ3XFx1MDQzNVxcdTA0MzJcXHUwNDNlXFx1MDQzOSBcXHUwNDNhXFx1MDQzZVxcdTA0NDFcXHUwNDQyXFx1MDQzOFxcXCIgXFx1MDQzMVxcdTA0NGJcXHUwNDNiIFxcdTA0NDNcXHUwNDQxXFx1MDQzZlxcdTA0MzVcXHUwNDQ4XFx1MDQzZFxcdTA0M2UgXFx1MDQzNFxcdTA0M2VcXHUwNDMxXFx1MDQzMFxcdTA0MzJcXHUwNDNiXFx1MDQzNVxcdTA0M2QuXCJdLFtcIl9fanNvbl9tZXNzYWdlXCIsMCwyNSxcIlxcdTA0MTJcXHUwNDM4XFx1MDQzNCBcXHUwNDNlXFx1MDQzMVxcdTA0NDFcXHUwNDNiXFx1MDQzNVxcdTA0MzRcXHUwNDNlXFx1MDQzMlxcdTA0MzBcXHUwNDNkXFx1MDQzOFxcdTA0NGYgXFxcIlxcdTA0MWFcXHUwNDIyIFxcdTA0M2FcXHUwNDNlXFx1MDQ0MVxcdTA0NDJcXHUwNDM1XFx1MDQzOSBcXHUwNDQyXFx1MDQzMFxcdTA0MzdcXHUwNDMwXFxcIiBcXHUwNDMxXFx1MDQ0YlxcdTA0M2IgXFx1MDQ0M1xcdTA0NDFcXHUwNDNmXFx1MDQzNVxcdTA0NDhcXHUwNDNkXFx1MDQzZSBcXHUwNDM0XFx1MDQzZVxcdTA0MzFcXHUwNDMwXFx1MDQzMlxcdTA0M2JcXHUwNDM1XFx1MDQzZC5cIl0sW1wiX19qc29uX21lc3NhZ2VcIiwwLDI1LFwiXFx1MDQxMlxcdTA0MzhcXHUwNDM0IFxcdTA0M2VcXHUwNDMxXFx1MDQ0MVxcdTA0M2JcXHUwNDM1XFx1MDQzNFxcdTA0M2VcXHUwNDMyXFx1MDQzMFxcdTA0M2RcXHUwNDM4XFx1MDQ0ZiBcXFwiXFx1MDQxYVxcdTA0MjIgXFx1MDQzMVxcdTA0MzVcXHUwNDM0XFx1MDQ0MFxcdTA0MzVcXHUwNDNkXFx1MDQzZFxcdTA0M2VcXHUwNDM5IFxcdTA0M2FcXHUwNDNlXFx1MDQ0MVxcdTA0NDJcXHUwNDM4XFxcIiBcXHUwNDMxXFx1MDQ0YlxcdTA0M2IgXFx1MDQ0M1xcdTA0NDFcXHUwNDNmXFx1MDQzNVxcdTA0NDhcXHUwNDNkXFx1MDQzZSBcXHUwNDM0XFx1MDQzZVxcdTA0MzFcXHUwNDMwXFx1MDQzMlxcdTA0M2JcXHUwNDM1XFx1MDQzZC5cIl0sW1wiX19qc29uX21lc3NhZ2VcIiwwLDI1LFwiXFx1MDQxMlxcdTA0MzhcXHUwNDM0IFxcdTA0M2VcXHUwNDMxXFx1MDQ0MVxcdTA0M2JcXHUwNDM1XFx1MDQzNFxcdTA0M2VcXHUwNDMyXFx1MDQzMFxcdTA0M2RcXHUwNDM4XFx1MDQ0ZiBcXFwiXFx1MDQxYVxcdTA0MjIgXFx1MDQzYVxcdTA0M2VcXHUwNDQxXFx1MDQ0MlxcdTA0MzVcXHUwNDM5IFxcdTA0MzNcXHUwNDNlXFx1MDQzYlxcdTA0MzVcXHUwNDNkXFx1MDQzOFxcXCIgXFx1MDQzMVxcdTA0NGJcXHUwNDNiIFxcdTA0NDNcXHUwNDQxXFx1MDQzZlxcdTA0MzVcXHUwNDQ4XFx1MDQzZFxcdTA0M2UgXFx1MDQzNFxcdTA0M2VcXHUwNDMxXFx1MDQzMFxcdTA0MzJcXHUwNDNiXFx1MDQzNVxcdTA0M2QuXCJdLFtcIl9fanNvbl9tZXNzYWdlXCIsMCwyNSxcIlxcdTA0MTJcXHUwNDM4XFx1MDQzNCBcXHUwNDNlXFx1MDQzMVxcdTA0NDFcXHUwNDNiXFx1MDQzNVxcdTA0MzRcXHUwNDNlXFx1MDQzMlxcdTA0MzBcXHUwNDNkXFx1MDQzOFxcdTA0NGYgXFxcIlxcdTA0MWFcXHUwNDIyIFxcdTA0NDFcXHUwNDNlXFx1MDQ0MVxcdTA0NDNcXHUwNDM0XFx1MDQzZVxcdTA0MzJcXFwiIFxcdTA0MzFcXHUwNDRiXFx1MDQzYiBcXHUwNDQzXFx1MDQ0MVxcdTA0M2ZcXHUwNDM1XFx1MDQ0OFxcdTA0M2RcXHUwNDNlIFxcdTA0MzRcXHUwNDNlXFx1MDQzMVxcdTA0MzBcXHUwNDMyXFx1MDQzYlxcdTA0MzVcXHUwNDNkLlwiXSxbXCJfX2pzb25fbWVzc2FnZVwiLDAsMjUsXCJcXHUwNDEyXFx1MDQzOFxcdTA0MzQgXFx1MDQzZVxcdTA0MzFcXHUwNDQxXFx1MDQzYlxcdTA0MzVcXHUwNDM0XFx1MDQzZVxcdTA0MzJcXHUwNDMwXFx1MDQzZFxcdTA0MzhcXHUwNDRmIFxcXCJcXHUwNDFhXFx1MDQyMi1cXHUwNDMwXFx1MDQzZFxcdTA0MzNcXHUwNDM4XFx1MDQzZVxcdTA0MzNcXHUwNDQwXFx1MDQzMFxcdTA0NDRcXHUwNDM4XFx1MDQ0ZiBcXHUwNDQxXFx1MDQzZVxcdTA0NDFcXHUwNDQzXFx1MDQzNFxcdTA0M2VcXHUwNDMyIFxcdTA0MzNcXHUwNDNlXFx1MDQzYlxcdTA0M2VcXHUwNDMyXFx1MDQzZFxcdTA0M2VcXHUwNDMzXFx1MDQzZSBcXHUwNDNjXFx1MDQzZVxcdTA0MzdcXHUwNDMzXFx1MDQzMFxcXCIgXFx1MDQzMVxcdTA0NGJcXHUwNDNiIFxcdTA0NDNcXHUwNDQxXFx1MDQzZlxcdTA0MzVcXHUwNDQ4XFx1MDQzZFxcdTA0M2UgXFx1MDQzNFxcdTA0M2VcXHUwNDMxXFx1MDQzMFxcdTA0MzJcXHUwNDNiXFx1MDQzNVxcdTA0M2QuXCJdLFtcIl9fanNvbl9tZXNzYWdlXCIsMCwyNSxcIlxcdTA0MTJcXHUwNDM4XFx1MDQzNCBcXHUwNDNlXFx1MDQzMVxcdTA0NDFcXHUwNDNiXFx1MDQzNVxcdTA0MzRcXHUwNDNlXFx1MDQzMlxcdTA0MzBcXHUwNDNkXFx1MDQzOFxcdTA0NGYgXFxcIlxcdTA0MWFcXHUwNDIyLVxcdTA0MzBcXHUwNDNkXFx1MDQzM1xcdTA0MzhcXHUwNDNlXFx1MDQzM1xcdTA0NDBcXHUwNDMwXFx1MDQ0NFxcdTA0MzhcXHUwNDRmIFxcdTA0NDFcXHUwNDNlXFx1MDQ0MVxcdTA0NDNcXHUwNDM0XFx1MDQzZVxcdTA0MzIgXFx1MDQ0OFxcdTA0MzVcXHUwNDM4XFxcIiBcXHUwNDMxXFx1MDQ0YlxcdTA0M2IgXFx1MDQ0M1xcdTA0NDFcXHUwNDNmXFx1MDQzNVxcdTA0NDhcXHUwNDNkXFx1MDQzZSBcXHUwNDM0XFx1MDQzZVxcdTA0MzFcXHUwNDMwXFx1MDQzMlxcdTA0M2JcXHUwNDM1XFx1MDQzZC5cIl0sW1wiX19qc29uX21lc3NhZ2VcIiwwLDI1LFwiXFx1MDQxMlxcdTA0MzhcXHUwNDM0IFxcdTA0M2VcXHUwNDMxXFx1MDQ0MVxcdTA0M2JcXHUwNDM1XFx1MDQzNFxcdTA0M2VcXHUwNDMyXFx1MDQzMFxcdTA0M2RcXHUwNDM4XFx1MDQ0ZiBcXFwiXFx1MDQxYVxcdTA0MjIgXFx1MDQzM1xcdTA0NDBcXHUwNDQzXFx1MDQzNFxcdTA0M2RcXHUwNDNlXFx1MDQzOSBcXHUwNDMwXFx1MDQzZVxcdTA0NDBcXHUwNDQyXFx1MDQ0YiBcXHUwNDM4IFxcdTA0M2JcXHUwNDM1XFx1MDQzM1xcdTA0M2VcXHUwNDQ3XFx1MDQzZFxcdTA0M2VcXHUwNDM5IFxcdTA0MzBcXHUwNDQwXFx1MDQ0MlxcdTA0MzVcXHUwNDQwXFx1MDQzOFxcdTA0MzhcXFwiIFxcdTA0MzFcXHUwNDRiXFx1MDQzYiBcXHUwNDQzXFx1MDQ0MVxcdTA0M2ZcXHUwNDM1XFx1MDQ0OFxcdTA0M2RcXHUwNDNlIFxcdTA0MzRcXHUwNDNlXFx1MDQzMVxcdTA0MzBcXHUwNDMyXFx1MDQzYlxcdTA0MzVcXHUwNDNkLlwiXSxbXCJfX2pzb25fbWVzc2FnZVwiLDAsMjUsXCJcXHUwNDEyXFx1MDQzOFxcdTA0MzQgXFx1MDQzZVxcdTA0MzFcXHUwNDQxXFx1MDQzYlxcdTA0MzVcXHUwNDM0XFx1MDQzZVxcdTA0MzJcXHUwNDMwXFx1MDQzZFxcdTA0MzhcXHUwNDRmIFxcXCJcXHUwNDFhXFx1MDQyMi1cXHUwNDNhXFx1MDQzZVxcdTA0NDBcXHUwNDNlXFx1MDQzZFxcdTA0MzBcXHUwNDQwXFx1MDQzZVxcdTA0MzNcXHUwNDQwXFx1MDQzMFxcdTA0NDRcXHUwNDM4XFx1MDQ0ZlxcXCIgXFx1MDQzMVxcdTA0NGJcXHUwNDNiIFxcdTA0NDNcXHUwNDQxXFx1MDQzZlxcdTA0MzVcXHUwNDQ4XFx1MDQzZFxcdTA0M2UgXFx1MDQzNFxcdTA0M2VcXHUwNDMxXFx1MDQzMFxcdTA0MzJcXHUwNDNiXFx1MDQzNVxcdTA0M2QuXCJdLFtcIl9fanNvbl9tZXNzYWdlXCIsMCwyNSxcIlxcdTA0MTJcXHUwNDM4XFx1MDQzNCBcXHUwNDNlXFx1MDQzMVxcdTA0NDFcXHUwNDNiXFx1MDQzNVxcdTA0MzRcXHUwNDNlXFx1MDQzMlxcdTA0MzBcXHUwNDNkXFx1MDQzOFxcdTA0NGYgXFxcIlxcdTA0MWFcXHUwNDIyIFxcdTA0MzFcXHUwNDQwXFx1MDQ0ZVxcdTA0NDhcXHUwNDNkXFx1MDQzZVxcdTA0MzkgXFx1MDQzMFxcdTA0M2VcXHUwNDQwXFx1MDQ0MlxcdTA0NGIgXFx1MDQzOCBcXHUwNDM1XFx1MDQzNSBcXHUwNDMyXFx1MDQzNVxcdTA0NDJcXHUwNDMyXFx1MDQzNVxcdTA0MzlcXFwiIFxcdTA0MzFcXHUwNDRiXFx1MDQzYiBcXHUwNDQzXFx1MDQ0MVxcdTA0M2ZcXHUwNDM1XFx1MDQ0OFxcdTA0M2RcXHUwNDNlIFxcdTA0MzRcXHUwNDNlXFx1MDQzMVxcdTA0MzBcXHUwNDMyXFx1MDQzYlxcdTA0MzVcXHUwNDNkLlwiXSxbXCJfX2pzb25fbWVzc2FnZVwiLDAsMjUsXCJcXHUwNDEyXFx1MDQzOFxcdTA0MzQgXFx1MDQzZVxcdTA0MzFcXHUwNDQxXFx1MDQzYlxcdTA0MzVcXHUwNDM0XFx1MDQzZVxcdTA0MzJcXHUwNDMwXFx1MDQzZFxcdTA0MzhcXHUwNDRmIFxcXCJcXHUwNDFhXFx1MDQyMi1cXHUwNDMwXFx1MDQzZFxcdTA0MzNcXHUwNDM4XFx1MDQzZVxcdTA0MzNcXHUwNDQwXFx1MDQzMFxcdTA0NDRcXHUwNDM4XFx1MDQ0ZiBcXHUwNDQxXFx1MDQzZVxcdTA0NDFcXHUwNDQzXFx1MDQzNFxcdTA0M2VcXHUwNDMyIFxcdTA0M2FcXHUwNDNlXFx1MDQzZFxcdTA0MzVcXHUwNDQ3XFx1MDQzZFxcdTA0M2VcXHUwNDQxXFx1MDQ0MlxcdTA0MzVcXHUwNDM5XFxcIiBcXHUwNDMxXFx1MDQ0YlxcdTA0M2IgXFx1MDQ0M1xcdTA0NDFcXHUwNDNmXFx1MDQzNVxcdTA0NDhcXHUwNDNkXFx1MDQzZSBcXHUwNDM0XFx1MDQzZVxcdTA0MzFcXHUwNDMwXFx1MDQzMlxcdTA0M2JcXHUwNDM1XFx1MDQzZC5cIl0sW1wiX19qc29uX21lc3NhZ2VcIiwwLDI1LFwiXFx1MDQxOFxcdTA0NDFcXHUwNDQxXFx1MDQzYlxcdTA0MzVcXHUwNDM0XFx1MDQzZVxcdTA0MzJcXHUwNDMwXFx1MDQ0MlxcdTA0MzVcXHUwNDNiXFx1MDQ0Y1xcdTA0NDFcXHUwNDNhXFx1MDQzOFxcdTA0MzkgXFx1MDQ0NlxcdTA0MzVcXHUwNDNkXFx1MDQ0MlxcdTA0NDAgXFxcIkFkdmFuY2VkIEZlcnRpbGl0eSBDbGluaWNcXFwiIFxcdTA0MzFcXHUwNDRiXFx1MDQzYiBcXHUwNDQzXFx1MDQ0MVxcdTA0M2ZcXHUwNDM1XFx1MDQ0OFxcdTA0M2RcXHUwNDNlIFxcdTA0MzhcXHUwNDM3XFx1MDQzY1xcdTA0MzVcXHUwNDNkXFx1MDQzNVxcdTA0M2QuXCJdLFtcIl9fanNvbl9tZXNzYWdlXCIsMCwyNSxcIlxcdTA0MThcXHUwNDQxXFx1MDQ0MVxcdTA0M2JcXHUwNDM1XFx1MDQzNFxcdTA0M2VcXHUwNDMyXFx1MDQzMFxcdTA0NDJcXHUwNDM1XFx1MDQzYlxcdTA0NGNcXHUwNDQxXFx1MDQzYVxcdTA0MzhcXHUwNDM5IFxcdTA0NDZcXHUwNDM1XFx1MDQzZFxcdTA0NDJcXHUwNDQwIFxcXCJBZHZhbmNlZCBGZXJ0aWxpdHkgQ2xpbmljXFxcIiBcXHUwNDMxXFx1MDQ0YlxcdTA0M2IgXFx1MDQ0M1xcdTA0NDFcXHUwNDNmXFx1MDQzNVxcdTA0NDhcXHUwNDNkXFx1MDQzZSBcXHUwNDM4XFx1MDQzN1xcdTA0M2NcXHUwNDM1XFx1MDQzZFxcdTA0MzVcXHUwNDNkLlwiXSxbXCJfX2pzb25fbWVzc2FnZVwiLDAsMjUsXCJcXHUwNDE4XFx1MDQ0MVxcdTA0NDFcXHUwNDNiXFx1MDQzNVxcdTA0MzRcXHUwNDNlXFx1MDQzMlxcdTA0MzBcXHUwNDQyXFx1MDQzNVxcdTA0M2JcXHUwNDRjXFx1MDQ0MVxcdTA0M2FcXHUwNDM4XFx1MDQzOSBcXHUwNDQ2XFx1MDQzNVxcdTA0M2RcXHUwNDQyXFx1MDQ0MCBcXFwiQWR2YW5jZWQgRmVydGlsaXR5IENsaW5pY1xcXCIgXFx1MDQzMVxcdTA0NGJcXHUwNDNiIFxcdTA0NDNcXHUwNDQxXFx1MDQzZlxcdTA0MzVcXHUwNDQ4XFx1MDQzZFxcdTA0M2UgXFx1MDQzOFxcdTA0MzdcXHUwNDNjXFx1MDQzNVxcdTA0M2RcXHUwNDM1XFx1MDQzZC5cIl0sW1wiX19qc29uX21lc3NhZ2VcIiwwLDI1LFwiXFx1MDQxOFxcdTA0NDFcXHUwNDQxXFx1MDQzYlxcdTA0MzVcXHUwNDM0XFx1MDQzZVxcdTA0MzJcXHUwNDMwXFx1MDQ0MlxcdTA0MzVcXHUwNDNiXFx1MDQ0Y1xcdTA0NDFcXHUwNDNhXFx1MDQzOFxcdTA0MzkgXFx1MDQ0NlxcdTA0MzVcXHUwNDNkXFx1MDQ0MlxcdTA0NDAgXFxcIkFkdmFuY2VkIEZlcnRpbGl0eSBDbGluaWNcXFwiIFxcdTA0MzFcXHUwNDRiXFx1MDQzYiBcXHUwNDQzXFx1MDQ0MVxcdTA0M2ZcXHUwNDM1XFx1MDQ0OFxcdTA0M2RcXHUwNDNlIFxcdTA0MzhcXHUwNDM3XFx1MDQzY1xcdTA0MzVcXHUwNDNkXFx1MDQzNVxcdTA0M2QuXCJdLFtcIl9fanNvbl9tZXNzYWdlXCIsMCwyNSxcIlxcdTA0MThcXHUwNDQxXFx1MDQ0MVxcdTA0M2JcXHUwNDM1XFx1MDQzNFxcdTA0M2VcXHUwNDMyXFx1MDQzMFxcdTA0NDJcXHUwNDM1XFx1MDQzYlxcdTA0NGNcXHUwNDQxXFx1MDQzYVxcdTA0MzhcXHUwNDM5IFxcdTA0NDZcXHUwNDM1XFx1MDQzZFxcdTA0NDJcXHUwNDQwIFxcXCJBZHZhbmNlZCBGZXJ0aWxpdHkgQ2xpbmljXFxcIiBcXHUwNDMxXFx1MDQ0YlxcdTA0M2IgXFx1MDQ0M1xcdTA0NDFcXHUwNDNmXFx1MDQzNVxcdTA0NDhcXHUwNDNkXFx1MDQzZSBcXHUwNDM4XFx1MDQzN1xcdTA0M2NcXHUwNDM1XFx1MDQzZFxcdTA0MzVcXHUwNDNkLlwiXSxbXCJfX2pzb25fbWVzc2FnZVwiLDAsMjUsXCJcXHUwNDE4XFx1MDQ0MVxcdTA0NDFcXHUwNDNiXFx1MDQzNVxcdTA0MzRcXHUwNDNlXFx1MDQzMlxcdTA0MzBcXHUwNDQyXFx1MDQzNVxcdTA0M2JcXHUwNDRjXFx1MDQ0MVxcdTA0M2FcXHUwNDM4XFx1MDQzOSBcXHUwNDQ2XFx1MDQzNVxcdTA0M2RcXHUwNDQyXFx1MDQ0MCBcXFwiQWR2YW5jZWQgRmVydGlsaXR5IENsaW5pY1xcXCIgXFx1MDQzMVxcdTA0NGJcXHUwNDNiIFxcdTA0NDNcXHUwNDQxXFx1MDQzZlxcdTA0MzVcXHUwNDQ4XFx1MDQzZFxcdTA0M2UgXFx1MDQzOFxcdTA0MzdcXHUwNDNjXFx1MDQzNVxcdTA0M2RcXHUwNDM1XFx1MDQzZC5cIl0sW1wiX19qc29uX21lc3NhZ2VcIiwwLDI1LFwiXFx1MDQxOFxcdTA0NDFcXHUwNDQxXFx1MDQzYlxcdTA0MzVcXHUwNDM0XFx1MDQzZVxcdTA0MzJcXHUwNDMwXFx1MDQ0MlxcdTA0MzVcXHUwNDNiXFx1MDQ0Y1xcdTA0NDFcXHUwNDNhXFx1MDQzOFxcdTA0MzkgXFx1MDQ0NlxcdTA0MzVcXHUwNDNkXFx1MDQ0MlxcdTA0NDAgXFxcIkFkdmFuY2VkIEZlcnRpbGl0eSBDbGluaWNcXFwiIFxcdTA0MzFcXHUwNDRiXFx1MDQzYiBcXHUwNDQzXFx1MDQ0MVxcdTA0M2ZcXHUwNDM1XFx1MDQ0OFxcdTA0M2RcXHUwNDNlIFxcdTA0MzhcXHUwNDM3XFx1MDQzY1xcdTA0MzVcXHUwNDNkXFx1MDQzNVxcdTA0M2QuXCJdXSIsIl9hdXRoX3VzZXJfaWQiOjEsIl9hdXRoX3VzZXJfYmFja2VuZCI6ImRqYW5nby5jb250cmliLmF1dGguYmFja2VuZHMuTW9kZWxCYWNrZW5kIn0=','2014-06-13 15:43:07'),('o69bc6pzqg9cdgaxlb4zd93ghjzahbhg','MWM5NTU1MWY1MmYxOWI3MTg5YTFkOWY3NmU3MDk5YTU5ZGI2YzY5ZTp7fQ==','2014-06-13 14:16:40'),('cne2xxqoviyhqs03vvzje19ekwcfoqqk','MWM5NTU1MWY1MmYxOWI3MTg5YTFkOWY3NmU3MDk5YTU5ZGI2YzY5ZTp7fQ==','2014-06-13 22:29:32'),('mc5gqsn7vwsuvt6pzctsrue417xvdwuu','YTc5NmM2OTNjM2E0ODA1YTczMjA3ZjUzMmMwNmFhNDNiNzBlZmU5MTp7Il9hdXRoX3VzZXJfYmFja2VuZCI6ImRqYW5nby5jb250cmliLmF1dGguYmFja2VuZHMuTW9kZWxCYWNrZW5kIiwiX2F1dGhfdXNlcl9pZCI6MX0=','2014-06-19 19:59:25'),('i848tslt1slsed847uf3vz6uax2oso4m','Yzg1ODI0YjhjYjQxNzdkMjFkN2JlZTkzYzQ3N2ZlYmVjMzczMjMyODp7InNvcnQiOiItY3JlYXRpb25fZGF0ZSJ9','2014-06-20 19:26:23'),('p7vm6ofe5v45l5lkq4tagnaom43f4his','Yzg1ODI0YjhjYjQxNzdkMjFkN2JlZTkzYzQ3N2ZlYmVjMzczMjMyODp7InNvcnQiOiItY3JlYXRpb25fZGF0ZSJ9','2014-07-03 18:13:24'),('ucb7fwjrzm8nm7e23ypo3o31cg4lh803','MGYxZmUzMzUyZjQyY2RlMmFkODU3NDM2NDRmZDUwMWVkYTk3ZDZhYjp7InNvcnQiOiItY3JlYXRpb25fZGF0ZSIsIl9hdXRoX3VzZXJfYmFja2VuZCI6ImRqYW5nby5jb250cmliLmF1dGguYmFja2VuZHMuTW9kZWxCYWNrZW5kIiwiX2F1dGhfdXNlcl9pZCI6MX0=','2014-06-20 13:15:16'),('se223zcp6pyneeze9dogrw1fmrix1paw','Yzg1ODI0YjhjYjQxNzdkMjFkN2JlZTkzYzQ3N2ZlYmVjMzczMjMyODp7InNvcnQiOiItY3JlYXRpb25fZGF0ZSJ9','2014-07-10 01:18:32'),('c0xetm6u1cw562tind23eu0hr9k1tehq','Yzg1ODI0YjhjYjQxNzdkMjFkN2JlZTkzYzQ3N2ZlYmVjMzczMjMyODp7InNvcnQiOiItY3JlYXRpb25fZGF0ZSJ9','2014-07-10 03:25:21'),('fvwp1lwsz3n2bxmq3jb20varv85y6wf6','Yzg1ODI0YjhjYjQxNzdkMjFkN2JlZTkzYzQ3N2ZlYmVjMzczMjMyODp7InNvcnQiOiItY3JlYXRpb25fZGF0ZSJ9','2014-07-10 05:58:24'),('aw55nmei43q14m6lqk3sr95lhjnw16l8','Yzg1ODI0YjhjYjQxNzdkMjFkN2JlZTkzYzQ3N2ZlYmVjMzczMjMyODp7InNvcnQiOiItY3JlYXRpb25fZGF0ZSJ9','2014-07-10 15:04:12'),('2j207z6q3pgn3c0t07nqtqnbxx7zoab9','Yzg1ODI0YjhjYjQxNzdkMjFkN2JlZTkzYzQ3N2ZlYmVjMzczMjMyODp7InNvcnQiOiItY3JlYXRpb25fZGF0ZSJ9','2014-07-11 03:35:12'),('4gjuk1dwcmy7bsg9t6jngnlbijv4aavm','MGYxZmUzMzUyZjQyY2RlMmFkODU3NDM2NDRmZDUwMWVkYTk3ZDZhYjp7InNvcnQiOiItY3JlYXRpb25fZGF0ZSIsIl9hdXRoX3VzZXJfYmFja2VuZCI6ImRqYW5nby5jb250cmliLmF1dGguYmFja2VuZHMuTW9kZWxCYWNrZW5kIiwiX2F1dGhfdXNlcl9pZCI6MX0=','2014-07-29 12:27:35'),('bmwhde34tr7fg1rgd5786npt5m4xyrst','Yzg1ODI0YjhjYjQxNzdkMjFkN2JlZTkzYzQ3N2ZlYmVjMzczMjMyODp7InNvcnQiOiItY3JlYXRpb25fZGF0ZSJ9','2014-07-11 06:16:44'),('vuhvt9vfya4uifpuqprfif2yvxm67ft2','Yzg1ODI0YjhjYjQxNzdkMjFkN2JlZTkzYzQ3N2ZlYmVjMzczMjMyODp7InNvcnQiOiItY3JlYXRpb25fZGF0ZSJ9','2014-07-13 15:10:09'),('kqg8q7bma528zi03r3i8cbir3fz7et2w','Yzg1ODI0YjhjYjQxNzdkMjFkN2JlZTkzYzQ3N2ZlYmVjMzczMjMyODp7InNvcnQiOiItY3JlYXRpb25fZGF0ZSJ9','2014-07-11 10:35:49'),('hrk0eh8y1tto19z60br5zzr850xg1b5f','Yzg1ODI0YjhjYjQxNzdkMjFkN2JlZTkzYzQ3N2ZlYmVjMzczMjMyODp7InNvcnQiOiItY3JlYXRpb25fZGF0ZSJ9','2014-07-11 12:53:08'),('b80fxlqtfx93r8p8414b3l9rfepzhuyj','Yzg1ODI0YjhjYjQxNzdkMjFkN2JlZTkzYzQ3N2ZlYmVjMzczMjMyODp7InNvcnQiOiItY3JlYXRpb25fZGF0ZSJ9','2014-07-11 14:53:32'),('4h49qntwzdlydz3qtjimzc5wajrfx96r','Yzg1ODI0YjhjYjQxNzdkMjFkN2JlZTkzYzQ3N2ZlYmVjMzczMjMyODp7InNvcnQiOiItY3JlYXRpb25fZGF0ZSJ9','2014-07-12 11:09:37'),('63egi8t87zhrjdpryhvegutskipqaijf','Yzg1ODI0YjhjYjQxNzdkMjFkN2JlZTkzYzQ3N2ZlYmVjMzczMjMyODp7InNvcnQiOiItY3JlYXRpb25fZGF0ZSJ9','2014-07-12 13:07:32'),('en178m3wdjpn5mn5r0zro7f9q7lax0fg','Yzg1ODI0YjhjYjQxNzdkMjFkN2JlZTkzYzQ3N2ZlYmVjMzczMjMyODp7InNvcnQiOiItY3JlYXRpb25fZGF0ZSJ9','2014-07-12 17:11:34'),('hy5i2k856959t96ucwuw7bqsvmbsszm4','Yzg1ODI0YjhjYjQxNzdkMjFkN2JlZTkzYzQ3N2ZlYmVjMzczMjMyODp7InNvcnQiOiItY3JlYXRpb25fZGF0ZSJ9','2014-07-12 20:33:37'),('31xthjse87q2sji2xyf8fxhnhyszq2jc','Yzg1ODI0YjhjYjQxNzdkMjFkN2JlZTkzYzQ3N2ZlYmVjMzczMjMyODp7InNvcnQiOiItY3JlYXRpb25fZGF0ZSJ9','2014-07-12 22:05:26'),('krcpf5dpdro3mzbyv1byjrrzxu9agtu1','Yzg1ODI0YjhjYjQxNzdkMjFkN2JlZTkzYzQ3N2ZlYmVjMzczMjMyODp7InNvcnQiOiItY3JlYXRpb25fZGF0ZSJ9','2014-07-15 02:25:30'),('iktq01t7u0jf0zno50uz7zmj97hg3ztr','Yzg1ODI0YjhjYjQxNzdkMjFkN2JlZTkzYzQ3N2ZlYmVjMzczMjMyODp7InNvcnQiOiItY3JlYXRpb25fZGF0ZSJ9','2014-07-13 01:15:33'),('fi3q5uuzs6wr0fodbq2pl1bf0ivtypqh','Yzg1ODI0YjhjYjQxNzdkMjFkN2JlZTkzYzQ3N2ZlYmVjMzczMjMyODp7InNvcnQiOiItY3JlYXRpb25fZGF0ZSJ9','2014-07-13 12:42:50'),('oudns9wqolaa22md271p3uubq0vnedly','Yzg1ODI0YjhjYjQxNzdkMjFkN2JlZTkzYzQ3N2ZlYmVjMzczMjMyODp7InNvcnQiOiItY3JlYXRpb25fZGF0ZSJ9','2014-07-13 12:56:45'),('5yn9f9ip3cql99lew1f336o30ykgcruq','Yzg1ODI0YjhjYjQxNzdkMjFkN2JlZTkzYzQ3N2ZlYmVjMzczMjMyODp7InNvcnQiOiItY3JlYXRpb25fZGF0ZSJ9','2014-07-13 14:11:29'),('sc4sugvibpatfxsxsy9w3wk4huvn53xx','Yzg1ODI0YjhjYjQxNzdkMjFkN2JlZTkzYzQ3N2ZlYmVjMzczMjMyODp7InNvcnQiOiItY3JlYXRpb25fZGF0ZSJ9','2014-07-13 16:07:32'),('to0x35szf1hnqw263mnudolfddsmukvu','Yzg1ODI0YjhjYjQxNzdkMjFkN2JlZTkzYzQ3N2ZlYmVjMzczMjMyODp7InNvcnQiOiItY3JlYXRpb25fZGF0ZSJ9','2014-07-13 16:58:08'),('k8acg9l40xa3r4m1hy311hp6imrvccow','Yzg1ODI0YjhjYjQxNzdkMjFkN2JlZTkzYzQ3N2ZlYmVjMzczMjMyODp7InNvcnQiOiItY3JlYXRpb25fZGF0ZSJ9','2014-07-13 20:08:30'),('t571jgl5s5btga2f6habekpxlotrezhl','Yzg1ODI0YjhjYjQxNzdkMjFkN2JlZTkzYzQ3N2ZlYmVjMzczMjMyODp7InNvcnQiOiItY3JlYXRpb25fZGF0ZSJ9','2014-07-13 20:33:28'),('grfw0d6kjlxppabf30fgzeoyu75yr3uc','Yzg1ODI0YjhjYjQxNzdkMjFkN2JlZTkzYzQ3N2ZlYmVjMzczMjMyODp7InNvcnQiOiItY3JlYXRpb25fZGF0ZSJ9','2014-07-13 20:39:00'),('u40xji0qeoy2vggkln5pez0et3mjddz3','Yzg1ODI0YjhjYjQxNzdkMjFkN2JlZTkzYzQ3N2ZlYmVjMzczMjMyODp7InNvcnQiOiItY3JlYXRpb25fZGF0ZSJ9','2014-07-13 20:46:35'),('n3nrugh01pb6ziywf6cptn7ft8co7b1d','Yzg1ODI0YjhjYjQxNzdkMjFkN2JlZTkzYzQ3N2ZlYmVjMzczMjMyODp7InNvcnQiOiItY3JlYXRpb25fZGF0ZSJ9','2014-07-13 20:49:22'),('e7bqv4x3llwxjntfafqctnbukhyxccwz','Yzg1ODI0YjhjYjQxNzdkMjFkN2JlZTkzYzQ3N2ZlYmVjMzczMjMyODp7InNvcnQiOiItY3JlYXRpb25fZGF0ZSJ9','2014-07-13 20:53:58'),('9svn5i9zeshnoqv56b2qtbjrz9porqij','Yzg1ODI0YjhjYjQxNzdkMjFkN2JlZTkzYzQ3N2ZlYmVjMzczMjMyODp7InNvcnQiOiItY3JlYXRpb25fZGF0ZSJ9','2014-07-13 20:56:03'),('q3tcmbdlo2vw0ikblbxksx3yeccvhzls','Yzg1ODI0YjhjYjQxNzdkMjFkN2JlZTkzYzQ3N2ZlYmVjMzczMjMyODp7InNvcnQiOiItY3JlYXRpb25fZGF0ZSJ9','2014-07-13 20:58:09'),('xqld4lreslgf2y0kf391yx7hvz0968ap','Yzg1ODI0YjhjYjQxNzdkMjFkN2JlZTkzYzQ3N2ZlYmVjMzczMjMyODp7InNvcnQiOiItY3JlYXRpb25fZGF0ZSJ9','2014-07-13 20:58:47'),('61a8e8zc944q14yz6rktnjcwjkhuzm04','Yzg1ODI0YjhjYjQxNzdkMjFkN2JlZTkzYzQ3N2ZlYmVjMzczMjMyODp7InNvcnQiOiItY3JlYXRpb25fZGF0ZSJ9','2014-07-13 21:41:22'),('hk92bmtj54s0zn2w70t9ch2ec6ceookl','Yzg1ODI0YjhjYjQxNzdkMjFkN2JlZTkzYzQ3N2ZlYmVjMzczMjMyODp7InNvcnQiOiItY3JlYXRpb25fZGF0ZSJ9','2014-07-13 23:13:03'),('0iqidwq30bqh8404vhjggc2h6e4yam3s','Yzg1ODI0YjhjYjQxNzdkMjFkN2JlZTkzYzQ3N2ZlYmVjMzczMjMyODp7InNvcnQiOiItY3JlYXRpb25fZGF0ZSJ9','2014-07-14 11:26:55'),('yt3hj1h0gyzy45euy28zskpfb0c30e8q','Yzg1ODI0YjhjYjQxNzdkMjFkN2JlZTkzYzQ3N2ZlYmVjMzczMjMyODp7InNvcnQiOiItY3JlYXRpb25fZGF0ZSJ9','2014-07-14 13:28:14'),('je90zwuxuha31l50v812r66fpv6do09s','Yzg1ODI0YjhjYjQxNzdkMjFkN2JlZTkzYzQ3N2ZlYmVjMzczMjMyODp7InNvcnQiOiItY3JlYXRpb25fZGF0ZSJ9','2014-07-14 13:44:01'),('w736om3cpweqd6wk3jxabbl63s4lskqj','Yzg1ODI0YjhjYjQxNzdkMjFkN2JlZTkzYzQ3N2ZlYmVjMzczMjMyODp7InNvcnQiOiItY3JlYXRpb25fZGF0ZSJ9','2014-07-14 17:24:39'),('vobgkw51u6ytxm61zg4w8mk6i5f0j5fz','Yzg1ODI0YjhjYjQxNzdkMjFkN2JlZTkzYzQ3N2ZlYmVjMzczMjMyODp7InNvcnQiOiItY3JlYXRpb25fZGF0ZSJ9','2014-07-14 18:11:59'),('7wt0gwprl9m93f2v6dcrozt9ogthmw7k','M2MzNWI1NWVmMGQyYWM5MzhjMDBiMTQ1M2Q5YmExZjBmMTJiMzU2Yjp7InNvcnQiOiItY3JlYXRpb25fZGF0ZSIsIl9hdXRoX3VzZXJfaWQiOjEsIl9hdXRoX3VzZXJfYmFja2VuZCI6ImRqYW5nby5jb250cmliLmF1dGguYmFja2VuZHMuTW9kZWxCYWNrZW5kIn0=','2014-07-14 22:05:57'),('xjec3m3x54la1qhh1hbln0iox1396cdc','Yzg1ODI0YjhjYjQxNzdkMjFkN2JlZTkzYzQ3N2ZlYmVjMzczMjMyODp7InNvcnQiOiItY3JlYXRpb25fZGF0ZSJ9','2014-07-15 10:47:24'),('c2xmkt45u4zn7smuvur39nm468xcfn5h','Yzg1ODI0YjhjYjQxNzdkMjFkN2JlZTkzYzQ3N2ZlYmVjMzczMjMyODp7InNvcnQiOiItY3JlYXRpb25fZGF0ZSJ9','2014-07-15 15:40:03'),('iidg2vh422q5dkqjyuq6ygs6e74luhfu','Yzg1ODI0YjhjYjQxNzdkMjFkN2JlZTkzYzQ3N2ZlYmVjMzczMjMyODp7InNvcnQiOiItY3JlYXRpb25fZGF0ZSJ9','2014-07-15 21:03:06'),('vgin4c76wpsqffz4jy3kte9dbl2jhi0c','Yzg1ODI0YjhjYjQxNzdkMjFkN2JlZTkzYzQ3N2ZlYmVjMzczMjMyODp7InNvcnQiOiItY3JlYXRpb25fZGF0ZSJ9','2014-07-16 04:01:54'),('apveroyeecjgn858k4qsdun0me4teu6k','Yzg1ODI0YjhjYjQxNzdkMjFkN2JlZTkzYzQ3N2ZlYmVjMzczMjMyODp7InNvcnQiOiItY3JlYXRpb25fZGF0ZSJ9','2014-07-16 12:40:23'),('17pxrxjp2y55g1gl85xcj2b1fra8a0o9','Yzg1ODI0YjhjYjQxNzdkMjFkN2JlZTkzYzQ3N2ZlYmVjMzczMjMyODp7InNvcnQiOiItY3JlYXRpb25fZGF0ZSJ9','2014-07-16 12:47:58'),('sdm5san95680nflw56ibc2o9s418186j','Yzg1ODI0YjhjYjQxNzdkMjFkN2JlZTkzYzQ3N2ZlYmVjMzczMjMyODp7InNvcnQiOiItY3JlYXRpb25fZGF0ZSJ9','2014-07-16 17:49:03'),('ckvfs9i0z778ow3x6ndhfvox44xh31ha','Yzg1ODI0YjhjYjQxNzdkMjFkN2JlZTkzYzQ3N2ZlYmVjMzczMjMyODp7InNvcnQiOiItY3JlYXRpb25fZGF0ZSJ9','2014-07-17 14:23:04'),('bsas67bu3bintowbue4zvaes46zkvzj2','YTc5NmM2OTNjM2E0ODA1YTczMjA3ZjUzMmMwNmFhNDNiNzBlZmU5MTp7Il9hdXRoX3VzZXJfYmFja2VuZCI6ImRqYW5nby5jb250cmliLmF1dGguYmFja2VuZHMuTW9kZWxCYWNrZW5kIiwiX2F1dGhfdXNlcl9pZCI6MX0=','2014-07-17 22:59:33'),('jh5y3vqm8bztsyy5njmq0wp546klfeng','Yzg1ODI0YjhjYjQxNzdkMjFkN2JlZTkzYzQ3N2ZlYmVjMzczMjMyODp7InNvcnQiOiItY3JlYXRpb25fZGF0ZSJ9','2014-07-18 02:23:58'),('wfcd5wifxy594n27vr1nqh317i7qu6jw','Yzg1ODI0YjhjYjQxNzdkMjFkN2JlZTkzYzQ3N2ZlYmVjMzczMjMyODp7InNvcnQiOiItY3JlYXRpb25fZGF0ZSJ9','2014-07-18 09:49:10'),('umtc57qybh0gutc6yagxay2eqtwekhb3','NGY3ZTAwNzllN2NlZGZlOWJkYjk5OWRhYTViMWFmYTMxMTNlOTlkZTp7InNvcnQiOiItY3JlYXRpb25fZGF0ZSIsIl9tZXNzYWdlcyI6IltbXCJfX2pzb25fbWVzc2FnZVwiLDAsMjUsXCJcXHUwNDQyXFx1MDQzNVxcdTA0M2FcXHUwNDQxXFx1MDQ0MlxcdTA0M2VcXHUwNDMyXFx1MDQzMFxcdTA0NGYgXFx1MDQ0MVxcdTA0NDJcXHUwNDQwXFx1MDQzMFxcdTA0M2RcXHUwNDM4XFx1MDQ0NlxcdTA0MzAgXFxcIlxcdTA0MWNcXHUwNDIwXFx1MDQyMiBcXHUwNDNhXFx1MDQ0MFxcdTA0MzVcXHUwNDQxXFx1MDQ0MlxcdTA0NDZcXHUwNDNlXFx1MDQzMlxcdTA0M2UgXFx1MDQzZlxcdTA0M2VcXHUwNDRmXFx1MDQ0MVxcdTA0M2RcXHUwNDM4XFx1MDQ0N1xcdTA0M2RcXHUwNDNlXFx1MDQzM1xcdTA0M2UgXFx1MDQzZVxcdTA0NDJcXHUwNDM0XFx1MDQzNVxcdTA0M2JcXHUwNDMwXFxcIiBcXHUwNDQzXFx1MDQ0MVxcdTA0M2ZcXHUwNDM1XFx1MDQ0OFxcdTA0M2RcXHUwNDNlIFxcdTA0MzhcXHUwNDM3XFx1MDQzY1xcdTA0MzVcXHUwNDNkXFx1MDQzNVxcdTA0M2QuIFxcdTA0MWRcXHUwNDM4XFx1MDQzNlxcdTA0MzUgXFx1MDQzMlxcdTA0NGIgXFx1MDQzY1xcdTA0M2VcXHUwNDM2XFx1MDQzNVxcdTA0NDJcXHUwNDM1IFxcdTA0NDBcXHUwNDM1XFx1MDQzNFxcdTA0MzBcXHUwNDNhXFx1MDQ0MlxcdTA0MzhcXHUwNDQwXFx1MDQzZVxcdTA0MzJcXHUwNDMwXFx1MDQ0MlxcdTA0NGMgXFx1MDQ0MVxcdTA0M2RcXHUwNDNlXFx1MDQzMlxcdTA0MzAuXCJdLFtcIl9fanNvbl9tZXNzYWdlXCIsMCwyNSxcIlxcdTA0NDJcXHUwNDM1XFx1MDQzYVxcdTA0NDFcXHUwNDQyXFx1MDQzZVxcdTA0MzJcXHUwNDMwXFx1MDQ0ZiBcXHUwNDQxXFx1MDQ0MlxcdTA0NDBcXHUwNDMwXFx1MDQzZFxcdTA0MzhcXHUwNDQ2XFx1MDQzMCBcXFwiXFx1MDQxY1xcdTA0MjBcXHUwNDIyIFxcdTA0M2FcXHUwNDQwXFx1MDQzNVxcdTA0NDFcXHUwNDQyXFx1MDQ0NlxcdTA0M2VcXHUwNDMyXFx1MDQzZSBcXHUwNDNmXFx1MDQzZVxcdTA0NGZcXHUwNDQxXFx1MDQzZFxcdTA0MzhcXHUwNDQ3XFx1MDQzZFxcdTA0M2VcXHUwNDMzXFx1MDQzZSBcXHUwNDNlXFx1MDQ0MlxcdTA0MzRcXHUwNDM1XFx1MDQzYlxcdTA0MzBcXFwiIFxcdTA0NDNcXHUwNDQxXFx1MDQzZlxcdTA0MzVcXHUwNDQ4XFx1MDQzZFxcdTA0M2UgXFx1MDQzOFxcdTA0MzdcXHUwNDNjXFx1MDQzNVxcdTA0M2RcXHUwNDM1XFx1MDQzZC4gXFx1MDQxZFxcdTA0MzhcXHUwNDM2XFx1MDQzNSBcXHUwNDMyXFx1MDQ0YiBcXHUwNDNjXFx1MDQzZVxcdTA0MzZcXHUwNDM1XFx1MDQ0MlxcdTA0MzUgXFx1MDQ0MFxcdTA0MzVcXHUwNDM0XFx1MDQzMFxcdTA0M2FcXHUwNDQyXFx1MDQzOFxcdTA0NDBcXHUwNDNlXFx1MDQzMlxcdTA0MzBcXHUwNDQyXFx1MDQ0YyBcXHUwNDQxXFx1MDQzZFxcdTA0M2VcXHUwNDMyXFx1MDQzMC5cIl0sW1wiX19qc29uX21lc3NhZ2VcIiwwLDI1LFwiXFx1MDQ0MlxcdTA0MzVcXHUwNDNhXFx1MDQ0MVxcdTA0NDJcXHUwNDNlXFx1MDQzMlxcdTA0MzBcXHUwNDRmIFxcdTA0NDFcXHUwNDQyXFx1MDQ0MFxcdTA0MzBcXHUwNDNkXFx1MDQzOFxcdTA0NDZcXHUwNDMwIFxcXCJcXHUwNDFjXFx1MDQyMFxcdTA0MjIgXFx1MDQzYVxcdTA0NDBcXHUwNDM1XFx1MDQ0MVxcdTA0NDJcXHUwNDQ2XFx1MDQzZVxcdTA0MzJcXHUwNDNlIFxcdTA0M2ZcXHUwNDNlXFx1MDQ0ZlxcdTA0NDFcXHUwNDNkXFx1MDQzOFxcdTA0NDdcXHUwNDNkXFx1MDQzZVxcdTA0MzNcXHUwNDNlIFxcdTA0M2VcXHUwNDQyXFx1MDQzNFxcdTA0MzVcXHUwNDNiXFx1MDQzMFxcXCIgXFx1MDQ0M1xcdTA0NDFcXHUwNDNmXFx1MDQzNVxcdTA0NDhcXHUwNDNkXFx1MDQzZSBcXHUwNDM4XFx1MDQzN1xcdTA0M2NcXHUwNDM1XFx1MDQzZFxcdTA0MzVcXHUwNDNkLiBcXHUwNDFkXFx1MDQzOFxcdTA0MzZcXHUwNDM1IFxcdTA0MzJcXHUwNDRiIFxcdTA0M2NcXHUwNDNlXFx1MDQzNlxcdTA0MzVcXHUwNDQyXFx1MDQzNSBcXHUwNDQwXFx1MDQzNVxcdTA0MzRcXHUwNDMwXFx1MDQzYVxcdTA0NDJcXHUwNDM4XFx1MDQ0MFxcdTA0M2VcXHUwNDMyXFx1MDQzMFxcdTA0NDJcXHUwNDRjIFxcdTA0NDFcXHUwNDNkXFx1MDQzZVxcdTA0MzJcXHUwNDMwLlwiXSxbXCJfX2pzb25fbWVzc2FnZVwiLDAsMjUsXCJcXHUwNDQyXFx1MDQzNVxcdTA0M2FcXHUwNDQxXFx1MDQ0MlxcdTA0M2VcXHUwNDMyXFx1MDQzMFxcdTA0NGYgXFx1MDQ0MVxcdTA0NDJcXHUwNDQwXFx1MDQzMFxcdTA0M2RcXHUwNDM4XFx1MDQ0NlxcdTA0MzAgXFxcIlxcdTA0MWNcXHUwNDIwXFx1MDQyMiBcXHUwNDNhXFx1MDQ0MFxcdTA0MzVcXHUwNDQxXFx1MDQ0MlxcdTA0NDZcXHUwNDNlXFx1MDQzMlxcdTA0M2UgXFx1MDQzZlxcdTA0M2VcXHUwNDRmXFx1MDQ0MVxcdTA0M2RcXHUwNDM4XFx1MDQ0N1xcdTA0M2RcXHUwNDNlXFx1MDQzM1xcdTA0M2UgXFx1MDQzZVxcdTA0NDJcXHUwNDM0XFx1MDQzNVxcdTA0M2JcXHUwNDMwXFxcIiBcXHUwNDMxXFx1MDQ0YlxcdTA0M2IgXFx1MDQ0M1xcdTA0NDFcXHUwNDNmXFx1MDQzNVxcdTA0NDhcXHUwNDNkXFx1MDQzZSBcXHUwNDM4XFx1MDQzN1xcdTA0M2NcXHUwNDM1XFx1MDQzZFxcdTA0MzVcXHUwNDNkLlwiXSxbXCJfX2pzb25fbWVzc2FnZVwiLDAsMjUsXCJcXHUwNDQyXFx1MDQzNVxcdTA0M2FcXHUwNDQxXFx1MDQ0MlxcdTA0M2VcXHUwNDMyXFx1MDQzMFxcdTA0NGYgXFx1MDQ0MVxcdTA0NDJcXHUwNDQwXFx1MDQzMFxcdTA0M2RcXHUwNDM4XFx1MDQ0NlxcdTA0MzAgXFxcIlxcdTA0MWFcXHUwNDIyIFxcdTA0NDFcXHUwNDNlXFx1MDQ0MVxcdTA0NDNcXHUwNDM0XFx1MDQzZVxcdTA0MzJcXFwiIFxcdTA0MzFcXHUwNDRiXFx1MDQzYiBcXHUwNDQzXFx1MDQ0MVxcdTA0M2ZcXHUwNDM1XFx1MDQ0OFxcdTA0M2RcXHUwNDNlIFxcdTA0MzhcXHUwNDM3XFx1MDQzY1xcdTA0MzVcXHUwNDNkXFx1MDQzNVxcdTA0M2QuXCJdXSIsIl9hdXRoX3VzZXJfYmFja2VuZCI6ImRqYW5nby5jb250cmliLmF1dGguYmFja2VuZHMuTW9kZWxCYWNrZW5kIiwiX2F1dGhfdXNlcl9pZCI6MX0=','2014-07-29 13:12:04'),('cl2fncdsdnkwd3of7iaopf4qoekvch4z','Yzg1ODI0YjhjYjQxNzdkMjFkN2JlZTkzYzQ3N2ZlYmVjMzczMjMyODp7InNvcnQiOiItY3JlYXRpb25fZGF0ZSJ9','2014-07-22 21:32:50'),('98gdric8bke7740nuk2htez1lfd03tjj','Yzg1ODI0YjhjYjQxNzdkMjFkN2JlZTkzYzQ3N2ZlYmVjMzczMjMyODp7InNvcnQiOiItY3JlYXRpb25fZGF0ZSJ9','2014-07-19 20:30:15'),('f4gi4uhzzu3jmxub6zf25s5bgztbgd8s','Yzg1ODI0YjhjYjQxNzdkMjFkN2JlZTkzYzQ3N2ZlYmVjMzczMjMyODp7InNvcnQiOiItY3JlYXRpb25fZGF0ZSJ9','2014-07-19 22:23:04'),('mtr62krcbtrwvrg6a2723abt9uiv22c8','Yzg1ODI0YjhjYjQxNzdkMjFkN2JlZTkzYzQ3N2ZlYmVjMzczMjMyODp7InNvcnQiOiItY3JlYXRpb25fZGF0ZSJ9','2014-07-20 01:28:38'),('72xyt155vfijlhc07x4kgg8x2wvpfh2o','Yzg1ODI0YjhjYjQxNzdkMjFkN2JlZTkzYzQ3N2ZlYmVjMzczMjMyODp7InNvcnQiOiItY3JlYXRpb25fZGF0ZSJ9','2014-07-20 05:28:32'),('h1wah7zhcac2uyzv3z76di8r95gqyfoc','Yzg1ODI0YjhjYjQxNzdkMjFkN2JlZTkzYzQ3N2ZlYmVjMzczMjMyODp7InNvcnQiOiItY3JlYXRpb25fZGF0ZSJ9','2014-07-20 11:57:42'),('eqjmguo6hqsoo0x72mcd2bajru7w8nzc','Yzg1ODI0YjhjYjQxNzdkMjFkN2JlZTkzYzQ3N2ZlYmVjMzczMjMyODp7InNvcnQiOiItY3JlYXRpb25fZGF0ZSJ9','2014-07-20 23:30:42'),('hf8deq24hc6rplsvvd5e1pu8wp7mv2hj','Yzg1ODI0YjhjYjQxNzdkMjFkN2JlZTkzYzQ3N2ZlYmVjMzczMjMyODp7InNvcnQiOiItY3JlYXRpb25fZGF0ZSJ9','2014-07-20 23:39:14'),('wy7d7aoo3vl53w1did3mjv8dtvfepj46','Yzg1ODI0YjhjYjQxNzdkMjFkN2JlZTkzYzQ3N2ZlYmVjMzczMjMyODp7InNvcnQiOiItY3JlYXRpb25fZGF0ZSJ9','2014-07-21 04:22:46'),('hvdsqntkt3qapxu5ycslifrnjokq3np4','Yzg1ODI0YjhjYjQxNzdkMjFkN2JlZTkzYzQ3N2ZlYmVjMzczMjMyODp7InNvcnQiOiItY3JlYXRpb25fZGF0ZSJ9','2014-07-21 07:19:35'),('9dtwhajkcv7m2b38zx03tvyuafj77387','Yzg1ODI0YjhjYjQxNzdkMjFkN2JlZTkzYzQ3N2ZlYmVjMzczMjMyODp7InNvcnQiOiItY3JlYXRpb25fZGF0ZSJ9','2014-07-21 16:31:40'),('rzm6g4z59o9h3fto2ehmtvu84z5xk30k','Yzg1ODI0YjhjYjQxNzdkMjFkN2JlZTkzYzQ3N2ZlYmVjMzczMjMyODp7InNvcnQiOiItY3JlYXRpb25fZGF0ZSJ9','2014-07-21 21:43:56'),('z31cdfyg7jhosa1rjnsr5ot31y3qhfjz','Yzg1ODI0YjhjYjQxNzdkMjFkN2JlZTkzYzQ3N2ZlYmVjMzczMjMyODp7InNvcnQiOiItY3JlYXRpb25fZGF0ZSJ9','2014-07-22 01:31:18'),('k9m60ji3ez22gef7guql5nbabc4hpwh0','Yzg1ODI0YjhjYjQxNzdkMjFkN2JlZTkzYzQ3N2ZlYmVjMzczMjMyODp7InNvcnQiOiItY3JlYXRpb25fZGF0ZSJ9','2014-07-22 04:20:47'),('2qrtdj8ay8jenylyqb9puhu6xleputj3','Yzg1ODI0YjhjYjQxNzdkMjFkN2JlZTkzYzQ3N2ZlYmVjMzczMjMyODp7InNvcnQiOiItY3JlYXRpb25fZGF0ZSJ9','2014-07-22 06:34:07'),('bqi8keap23nj2bfdjsldmhvxg8ujhu9m','ZjkxN2UzODVlM2U1MTAyZjdkM2RlNzNhMjg3Y2QxOTk4ZjIzZWJiMDp7InNvcnQiOiItY3JlYXRpb25fZGF0ZSIsIl9hdXRoX3VzZXJfYmFja2VuZCI6ImRqYW5nby5jb250cmliLmF1dGguYmFja2VuZHMuTW9kZWxCYWNrZW5kIiwiX2F1dGhfdXNlcl9pZCI6MSwiX21lc3NhZ2VzIjoiW1tcIl9fanNvbl9tZXNzYWdlXCIsMCwyNSxcIlxcdTA0MTBcXHUwNDNhXFx1MDQ0NlxcdTA0MzhcXHUwNDRmIFxcXCJcXHUwNDEwXFx1MDQxYVxcdTA0MjZcXHUwNDE4XFx1MDQyZiEgXFx1MDQxZlxcdTA0MjBcXHUwNDE4XFx1MDQxNVxcdTA0MWMgXFx1MDQxMlxcdTA0MjBcXHUwNDEwXFx1MDQyN1xcdTA0MTAgXFx1MDQxNFxcdTA0MWUgXFx1MDQxOCBcXHUwNDFmXFx1MDQxZVxcdTA0MjFcXHUwNDFiXFx1MDQxNSBcXHUwNDFjXFx1MDQyMFxcdTA0MjIgXFx1MDQyMVxcdTA0MWUgXFx1MDQyMVxcdTA0MWFcXHUwNDE4XFx1MDQxNFxcdTA0MWFcXHUwNDFlXFx1MDQxOSAyNSVcXFwiIFxcdTA0MzFcXHUwNDRiXFx1MDQzYiBcXHUwNDQzXFx1MDQ0MVxcdTA0M2ZcXHUwNDM1XFx1MDQ0OFxcdTA0M2RcXHUwNDNlIFxcdTA0MzhcXHUwNDM3XFx1MDQzY1xcdTA0MzVcXHUwNDNkXFx1MDQzNVxcdTA0M2QuXCJdLFtcIl9fanNvbl9tZXNzYWdlXCIsMCwyNSxcImJhbm5lciBcXFwiKEJhbm5lckJsb2NrKSBcXHUwNDNmXFx1MDQzNVxcdTA0NDBcXHUwNDMyXFx1MDQ0YlxcdTA0MzlcXFwiIFxcdTA0MzFcXHUwNDRiXFx1MDQzYiBcXHUwNDQzXFx1MDQ0MVxcdTA0M2ZcXHUwNDM1XFx1MDQ0OFxcdTA0M2RcXHUwNDNlIFxcdTA0MzhcXHUwNDM3XFx1MDQzY1xcdTA0MzVcXHUwNDNkXFx1MDQzNVxcdTA0M2QuXCJdLFtcIl9fanNvbl9tZXNzYWdlXCIsMCwyNSxcIlxcdTA0NDJcXHUwNDM1XFx1MDQzYVxcdTA0NDFcXHUwNDQyXFx1MDQzZVxcdTA0MzJcXHUwNDMwXFx1MDQ0ZiBcXHUwNDQxXFx1MDQ0MlxcdTA0NDBcXHUwNDMwXFx1MDQzZFxcdTA0MzhcXHUwNDQ2XFx1MDQzMCBcXFwiXFx1MDQxY1xcdTA0MjBcXHUwNDIyIFxcdTA0M2NcXHUwNDMwXFx1MDQzYlxcdTA0M2VcXHUwNDMzXFx1MDQzZSBcXHUwNDQyXFx1MDQzMFxcdTA0MzdcXHUwNDMwXFxcIiBcXHUwNDMxXFx1MDQ0YlxcdTA0M2IgXFx1MDQ0M1xcdTA0NDFcXHUwNDNmXFx1MDQzNVxcdTA0NDhcXHUwNDNkXFx1MDQzZSBcXHUwNDM4XFx1MDQzN1xcdTA0M2NcXHUwNDM1XFx1MDQzZFxcdTA0MzVcXHUwNDNkLlwiXSxbXCJfX2pzb25fbWVzc2FnZVwiLDAsMjUsXCJcXHUwNDFjXFx1MDQzNVxcdTA0M2RcXHUwNDRlIFxcXCJ1c2x1Z2lcXFwiIFxcdTA0MzFcXHUwNDRiXFx1MDQzYiBcXHUwNDQzXFx1MDQ0MVxcdTA0M2ZcXHUwNDM1XFx1MDQ0OFxcdTA0M2RcXHUwNDNlIFxcdTA0MzhcXHUwNDM3XFx1MDQzY1xcdTA0MzVcXHUwNDNkXFx1MDQzNVxcdTA0M2QuXCJdLFtcIl9fanNvbl9tZXNzYWdlXCIsMCwyNSxcIlxcdTA0NDJcXHUwNDM1XFx1MDQzYVxcdTA0NDFcXHUwNDQyXFx1MDQzZVxcdTA0MzJcXHUwNDMwXFx1MDQ0ZiBcXHUwNDQxXFx1MDQ0MlxcdTA0NDBcXHUwNDMwXFx1MDQzZFxcdTA0MzhcXHUwNDQ2XFx1MDQzMCBcXFwiXFx1MDQxY1xcdTA0MjBcXHUwNDIyIFxcdTA0MzFcXHUwNDQwXFx1MDQ0ZVxcdTA0NDhcXHUwNDNkXFx1MDQzZVxcdTA0MzkgXFx1MDQzZlxcdTA0M2VcXHUwNDNiXFx1MDQzZVxcdTA0NDFcXHUwNDQyXFx1MDQzOFxcXCIgXFx1MDQzMVxcdTA0NGJcXHUwNDNiIFxcdTA0NDNcXHUwNDQxXFx1MDQzZlxcdTA0MzVcXHUwNDQ4XFx1MDQzZFxcdTA0M2UgXFx1MDQzOFxcdTA0MzdcXHUwNDNjXFx1MDQzNVxcdTA0M2RcXHUwNDM1XFx1MDQzZC5cIl0sW1wiX19qc29uX21lc3NhZ2VcIiwwLDI1LFwiXFx1MDQ0MlxcdTA0MzVcXHUwNDNhXFx1MDQ0MVxcdTA0NDJcXHUwNDNlXFx1MDQzMlxcdTA0MzBcXHUwNDRmIFxcdTA0NDFcXHUwNDQyXFx1MDQ0MFxcdTA0MzBcXHUwNDNkXFx1MDQzOFxcdTA0NDZcXHUwNDMwIFxcXCJcXHUwNDFjXFx1MDQyMFxcdTA0MjIgXFx1MDQzYVxcdTA0NDBcXHUwNDM1XFx1MDQ0MVxcdTA0NDJcXHUwNDQ2XFx1MDQzZVxcdTA0MzJcXHUwNDNlIFxcdTA0M2ZcXHUwNDNlXFx1MDQ0ZlxcdTA0NDFcXHUwNDNkXFx1MDQzOFxcdTA0NDdcXHUwNDNkXFx1MDQzZVxcdTA0MzNcXHUwNDNlIFxcdTA0M2VcXHUwNDQyXFx1MDQzNFxcdTA0MzVcXHUwNDNiXFx1MDQzMFxcXCIgXFx1MDQzMVxcdTA0NGJcXHUwNDNiIFxcdTA0NDNcXHUwNDQxXFx1MDQzZlxcdTA0MzVcXHUwNDQ4XFx1MDQzZFxcdTA0M2UgXFx1MDQzOFxcdTA0MzdcXHUwNDNjXFx1MDQzNVxcdTA0M2RcXHUwNDM1XFx1MDQzZC5cIl0sW1wiX19qc29uX21lc3NhZ2VcIiwwLDI1LFwiXFx1MDQyM1xcdTA0NDFcXHUwNDNmXFx1MDQzNVxcdTA0NDhcXHUwNDNkXFx1MDQzZSBcXHUwNDQzXFx1MDQzNFxcdTA0MzBcXHUwNDNiXFx1MDQzNVxcdTA0M2RcXHUwNDRiIDEgXFx1MDQ0MlxcdTA0MzVcXHUwNDNhXFx1MDQ0MVxcdTA0NDJcXHUwNDNlXFx1MDQzMlxcdTA0MzBcXHUwNDRmIFxcdTA0NDFcXHUwNDQyXFx1MDQ0MFxcdTA0MzBcXHUwNDNkXFx1MDQzOFxcdTA0NDZcXHUwNDMwLlwiXSxbXCJfX2pzb25fbWVzc2FnZVwiLDAsMjUsXCJcXHUwNDFjXFx1MDQzNVxcdTA0M2RcXHUwNDRlIFxcXCJ1c2x1Z2lcXFwiIFxcdTA0MzFcXHUwNDRiXFx1MDQzYiBcXHUwNDQzXFx1MDQ0MVxcdTA0M2ZcXHUwNDM1XFx1MDQ0OFxcdTA0M2RcXHUwNDNlIFxcdTA0NDNcXHUwNDM0XFx1MDQzMFxcdTA0M2JcXHUwNDM1XFx1MDQzZC5cIl0sW1wiX19qc29uX21lc3NhZ2VcIiwwLDI1LFwiXFx1MDQxY1xcdTA0MzVcXHUwNDNkXFx1MDQ0ZSBcXFwidXNsdWdpXFxcIiBcXHUwNDMxXFx1MDQ0YlxcdTA0M2IgXFx1MDQ0M1xcdTA0NDFcXHUwNDNmXFx1MDQzNVxcdTA0NDhcXHUwNDNkXFx1MDQzZSBcXHUwNDM0XFx1MDQzZVxcdTA0MzFcXHUwNDMwXFx1MDQzMlxcdTA0M2JcXHUwNDM1XFx1MDQzZC5cIl0sW1wiX19qc29uX21lc3NhZ2VcIiwwLDI1LFwiXFx1MDQxY1xcdTA0MzVcXHUwNDNkXFx1MDQ0ZSBcXFwidXNsdWdpXFxcIiBcXHUwNDQzXFx1MDQ0MVxcdTA0M2ZcXHUwNDM1XFx1MDQ0OFxcdTA0M2RcXHUwNDNlIFxcdTA0MzhcXHUwNDM3XFx1MDQzY1xcdTA0MzVcXHUwNDNkXFx1MDQzNVxcdTA0M2QuIFxcdTA0MWRcXHUwNDM4XFx1MDQzNlxcdTA0MzUgXFx1MDQzMlxcdTA0NGIgXFx1MDQzY1xcdTA0M2VcXHUwNDM2XFx1MDQzNVxcdTA0NDJcXHUwNDM1IFxcdTA0NDBcXHUwNDM1XFx1MDQzNFxcdTA0MzBcXHUwNDNhXFx1MDQ0MlxcdTA0MzhcXHUwNDQwXFx1MDQzZVxcdTA0MzJcXHUwNDMwXFx1MDQ0MlxcdTA0NGMgXFx1MDQ0MVxcdTA0M2RcXHUwNDNlXFx1MDQzMlxcdTA0MzAuXCJdLFtcIl9fanNvbl9tZXNzYWdlXCIsMCwyNSxcIlxcdTA0MWNcXHUwNDM1XFx1MDQzZFxcdTA0NGUgXFxcInVzbHVnaVxcXCIgXFx1MDQzMVxcdTA0NGJcXHUwNDNiIFxcdTA0NDNcXHUwNDQxXFx1MDQzZlxcdTA0MzVcXHUwNDQ4XFx1MDQzZFxcdTA0M2UgXFx1MDQzOFxcdTA0MzdcXHUwNDNjXFx1MDQzNVxcdTA0M2RcXHUwNDM1XFx1MDQzZC5cIl0sW1wiX19qc29uX21lc3NhZ2VcIiwwLDI1LFwiXFx1MDQxY1xcdTA0MzVcXHUwNDNkXFx1MDQ0ZSBcXFwidXNsdWdpXFxcIiBcXHUwNDMxXFx1MDQ0YlxcdTA0M2IgXFx1MDQ0M1xcdTA0NDFcXHUwNDNmXFx1MDQzNVxcdTA0NDhcXHUwNDNkXFx1MDQzZSBcXHUwNDM4XFx1MDQzN1xcdTA0M2NcXHUwNDM1XFx1MDQzZFxcdTA0MzVcXHUwNDNkLlwiXSxbXCJfX2pzb25fbWVzc2FnZVwiLDAsMjUsXCJcXHUwNDFjXFx1MDQzNVxcdTA0M2RcXHUwNDRlIFxcXCJ1c2x1Z2lcXFwiIFxcdTA0MzFcXHUwNDRiXFx1MDQzYiBcXHUwNDQzXFx1MDQ0MVxcdTA0M2ZcXHUwNDM1XFx1MDQ0OFxcdTA0M2RcXHUwNDNlIFxcdTA0MzhcXHUwNDM3XFx1MDQzY1xcdTA0MzVcXHUwNDNkXFx1MDQzNVxcdTA0M2QuXCJdLFtcIl9fanNvbl9tZXNzYWdlXCIsMCwyNSxcIlxcdTA0MWNcXHUwNDM1XFx1MDQzZFxcdTA0NGUgXFxcInVzbHVnaVxcXCIgXFx1MDQzMVxcdTA0NGJcXHUwNDNiIFxcdTA0NDNcXHUwNDQxXFx1MDQzZlxcdTA0MzVcXHUwNDQ4XFx1MDQzZFxcdTA0M2UgXFx1MDQzOFxcdTA0MzdcXHUwNDNjXFx1MDQzNVxcdTA0M2RcXHUwNDM1XFx1MDQzZC5cIl0sW1wiX19qc29uX21lc3NhZ2VcIiwwLDI1LFwiXFx1MDQxY1xcdTA0MzVcXHUwNDNkXFx1MDQ0ZSBcXFwidXNsdWdpXFxcIiBcXHUwNDMxXFx1MDQ0YlxcdTA0M2IgXFx1MDQ0M1xcdTA0NDFcXHUwNDNmXFx1MDQzNVxcdTA0NDhcXHUwNDNkXFx1MDQzZSBcXHUwNDM4XFx1MDQzN1xcdTA0M2NcXHUwNDM1XFx1MDQzZFxcdTA0MzVcXHUwNDNkLlwiXSxbXCJfX2pzb25fbWVzc2FnZVwiLDAsMjUsXCJcXHUwNDFjXFx1MDQzNVxcdTA0M2RcXHUwNDRlIFxcXCJ1c2x1Z2lcXFwiIFxcdTA0MzFcXHUwNDRiXFx1MDQzYiBcXHUwNDQzXFx1MDQ0MVxcdTA0M2ZcXHUwNDM1XFx1MDQ0OFxcdTA0M2RcXHUwNDNlIFxcdTA0MzhcXHUwNDM3XFx1MDQzY1xcdTA0MzVcXHUwNDNkXFx1MDQzNVxcdTA0M2QuXCJdLFtcIl9fanNvbl9tZXNzYWdlXCIsMCwyNSxcIlxcdTA0MWNcXHUwNDM1XFx1MDQzZFxcdTA0NGUgXFxcInVzbHVnaVxcXCIgXFx1MDQzMVxcdTA0NGJcXHUwNDNiIFxcdTA0NDNcXHUwNDQxXFx1MDQzZlxcdTA0MzVcXHUwNDQ4XFx1MDQzZFxcdTA0M2UgXFx1MDQzOFxcdTA0MzdcXHUwNDNjXFx1MDQzNVxcdTA0M2RcXHUwNDM1XFx1MDQzZC5cIl0sW1wiX19qc29uX21lc3NhZ2VcIiwwLDI1LFwiXFx1MDQxY1xcdTA0MzVcXHUwNDNkXFx1MDQ0ZSBcXFwidXNsdWdpXFxcIiBcXHUwNDMxXFx1MDQ0YlxcdTA0M2IgXFx1MDQ0M1xcdTA0NDFcXHUwNDNmXFx1MDQzNVxcdTA0NDhcXHUwNDNkXFx1MDQzZSBcXHUwNDM4XFx1MDQzN1xcdTA0M2NcXHUwNDM1XFx1MDQzZFxcdTA0MzVcXHUwNDNkLlwiXSxbXCJfX2pzb25fbWVzc2FnZVwiLDAsMjUsXCJcXHUwNDFjXFx1MDQzNVxcdTA0M2RcXHUwNDRlIFxcXCJ1c2x1Z2lcXFwiIFxcdTA0MzFcXHUwNDRiXFx1MDQzYiBcXHUwNDQzXFx1MDQ0MVxcdTA0M2ZcXHUwNDM1XFx1MDQ0OFxcdTA0M2RcXHUwNDNlIFxcdTA0MzhcXHUwNDM3XFx1MDQzY1xcdTA0MzVcXHUwNDNkXFx1MDQzNVxcdTA0M2QuXCJdLFtcIl9fanNvbl9tZXNzYWdlXCIsMCwyNSxcIlxcdTA0NDJcXHUwNDM1XFx1MDQzYVxcdTA0NDFcXHUwNDQyXFx1MDQzZVxcdTA0MzJcXHUwNDMwXFx1MDQ0ZiBcXHUwNDQxXFx1MDQ0MlxcdTA0NDBcXHUwNDMwXFx1MDQzZFxcdTA0MzhcXHUwNDQ2XFx1MDQzMCBcXFwiXFx1MDQxYVxcdTA0MjJcXFwiIFxcdTA0MzFcXHUwNDRiXFx1MDQzYiBcXHUwNDQzXFx1MDQ0MVxcdTA0M2ZcXHUwNDM1XFx1MDQ0OFxcdTA0M2RcXHUwNDNlIFxcdTA0MzhcXHUwNDM3XFx1MDQzY1xcdTA0MzVcXHUwNDNkXFx1MDQzNVxcdTA0M2QuXCJdLFtcIl9fanNvbl9tZXNzYWdlXCIsMCwyNSxcIlxcdTA0NDJcXHUwNDM1XFx1MDQzYVxcdTA0NDFcXHUwNDQyXFx1MDQzZVxcdTA0MzJcXHUwNDMwXFx1MDQ0ZiBcXHUwNDQxXFx1MDQ0MlxcdTA0NDBcXHUwNDMwXFx1MDQzZFxcdTA0MzhcXHUwNDQ2XFx1MDQzMCBcXFwiXFx1MDQxY1xcdTA0MjBcXHUwNDIyXFxcIiBcXHUwNDMxXFx1MDQ0YlxcdTA0M2IgXFx1MDQ0M1xcdTA0NDFcXHUwNDNmXFx1MDQzNVxcdTA0NDhcXHUwNDNkXFx1MDQzZSBcXHUwNDM4XFx1MDQzN1xcdTA0M2NcXHUwNDM1XFx1MDQzZFxcdTA0MzVcXHUwNDNkLlwiXSxbXCJfX2pzb25fbWVzc2FnZVwiLDAsMjUsXCJcXHUwNDFjXFx1MDQzNVxcdTA0M2RcXHUwNDRlIFxcXCJ1c2x1Z2lcXFwiIFxcdTA0MzFcXHUwNDRiXFx1MDQzYiBcXHUwNDQzXFx1MDQ0MVxcdTA0M2ZcXHUwNDM1XFx1MDQ0OFxcdTA0M2RcXHUwNDNlIFxcdTA0MzhcXHUwNDM3XFx1MDQzY1xcdTA0MzVcXHUwNDNkXFx1MDQzNVxcdTA0M2QuXCJdLFtcIl9fanNvbl9tZXNzYWdlXCIsMCwyNSxcIlxcdTA0MWNcXHUwNDM1XFx1MDQzZFxcdTA0NGUgXFxcInVzbHVnaVxcXCIgXFx1MDQzMVxcdTA0NGJcXHUwNDNiIFxcdTA0NDNcXHUwNDQxXFx1MDQzZlxcdTA0MzVcXHUwNDQ4XFx1MDQzZFxcdTA0M2UgXFx1MDQzOFxcdTA0MzdcXHUwNDNjXFx1MDQzNVxcdTA0M2RcXHUwNDM1XFx1MDQzZC5cIl0sW1wiX19qc29uX21lc3NhZ2VcIiwwLDI1LFwiXFx1MDQ0MlxcdTA0MzVcXHUwNDNhXFx1MDQ0MVxcdTA0NDJcXHUwNDNlXFx1MDQzMlxcdTA0MzBcXHUwNDRmIFxcdTA0NDFcXHUwNDQyXFx1MDQ0MFxcdTA0MzBcXHUwNDNkXFx1MDQzOFxcdTA0NDZcXHUwNDMwIFxcXCJcXHUwNDFhXFx1MDQzMFxcdTA0NDBcXHUwNDQyXFx1MDQzMCBcXHUwNDQxXFx1MDQzMFxcdTA0MzlcXHUwNDQyXFx1MDQzMFxcXCIgXFx1MDQzMVxcdTA0NGJcXHUwNDNiIFxcdTA0NDNcXHUwNDQxXFx1MDQzZlxcdTA0MzVcXHUwNDQ4XFx1MDQzZFxcdTA0M2UgXFx1MDQzOFxcdTA0MzdcXHUwNDNjXFx1MDQzNVxcdTA0M2RcXHUwNDM1XFx1MDQzZC5cIl0sW1wiX19qc29uX21lc3NhZ2VcIiwwLDI1LFwiXFx1MDQxOFxcdTA0NDFcXHUwNDQxXFx1MDQzYlxcdTA0MzVcXHUwNDM0XFx1MDQzZVxcdTA0MzJcXHUwNDMwXFx1MDQ0MlxcdTA0MzVcXHUwNDNiXFx1MDQ0Y1xcdTA0NDFcXHUwNDNhXFx1MDQzOFxcdTA0MzkgXFx1MDQ0NlxcdTA0MzVcXHUwNDNkXFx1MDQ0MlxcdTA0NDAgXFxcIlxcdTA0MWNcXHUwNDI2IFxcdTA0MWNcXHUwNDIwXFx1MDQyMlxcXCIgXFx1MDQzMVxcdTA0NGJcXHUwNDNiIFxcdTA0NDNcXHUwNDQxXFx1MDQzZlxcdTA0MzVcXHUwNDQ4XFx1MDQzZFxcdTA0M2UgXFx1MDQzNFxcdTA0M2VcXHUwNDMxXFx1MDQzMFxcdTA0MzJcXHUwNDNiXFx1MDQzNVxcdTA0M2QuXCJdLFtcIl9fanNvbl9tZXNzYWdlXCIsMCwyNSxcIlxcdTA0MThcXHUwNDQxXFx1MDQ0MVxcdTA0M2JcXHUwNDM1XFx1MDQzNFxcdTA0M2VcXHUwNDMyXFx1MDQzMFxcdTA0NDJcXHUwNDM1XFx1MDQzYlxcdTA0NGNcXHUwNDQxXFx1MDQzYVxcdTA0MzhcXHUwNDM5IFxcdTA0NDZcXHUwNDM1XFx1MDQzZFxcdTA0NDJcXHUwNDQwIFxcXCJcXHUwNDEyXFx1MDQzMFxcdTA0NDFcXHUwNDM4XFx1MDQzYlxcdTA0MzVcXHUwNDNlXFx1MDQ0MVxcdTA0NDJcXHUwNDQwXFx1MDQzZVxcdTA0MzJcXHUwNDQxXFx1MDQzYVxcdTA0MzhcXHUwNDM5IFxcdTA0NDZcXHUwNDM1XFx1MDQzZFxcdTA0NDJcXHUwNDQwIFxcdTA0MWNcXHUwNDIwXFx1MDQyMlxcXCIgXFx1MDQzMVxcdTA0NGJcXHUwNDNiIFxcdTA0NDNcXHUwNDQxXFx1MDQzZlxcdTA0MzVcXHUwNDQ4XFx1MDQzZFxcdTA0M2UgXFx1MDQzNFxcdTA0M2VcXHUwNDMxXFx1MDQzMFxcdTA0MzJcXHUwNDNiXFx1MDQzNVxcdTA0M2QuXCJdLFtcIl9fanNvbl9tZXNzYWdlXCIsMCwyNSxcIlxcdTA0MThcXHUwNDQxXFx1MDQ0MVxcdTA0M2JcXHUwNDM1XFx1MDQzNFxcdTA0M2VcXHUwNDMyXFx1MDQzMFxcdTA0NDJcXHUwNDM1XFx1MDQzYlxcdTA0NGNcXHUwNDQxXFx1MDQzYVxcdTA0MzhcXHUwNDM5IFxcdTA0NDZcXHUwNDM1XFx1MDQzZFxcdTA0NDJcXHUwNDQwIFxcXCJcXHUwNDI2XFx1MDQxY1xcdTA0MjBcXHUwNDIyIFxcdTA0M2RcXHUwNDMwIFxcdTA0MjBcXHUwNDM1XFx1MDQzZFxcdTA0NDJcXHUwNDMzXFx1MDQzNVxcdTA0M2RcXHUwNDMwIDVcXFwiIFxcdTA0MzFcXHUwNDRiXFx1MDQzYiBcXHUwNDQzXFx1MDQ0MVxcdTA0M2ZcXHUwNDM1XFx1MDQ0OFxcdTA0M2RcXHUwNDNlIFxcdTA0MzRcXHUwNDNlXFx1MDQzMVxcdTA0MzBcXHUwNDMyXFx1MDQzYlxcdTA0MzVcXHUwNDNkLlwiXSxbXCJfX2pzb25fbWVzc2FnZVwiLDAsMjUsXCJcXHUwNDE4XFx1MDQ0MVxcdTA0NDFcXHUwNDNiXFx1MDQzNVxcdTA0MzRcXHUwNDNlXFx1MDQzMlxcdTA0MzBcXHUwNDQyXFx1MDQzNVxcdTA0M2JcXHUwNDRjXFx1MDQ0MVxcdTA0M2FcXHUwNDM4XFx1MDQzOSBcXHUwNDQ2XFx1MDQzNVxcdTA0M2RcXHUwNDQyXFx1MDQ0MCBcXFwiXFx1MDQyNlxcdTA0MWNcXHUwNDIwXFx1MDQyMiBcXHUwNDNkXFx1MDQzMCBcXHUwNDIwXFx1MDQzNVxcdTA0M2RcXHUwNDQyXFx1MDQzM1xcdTA0MzVcXHUwNDNkXFx1MDQzMCA1XFxcIiBcXHUwNDMxXFx1MDQ0YlxcdTA0M2IgXFx1MDQ0M1xcdTA0NDFcXHUwNDNmXFx1MDQzNVxcdTA0NDhcXHUwNDNkXFx1MDQzZSBcXHUwNDM4XFx1MDQzN1xcdTA0M2NcXHUwNDM1XFx1MDQzZFxcdTA0MzVcXHUwNDNkLlwiXSxbXCJfX2pzb25fbWVzc2FnZVwiLDAsMjUsXCJcXHUwNDE4XFx1MDQ0MVxcdTA0NDFcXHUwNDNiXFx1MDQzNVxcdTA0MzRcXHUwNDNlXFx1MDQzMlxcdTA0MzBcXHUwNDQyXFx1MDQzNVxcdTA0M2JcXHUwNDRjXFx1MDQ0MVxcdTA0M2FcXHUwNDM4XFx1MDQzOSBcXHUwNDQ2XFx1MDQzNVxcdTA0M2RcXHUwNDQyXFx1MDQ0MCBcXFwiXFx1MDQxY1xcdTA0MTRcXHUwNDI2IFxcXCJcXHUwNDJkXFx1MDQzZFxcdTA0MzVcXHUwNDQwXFx1MDQzM1xcdTA0M2VcXFwiXFxcIiBcXHUwNDMxXFx1MDQ0YlxcdTA0M2IgXFx1MDQ0M1xcdTA0NDFcXHUwNDNmXFx1MDQzNVxcdTA0NDhcXHUwNDNkXFx1MDQzZSBcXHUwNDM0XFx1MDQzZVxcdTA0MzFcXHUwNDMwXFx1MDQzMlxcdTA0M2JcXHUwNDM1XFx1MDQzZC5cIl0sW1wiX19qc29uX21lc3NhZ2VcIiwwLDI1LFwiXFx1MDQxOFxcdTA0NDFcXHUwNDQxXFx1MDQzYlxcdTA0MzVcXHUwNDM0XFx1MDQzZVxcdTA0MzJcXHUwNDMwXFx1MDQ0MlxcdTA0MzVcXHUwNDNiXFx1MDQ0Y1xcdTA0NDFcXHUwNDNhXFx1MDQzOFxcdTA0MzkgXFx1MDQ0NlxcdTA0MzVcXHUwNDNkXFx1MDQ0MlxcdTA0NDAgXFxcIlxcdTA0MWNcXHUwNDE0XFx1MDQyNiBcXFwiXFx1MDQyZFxcdTA0M2RcXHUwNDM1XFx1MDQ0MFxcdTA0MzNcXHUwNDNlXFxcIlxcXCIgXFx1MDQzMVxcdTA0NGJcXHUwNDNiIFxcdTA0NDNcXHUwNDQxXFx1MDQzZlxcdTA0MzVcXHUwNDQ4XFx1MDQzZFxcdTA0M2UgXFx1MDQzNFxcdTA0M2VcXHUwNDMxXFx1MDQzMFxcdTA0MzJcXHUwNDNiXFx1MDQzNVxcdTA0M2QuXCJdLFtcIl9fanNvbl9tZXNzYWdlXCIsMCwyNSxcIlxcdTA0MThcXHUwNDQxXFx1MDQ0MVxcdTA0M2JcXHUwNDM1XFx1MDQzNFxcdTA0M2VcXHUwNDMyXFx1MDQzMFxcdTA0NDJcXHUwNDM1XFx1MDQzYlxcdTA0NGNcXHUwNDQxXFx1MDQzYVxcdTA0MzhcXHUwNDM5IFxcdTA0NDZcXHUwNDM1XFx1MDQzZFxcdTA0NDJcXHUwNDQwIFxcXCJcXHUwNDEyXFx1MDQzZVxcdTA0MzVcXHUwNDNkXFx1MDQzZFxcdTA0M2UtXFx1MDQzY1xcdTA0MzVcXHUwNDM0XFx1MDQzOFxcdTA0NDZcXHUwNDM4XFx1MDQzZFxcdTA0NDFcXHUwNDNhXFx1MDQzMFxcdTA0NGYgXFx1MDQzMFxcdTA0M2FcXHUwNDMwXFx1MDQzNFxcdTA0MzVcXHUwNDNjXFx1MDQzOFxcdTA0MzggXFx1MDQzOFxcdTA0M2MuIFxcdTA0MjEuXFx1MDQxYy4gXFx1MDQxYVxcdTA0MzhcXHUwNDQwXFx1MDQzZVxcdTA0MzJcXHUwNDMwXFx1MDBhMFxcXCIgXFx1MDQzMVxcdTA0NGJcXHUwNDNiIFxcdTA0NDNcXHUwNDQxXFx1MDQzZlxcdTA0MzVcXHUwNDQ4XFx1MDQzZFxcdTA0M2UgXFx1MDQzNFxcdTA0M2VcXHUwNDMxXFx1MDQzMFxcdTA0MzJcXHUwNDNiXFx1MDQzNVxcdTA0M2QuXCJdLFtcIl9fanNvbl9tZXNzYWdlXCIsMCwyNSxcIlxcdTA0MThcXHUwNDQxXFx1MDQ0MVxcdTA0M2JcXHUwNDM1XFx1MDQzNFxcdTA0M2VcXHUwNDMyXFx1MDQzMFxcdTA0NDJcXHUwNDM1XFx1MDQzYlxcdTA0NGNcXHUwNDQxXFx1MDQzYVxcdTA0MzhcXHUwNDM5IFxcdTA0NDZcXHUwNDM1XFx1MDQzZFxcdTA0NDJcXHUwNDQwIFxcXCJcXHUwNDFjXFx1MDQzNVxcdTA0MzRcXHUwNDM4XFx1MDQ0NlxcdTA0MzhcXHUwNDNkXFx1MDQ0MVxcdTA0M2FcXHUwNDMwXFx1MDQ0ZiBcXHUwNDNhXFx1MDQzYlxcdTA0MzhcXHUwNDNkXFx1MDQzOFxcdTA0M2FcXHUwNDMwIFxcdTAwYWJcXHUwNDFlXFx1MDQzZFxcdTA0MzBcXHUwMGJiXFxcIiBcXHUwNDMxXFx1MDQ0YlxcdTA0M2IgXFx1MDQ0M1xcdTA0NDFcXHUwNDNmXFx1MDQzNVxcdTA0NDhcXHUwNDNkXFx1MDQzZSBcXHUwNDM0XFx1MDQzZVxcdTA0MzFcXHUwNDMwXFx1MDQzMlxcdTA0M2JcXHUwNDM1XFx1MDQzZC5cIl0sW1wiX19qc29uX21lc3NhZ2VcIiwwLDI1LFwiXFx1MDQxOFxcdTA0NDFcXHUwNDQxXFx1MDQzYlxcdTA0MzVcXHUwNDM0XFx1MDQzZVxcdTA0MzJcXHUwNDMwXFx1MDQ0MlxcdTA0MzVcXHUwNDNiXFx1MDQ0Y1xcdTA0NDFcXHUwNDNhXFx1MDQzOFxcdTA0MzkgXFx1MDQ0NlxcdTA0MzVcXHUwNDNkXFx1MDQ0MlxcdTA0NDAgXFxcIlxcdTA0MTJcXHUwNDNlXFx1MDQzNVxcdTA0M2RcXHUwNDNkXFx1MDQzZS1cXHUwNDNjXFx1MDQzNVxcdTA0MzRcXHUwNDM4XFx1MDQ0NlxcdTA0MzhcXHUwNDNkXFx1MDQ0MVxcdTA0M2FcXHUwNDMwXFx1MDQ0ZiBcXHUwNDMwXFx1MDQzYVxcdTA0MzBcXHUwNDM0XFx1MDQzNVxcdTA0M2NcXHUwNDM4XFx1MDQzOCBcXHUwNDM4XFx1MDQzYy4gXFx1MDQyMS5cXHUwNDFjLiBcXHUwNDFhXFx1MDQzOFxcdTA0NDBcXHUwNDNlXFx1MDQzMlxcdTA0MzBcXHUwMGEwXFxcIiBcXHUwNDMxXFx1MDQ0YlxcdTA0M2IgXFx1MDQ0M1xcdTA0NDFcXHUwNDNmXFx1MDQzNVxcdTA0NDhcXHUwNDNkXFx1MDQzZSBcXHUwNDM4XFx1MDQzN1xcdTA0M2NcXHUwNDM1XFx1MDQzZFxcdTA0MzVcXHUwNDNkLlwiXSxbXCJfX2pzb25fbWVzc2FnZVwiLDAsMjUsXCJcXHUwNDE4XFx1MDQ0MVxcdTA0NDFcXHUwNDNiXFx1MDQzNVxcdTA0MzRcXHUwNDNlXFx1MDQzMlxcdTA0MzBcXHUwNDQyXFx1MDQzNVxcdTA0M2JcXHUwNDRjXFx1MDQ0MVxcdTA0M2FcXHUwNDM4XFx1MDQzOSBcXHUwNDQ2XFx1MDQzNVxcdTA0M2RcXHUwNDQyXFx1MDQ0MCBcXFwiXFx1MDQxY1xcdTA0MzVcXHUwNDM0XFx1MDQzOFxcdTA0NDZcXHUwNDM4XFx1MDQzZFxcdTA0NDFcXHUwNDNhXFx1MDQzMFxcdTA0NGYgXFx1MDQzYVxcdTA0M2JcXHUwNDM4XFx1MDQzZFxcdTA0MzhcXHUwNDNhXFx1MDQzMCBcXHUwMGFiXFx1MDQxZVxcdTA0M2RcXHUwNDMwXFx1MDBiYlxcXCIgXFx1MDQzMVxcdTA0NGJcXHUwNDNiIFxcdTA0NDNcXHUwNDQxXFx1MDQzZlxcdTA0MzVcXHUwNDQ4XFx1MDQzZFxcdTA0M2UgXFx1MDQzNFxcdTA0M2VcXHUwNDMxXFx1MDQzMFxcdTA0MzJcXHUwNDNiXFx1MDQzNVxcdTA0M2QuXCJdLFtcIl9fanNvbl9tZXNzYWdlXCIsMCwyNSxcIlxcdTA0MThcXHUwNDQxXFx1MDQ0MVxcdTA0M2JcXHUwNDM1XFx1MDQzNFxcdTA0M2VcXHUwNDMyXFx1MDQzMFxcdTA0NDJcXHUwNDM1XFx1MDQzYlxcdTA0NGNcXHUwNDQxXFx1MDQzYVxcdTA0MzhcXHUwNDM5IFxcdTA0NDZcXHUwNDM1XFx1MDQzZFxcdTA0NDJcXHUwNDQwIFxcXCJcXHUwNDFjXFx1MDQzNVxcdTA0MzRcXHUwNDM4XFx1MDQ0NlxcdTA0MzhcXHUwNDNkXFx1MDQ0MVxcdTA0M2FcXHUwNDMwXFx1MDQ0ZiBcXHUwNDNhXFx1MDQzYlxcdTA0MzhcXHUwNDNkXFx1MDQzOFxcdTA0M2FcXHUwNDMwIFxcdTAwYWJcXHUwNDFlXFx1MDQzZFxcdTA0MzBcXHUwMGJiXFxcIiBcXHUwNDMxXFx1MDQ0YlxcdTA0M2IgXFx1MDQ0M1xcdTA0NDFcXHUwNDNmXFx1MDQzNVxcdTA0NDhcXHUwNDNkXFx1MDQzZSBcXHUwNDM0XFx1MDQzZVxcdTA0MzFcXHUwNDMwXFx1MDQzMlxcdTA0M2JcXHUwNDM1XFx1MDQzZC5cIl0sW1wiX19qc29uX21lc3NhZ2VcIiwwLDI1LFwiXFx1MDQxOFxcdTA0NDFcXHUwNDQxXFx1MDQzYlxcdTA0MzVcXHUwNDM0XFx1MDQzZVxcdTA0MzJcXHUwNDMwXFx1MDQ0MlxcdTA0MzVcXHUwNDNiXFx1MDQ0Y1xcdTA0NDFcXHUwNDNhXFx1MDQzOFxcdTA0MzkgXFx1MDQ0NlxcdTA0MzVcXHUwNDNkXFx1MDQ0MlxcdTA0NDAgXFxcIlxcdTA0MjBcXHUwNDFkXFx1MDQyNVxcdTA0MTggXFx1MDQzOFxcdTA0M2MuIFxcdTA0M2ZcXHUwNDQwXFx1MDQzZVxcdTA0NDQuIFxcdTA0MTAuXFx1MDQxYi4gXFx1MDQxZlxcdTA0M2VcXHUwNDNiXFx1MDQzNVxcdTA0M2RcXHUwNDNlXFx1MDQzMlxcdTA0MzBcXFwiIFxcdTA0MzFcXHUwNDRiXFx1MDQzYiBcXHUwNDQzXFx1MDQ0MVxcdTA0M2ZcXHUwNDM1XFx1MDQ0OFxcdTA0M2RcXHUwNDNlIFxcdTA0MzRcXHUwNDNlXFx1MDQzMVxcdTA0MzBcXHUwNDMyXFx1MDQzYlxcdTA0MzVcXHUwNDNkLlwiXSxbXCJfX2pzb25fbWVzc2FnZVwiLDAsMjUsXCJcXHUwNDE4XFx1MDQ0MVxcdTA0NDFcXHUwNDNiXFx1MDQzNVxcdTA0MzRcXHUwNDNlXFx1MDQzMlxcdTA0MzBcXHUwNDQyXFx1MDQzNVxcdTA0M2JcXHUwNDRjXFx1MDQ0MVxcdTA0M2FcXHUwNDM4XFx1MDQzOSBcXHUwNDQ2XFx1MDQzNVxcdTA0M2RcXHUwNDQyXFx1MDQ0MCBcXFwiXFx1MDQxYVxcdTA0M2JcXHUwNDM4XFx1MDQzZFxcdTA0MzhcXHUwNDNhXFx1MDQzMCBcXFwiXFx1MDQxY1xcdTA0MTVcXHUwNDE0XFx1MDQxNVxcdTA0MWNcXFwiXFxcIiBcXHUwNDMxXFx1MDQ0YlxcdTA0M2IgXFx1MDQ0M1xcdTA0NDFcXHUwNDNmXFx1MDQzNVxcdTA0NDhcXHUwNDNkXFx1MDQzZSBcXHUwNDM0XFx1MDQzZVxcdTA0MzFcXHUwNDMwXFx1MDQzMlxcdTA0M2JcXHUwNDM1XFx1MDQzZC5cIl0sW1wiX19qc29uX21lc3NhZ2VcIiwwLDI1LFwiXFx1MDQxOFxcdTA0NDFcXHUwNDQxXFx1MDQzYlxcdTA0MzVcXHUwNDM0XFx1MDQzZVxcdTA0MzJcXHUwNDMwXFx1MDQ0MlxcdTA0MzVcXHUwNDNiXFx1MDQ0Y1xcdTA0NDFcXHUwNDNhXFx1MDQzOFxcdTA0MzkgXFx1MDQ0NlxcdTA0MzVcXHUwNDNkXFx1MDQ0MlxcdTA0NDAgXFxcIlxcdTA0MWFcXHUwNDNiXFx1MDQzOFxcdTA0M2RcXHUwNDM4XFx1MDQzYVxcdTA0MzAgXFxcIlxcdTA0MWNcXHUwNDE1XFx1MDQxNFxcdTA0MTVcXHUwNDFjXFxcIlxcXCIgXFx1MDQzMVxcdTA0NGJcXHUwNDNiIFxcdTA0NDNcXHUwNDQxXFx1MDQzZlxcdTA0MzVcXHUwNDQ4XFx1MDQzZFxcdTA0M2UgXFx1MDQzOFxcdTA0MzdcXHUwNDNjXFx1MDQzNVxcdTA0M2RcXHUwNDM1XFx1MDQzZC5cIl0sW1wiX19qc29uX21lc3NhZ2VcIiwwLDI1LFwiXFx1MDQxOFxcdTA0NDFcXHUwNDQxXFx1MDQzYlxcdTA0MzVcXHUwNDM0XFx1MDQzZVxcdTA0MzJcXHUwNDMwXFx1MDQ0MlxcdTA0MzVcXHUwNDNiXFx1MDQ0Y1xcdTA0NDFcXHUwNDNhXFx1MDQzOFxcdTA0MzkgXFx1MDQ0NlxcdTA0MzVcXHUwNDNkXFx1MDQ0MlxcdTA0NDAgXFxcIlxcdTA0MTNcXHUwNDIzXFx1MDQxZiBcXHUwMGFiXFx1MDQxMlxcdTA0M2VcXHUwNDM0XFx1MDQzZVxcdTA0M2FcXHUwNDMwXFx1MDQzZFxcdTA0MzBcXHUwNDNiIFxcdTA0MjFcXHUwNDMwXFx1MDQzZFxcdTA0M2FcXHUwNDQyLVxcdTA0MWZcXHUwNDM1XFx1MDQ0MlxcdTA0MzVcXHUwNDQwXFx1MDQzMVxcdTA0NDNcXHUwNDQwXFx1MDQzM1xcdTA0MzBcXHUwMGJiXFxcIiBcXHUwNDMxXFx1MDQ0YlxcdTA0M2IgXFx1MDQ0M1xcdTA0NDFcXHUwNDNmXFx1MDQzNVxcdTA0NDhcXHUwNDNkXFx1MDQzZSBcXHUwNDM0XFx1MDQzZVxcdTA0MzFcXHUwNDMwXFx1MDQzMlxcdTA0M2JcXHUwNDM1XFx1MDQzZC5cIl0sW1wiX19qc29uX21lc3NhZ2VcIiwwLDI1LFwiXFx1MDQxOFxcdTA0NDFcXHUwNDQxXFx1MDQzYlxcdTA0MzVcXHUwNDM0XFx1MDQzZVxcdTA0MzJcXHUwNDMwXFx1MDQ0MlxcdTA0MzVcXHUwNDNiXFx1MDQ0Y1xcdTA0NDFcXHUwNDNhXFx1MDQzOFxcdTA0MzkgXFx1MDQ0NlxcdTA0MzVcXHUwNDNkXFx1MDQ0MlxcdTA0NDAgXFxcIlxcdTA0MjZcXHUwNDFjXFx1MDQyMFxcdTA0MjIgXFx1MDQzZlxcdTA0NDBcXHUwNDNlXFx1MDQ0NFxcdTA0MzVcXHUwNDQxXFx1MDQ0MVxcdTA0M2VcXHUwNDQwXFx1MDQzMCBcXHUwNDEyLlxcdTA0MTAuIFxcdTA0MjRcXHUwNDNlXFx1MDQzYVxcdTA0MzhcXHUwNDNkXFx1MDQzMFxcXCIgXFx1MDQzMVxcdTA0NGJcXHUwNDNiIFxcdTA0NDNcXHUwNDQxXFx1MDQzZlxcdTA0MzVcXHUwNDQ4XFx1MDQzZFxcdTA0M2UgXFx1MDQzNFxcdTA0M2VcXHUwNDMxXFx1MDQzMFxcdTA0MzJcXHUwNDNiXFx1MDQzNVxcdTA0M2QuXCJdLFtcIl9fanNvbl9tZXNzYWdlXCIsMCwyNSxcIlxcdTA0MThcXHUwNDQxXFx1MDQ0MVxcdTA0M2JcXHUwNDM1XFx1MDQzNFxcdTA0M2VcXHUwNDMyXFx1MDQzMFxcdTA0NDJcXHUwNDM1XFx1MDQzYlxcdTA0NGNcXHUwNDQxXFx1MDQzYVxcdTA0MzhcXHUwNDM5IFxcdTA0NDZcXHUwNDM1XFx1MDQzZFxcdTA0NDJcXHUwNDQwIFxcXCJcXHUwNDEwXFx1MDQzNFxcdTA0M2NcXHUwNDM4XFx1MDQ0MFxcdTA0MzBcXHUwNDNiXFx1MDQ0MlxcdTA0MzVcXHUwNDM5XFx1MDQ0MVxcdTA0M2FcXHUwNDM4XFx1MDQzNSBcXHUwNDMyXFx1MDQzNVxcdTA0NDBcXHUwNDQ0XFx1MDQzOFxcXCIgXFx1MDQzMVxcdTA0NGJcXHUwNDNiIFxcdTA0NDNcXHUwNDQxXFx1MDQzZlxcdTA0MzVcXHUwNDQ4XFx1MDQzZFxcdTA0M2UgXFx1MDQzNFxcdTA0M2VcXHUwNDMxXFx1MDQzMFxcdTA0MzJcXHUwNDNiXFx1MDQzNVxcdTA0M2QuXCJdLFtcIl9fanNvbl9tZXNzYWdlXCIsMCwyNSxcIlxcdTA0MThcXHUwNDQxXFx1MDQ0MVxcdTA0M2JcXHUwNDM1XFx1MDQzNFxcdTA0M2VcXHUwNDMyXFx1MDQzMFxcdTA0NDJcXHUwNDM1XFx1MDQzYlxcdTA0NGNcXHUwNDQxXFx1MDQzYVxcdTA0MzhcXHUwNDM5IFxcdTA0NDZcXHUwNDM1XFx1MDQzZFxcdTA0NDJcXHUwNDQwIFxcXCJcXHUwNDI2XFx1MDQzNVxcdTA0M2RcXHUwNDQyXFx1MDQ0MCBcXHUwNDNhXFx1MDQzYlxcdTA0MzhcXHUwNDNkXFx1MDQzOFxcdTA0NDdcXHUwNDM1XFx1MDQ0MVxcdTA0M2FcXHUwNDNlXFx1MDQzOSBcXHUwNDNkXFx1MDQzNVxcdTA0MzJcXHUwNDQwXFx1MDQzZVxcdTA0M2JcXHUwNDNlXFx1MDQzM1xcdTA0MzhcXHUwNDM4IFxcdTA0MjZcXHUwNDFjXFx1MDQyMFxcdTA0MjJcXFwiIFxcdTA0MzFcXHUwNDRiXFx1MDQzYiBcXHUwNDQzXFx1MDQ0MVxcdTA0M2ZcXHUwNDM1XFx1MDQ0OFxcdTA0M2RcXHUwNDNlIFxcdTA0MzRcXHUwNDNlXFx1MDQzMVxcdTA0MzBcXHUwNDMyXFx1MDQzYlxcdTA0MzVcXHUwNDNkLlwiXSxbXCJfX2pzb25fbWVzc2FnZVwiLDAsMjUsXCJcXHUwNDE4XFx1MDQ0MVxcdTA0NDFcXHUwNDNiXFx1MDQzNVxcdTA0MzRcXHUwNDNlXFx1MDQzMlxcdTA0MzBcXHUwNDQyXFx1MDQzNVxcdTA0M2JcXHUwNDRjXFx1MDQ0MVxcdTA0M2FcXHUwNDM4XFx1MDQzOSBcXHUwNDQ2XFx1MDQzNVxcdTA0M2RcXHUwNDQyXFx1MDQ0MCBcXFwiXFx1MDQyMVxcdTA0MWZcXHUwNDMxIFxcdTA0MTNcXHUwNDIzXFx1MDQxNyBcXFwiXFx1MDQxYVxcdTA0M2VcXHUwNDNkXFx1MDQ0MVxcdTA0NDNcXHUwNDNiXFx1MDQ0Y1xcdTA0NDJcXHUwNDMwXFx1MDQ0MlxcdTA0MzhcXHUwNDMyXFx1MDQzZFxcdTA0M2UtXFx1MDQzNFxcdTA0MzhcXHUwNDMwXFx1MDQzM1xcdTA0M2RcXHUwNDNlXFx1MDQ0MVxcdTA0NDJcXHUwNDM4XFx1MDQ0N1xcdTA0MzVcXHUwNDQxXFx1MDQzYVxcdTA0MzhcXHUwNDM5IFxcdTA0NDZcXHUwNDM1XFx1MDQzZFxcdTA0NDJcXHUwNDQwIFxcdTA0MzRcXHUwNDNiXFx1MDQ0ZiBcXHUwNDM0XFx1MDQzNVxcdTA0NDJcXHUwNDM1XFx1MDQzOVxcXCJcXFwiIFxcdTA0MzFcXHUwNDRiXFx1MDQzYiBcXHUwNDQzXFx1MDQ0MVxcdTA0M2ZcXHUwNDM1XFx1MDQ0OFxcdTA0M2RcXHUwNDNlIFxcdTA0MzRcXHUwNDNlXFx1MDQzMVxcdTA0MzBcXHUwNDMyXFx1MDQzYlxcdTA0MzVcXHUwNDNkLlwiXSxbXCJfX2pzb25fbWVzc2FnZVwiLDAsMjUsXCJcXHUwNDE4XFx1MDQ0MVxcdTA0NDFcXHUwNDNiXFx1MDQzNVxcdTA0MzRcXHUwNDNlXFx1MDQzMlxcdTA0MzBcXHUwNDQyXFx1MDQzNVxcdTA0M2JcXHUwNDRjXFx1MDQ0MVxcdTA0M2FcXHUwNDM4XFx1MDQzOSBcXHUwNDQ2XFx1MDQzNVxcdTA0M2RcXHUwNDQyXFx1MDQ0MCBcXFwiXFx1MDQxY1xcdTA0MTRcXHUwNDI2IFxcXCJcXHUwNDIwXFx1MDQ0ZFxcdTA0M2NcXHUwNDQxXFx1MDQzOCBcXHUwNDE0XFx1MDQzOFxcdTA0MzBcXHUwNDMzXFx1MDQzZFxcdTA0M2VcXHUwNDQxXFx1MDQ0MlxcdTA0MzhcXHUwNDNhXFx1MDQzMFxcXCJcXFwiIFxcdTA0MzFcXHUwNDRiXFx1MDQzYiBcXHUwNDQzXFx1MDQ0MVxcdTA0M2ZcXHUwNDM1XFx1MDQ0OFxcdTA0M2RcXHUwNDNlIFxcdTA0MzhcXHUwNDM3XFx1MDQzY1xcdTA0MzVcXHUwNDNkXFx1MDQzNVxcdTA0M2QuXCJdLFtcIl9fanNvbl9tZXNzYWdlXCIsMCwyNSxcIlxcdTA0MjNcXHUwNDQxXFx1MDQzZlxcdTA0MzVcXHUwNDQ4XFx1MDQzZFxcdTA0M2UgXFx1MDQ0M1xcdTA0MzRcXHUwNDMwXFx1MDQzYlxcdTA0MzVcXHUwNDNkXFx1MDQ0YiAyIFxcdTA0MThcXHUwNDQxXFx1MDQ0MVxcdTA0M2JcXHUwNDM1XFx1MDQzNFxcdTA0M2VcXHUwNDMyXFx1MDQzMFxcdTA0NDJcXHUwNDM1XFx1MDQzYlxcdTA0NGNcXHUwNDQxXFx1MDQzYVxcdTA0MzhcXHUwNDM1IFxcdTA0NDZcXHUwNDM1XFx1MDQzZFxcdTA0NDJcXHUwNDQwXFx1MDQ0Yi5cIl0sW1wiX19qc29uX21lc3NhZ2VcIiwwLDI1LFwiXFx1MDQxOFxcdTA0NDFcXHUwNDQxXFx1MDQzYlxcdTA0MzVcXHUwNDM0XFx1MDQzZVxcdTA0MzJcXHUwNDMwXFx1MDQ0MlxcdTA0MzVcXHUwNDNiXFx1MDQ0Y1xcdTA0NDFcXHUwNDNhXFx1MDQzOFxcdTA0MzkgXFx1MDQ0NlxcdTA0MzVcXHUwNDNkXFx1MDQ0MlxcdTA0NDAgXFxcIlxcdTA0MWNcXHUwNDI2IFxcXCJcXHUwNDFjXFx1MDQxMFxcdTA0MjBcXHUwNDIyXFxcIlxcXCIgXFx1MDQzMVxcdTA0NGJcXHUwNDNiIFxcdTA0NDNcXHUwNDQxXFx1MDQzZlxcdTA0MzVcXHUwNDQ4XFx1MDQzZFxcdTA0M2UgXFx1MDQ0M1xcdTA0MzRcXHUwNDMwXFx1MDQzYlxcdTA0MzVcXHUwNDNkLlwiXSxbXCJfX2pzb25fbWVzc2FnZVwiLDAsMjUsXCJcXHUwNDE4XFx1MDQ0MVxcdTA0NDFcXHUwNDNiXFx1MDQzNVxcdTA0MzRcXHUwNDNlXFx1MDQzMlxcdTA0MzBcXHUwNDQyXFx1MDQzNVxcdTA0M2JcXHUwNDRjXFx1MDQ0MVxcdTA0M2FcXHUwNDM4XFx1MDQzOSBcXHUwNDQ2XFx1MDQzNVxcdTA0M2RcXHUwNDQyXFx1MDQ0MCBcXFwiXFx1MDQxY1xcdTA0MjYgXFx1MDQxY1xcdTA0MjBcXHUwNDIyXFxcIiBcXHUwNDMxXFx1MDQ0YlxcdTA0M2IgXFx1MDQ0M1xcdTA0NDFcXHUwNDNmXFx1MDQzNVxcdTA0NDhcXHUwNDNkXFx1MDQzZSBcXHUwNDM4XFx1MDQzN1xcdTA0M2NcXHUwNDM1XFx1MDQzZFxcdTA0MzVcXHUwNDNkLlwiXSxbXCJfX2pzb25fbWVzc2FnZVwiLDAsMjUsXCJcXHUwNDE4XFx1MDQ0MVxcdTA0NDFcXHUwNDNiXFx1MDQzNVxcdTA0MzRcXHUwNDNlXFx1MDQzMlxcdTA0MzBcXHUwNDQyXFx1MDQzNVxcdTA0M2JcXHUwNDRjXFx1MDQ0MVxcdTA0M2FcXHUwNDM4XFx1MDQzOSBcXHUwNDQ2XFx1MDQzNVxcdTA0M2RcXHUwNDQyXFx1MDQ0MCBcXFwiXFx1MDQxY1xcdTA0MjYgXFx1MDQxY1xcdTA0MjBcXHUwNDIyXFxcIiBcXHUwNDMxXFx1MDQ0YlxcdTA0M2IgXFx1MDQ0M1xcdTA0NDFcXHUwNDNmXFx1MDQzNVxcdTA0NDhcXHUwNDNkXFx1MDQzZSBcXHUwNDM4XFx1MDQzN1xcdTA0M2NcXHUwNDM1XFx1MDQzZFxcdTA0MzVcXHUwNDNkLlwiXSxbXCJfX2pzb25fbWVzc2FnZVwiLDAsMjUsXCJcXHUwNDE4XFx1MDQ0MVxcdTA0NDFcXHUwNDNiXFx1MDQzNVxcdTA0MzRcXHUwNDNlXFx1MDQzMlxcdTA0MzBcXHUwNDQyXFx1MDQzNVxcdTA0M2JcXHUwNDRjXFx1MDQ0MVxcdTA0M2FcXHUwNDM4XFx1MDQzOSBcXHUwNDQ2XFx1MDQzNVxcdTA0M2RcXHUwNDQyXFx1MDQ0MCBcXFwiXFx1MDQxY1xcdTA0MjYgXFx1MDQxY1xcdTA0MjBcXHUwNDIyXFxcIiBcXHUwNDMxXFx1MDQ0YlxcdTA0M2IgXFx1MDQ0M1xcdTA0NDFcXHUwNDNmXFx1MDQzNVxcdTA0NDhcXHUwNDNkXFx1MDQzZSBcXHUwNDM4XFx1MDQzN1xcdTA0M2NcXHUwNDM1XFx1MDQzZFxcdTA0MzVcXHUwNDNkLlwiXSxbXCJfX2pzb25fbWVzc2FnZVwiLDAsMjUsXCJcXHUwNDE4XFx1MDQ0MVxcdTA0NDFcXHUwNDNiXFx1MDQzNVxcdTA0MzRcXHUwNDNlXFx1MDQzMlxcdTA0MzBcXHUwNDQyXFx1MDQzNVxcdTA0M2JcXHUwNDRjXFx1MDQ0MVxcdTA0M2FcXHUwNDM4XFx1MDQzOSBcXHUwNDQ2XFx1MDQzNVxcdTA0M2RcXHUwNDQyXFx1MDQ0MCBcXFwiXFx1MDQxY1xcdTA0MjYgXFx1MDQxY1xcdTA0MjBcXHUwNDIyXFxcIiBcXHUwNDMxXFx1MDQ0YlxcdTA0M2IgXFx1MDQ0M1xcdTA0NDFcXHUwNDNmXFx1MDQzNVxcdTA0NDhcXHUwNDNkXFx1MDQzZSBcXHUwNDM4XFx1MDQzN1xcdTA0M2NcXHUwNDM1XFx1MDQzZFxcdTA0MzVcXHUwNDNkLlwiXSxbXCJfX2pzb25fbWVzc2FnZVwiLDAsMjUsXCJcXHUwNDE4XFx1MDQ0MVxcdTA0NDFcXHUwNDNiXFx1MDQzNVxcdTA0MzRcXHUwNDNlXFx1MDQzMlxcdTA0MzBcXHUwNDQyXFx1MDQzNVxcdTA0M2JcXHUwNDRjXFx1MDQ0MVxcdTA0M2FcXHUwNDM4XFx1MDQzOSBcXHUwNDQ2XFx1MDQzNVxcdTA0M2RcXHUwNDQyXFx1MDQ0MCBcXFwiXFx1MDQxY1xcdTA0MjYgXFx1MDQxY1xcdTA0MjBcXHUwNDIyXFxcIiBcXHUwNDMxXFx1MDQ0YlxcdTA0M2IgXFx1MDQ0M1xcdTA0NDFcXHUwNDNmXFx1MDQzNVxcdTA0NDhcXHUwNDNkXFx1MDQzZSBcXHUwNDM4XFx1MDQzN1xcdTA0M2NcXHUwNDM1XFx1MDQzZFxcdTA0MzVcXHUwNDNkLlwiXSxbXCJfX2pzb25fbWVzc2FnZVwiLDAsMjUsXCJcXHUwNDE4XFx1MDQ0MVxcdTA0NDFcXHUwNDNiXFx1MDQzNVxcdTA0MzRcXHUwNDNlXFx1MDQzMlxcdTA0MzBcXHUwNDQyXFx1MDQzNVxcdTA0M2JcXHUwNDRjXFx1MDQ0MVxcdTA0M2FcXHUwNDM4XFx1MDQzOSBcXHUwNDQ2XFx1MDQzNVxcdTA0M2RcXHUwNDQyXFx1MDQ0MCBcXFwiXFx1MDQxMlxcdTA0MzBcXHUwNDQxXFx1MDQzOFxcdTA0M2JcXHUwNDM1XFx1MDQzZVxcdTA0NDFcXHUwNDQyXFx1MDQ0MFxcdTA0M2VcXHUwNDMyXFx1MDQ0MVxcdTA0M2FcXHUwNDM4XFx1MDQzOSBcXHUwNDQ2XFx1MDQzNVxcdTA0M2RcXHUwNDQyXFx1MDQ0MCBcXHUwNDFjXFx1MDQyMFxcdTA0MjJcXFwiIFxcdTA0MzFcXHUwNDRiXFx1MDQzYiBcXHUwNDQzXFx1MDQ0MVxcdTA0M2ZcXHUwNDM1XFx1MDQ0OFxcdTA0M2RcXHUwNDNlIFxcdTA0MzhcXHUwNDM3XFx1MDQzY1xcdTA0MzVcXHUwNDNkXFx1MDQzNVxcdTA0M2QuXCJdLFtcIl9fanNvbl9tZXNzYWdlXCIsMCwyNSxcIlxcdTA0MThcXHUwNDQxXFx1MDQ0MVxcdTA0M2JcXHUwNDM1XFx1MDQzNFxcdTA0M2VcXHUwNDMyXFx1MDQzMFxcdTA0NDJcXHUwNDM1XFx1MDQzYlxcdTA0NGNcXHUwNDQxXFx1MDQzYVxcdTA0MzhcXHUwNDM5IFxcdTA0NDZcXHUwNDM1XFx1MDQzZFxcdTA0NDJcXHUwNDQwIFxcXCJcXHUwNDEyXFx1MDQzMFxcdTA0NDFcXHUwNDM4XFx1MDQzYlxcdTA0MzVcXHUwNDNlXFx1MDQ0MVxcdTA0NDJcXHUwNDQwXFx1MDQzZVxcdTA0MzJcXHUwNDQxXFx1MDQzYVxcdTA0MzhcXHUwNDM5IFxcdTA0NDZcXHUwNDM1XFx1MDQzZFxcdTA0NDJcXHUwNDQwIFxcdTA0MWNcXHUwNDIwXFx1MDQyMlxcXCIgXFx1MDQzMVxcdTA0NGJcXHUwNDNiIFxcdTA0NDNcXHUwNDQxXFx1MDQzZlxcdTA0MzVcXHUwNDQ4XFx1MDQzZFxcdTA0M2UgXFx1MDQzOFxcdTA0MzdcXHUwNDNjXFx1MDQzNVxcdTA0M2RcXHUwNDM1XFx1MDQzZC5cIl0sW1wiX19qc29uX21lc3NhZ2VcIiwwLDI1LFwiXFx1MDQxOFxcdTA0NDFcXHUwNDQxXFx1MDQzYlxcdTA0MzVcXHUwNDM0XFx1MDQzZVxcdTA0MzJcXHUwNDMwXFx1MDQ0MlxcdTA0MzVcXHUwNDNiXFx1MDQ0Y1xcdTA0NDFcXHUwNDNhXFx1MDQzOFxcdTA0MzkgXFx1MDQ0NlxcdTA0MzVcXHUwNDNkXFx1MDQ0MlxcdTA0NDAgXFxcIlxcdTA0MTJcXHUwNDMwXFx1MDQ0MVxcdTA0MzhcXHUwNDNiXFx1MDQzNVxcdTA0M2VcXHUwNDQxXFx1MDQ0MlxcdTA0NDBcXHUwNDNlXFx1MDQzMlxcdTA0NDFcXHUwNDNhXFx1MDQzOFxcdTA0MzkgXFx1MDQ0NlxcdTA0MzVcXHUwNDNkXFx1MDQ0MlxcdTA0NDAgXFx1MDQxY1xcdTA0MjBcXHUwNDIyXFxcIiBcXHUwNDMxXFx1MDQ0YlxcdTA0M2IgXFx1MDQ0M1xcdTA0NDFcXHUwNDNmXFx1MDQzNVxcdTA0NDhcXHUwNDNkXFx1MDQzZSBcXHUwNDM4XFx1MDQzN1xcdTA0M2NcXHUwNDM1XFx1MDQzZFxcdTA0MzVcXHUwNDNkLlwiXSxbXCJfX2pzb25fbWVzc2FnZVwiLDAsMjUsXCJcXHUwNDE4XFx1MDQ0MVxcdTA0NDFcXHUwNDNiXFx1MDQzNVxcdTA0MzRcXHUwNDNlXFx1MDQzMlxcdTA0MzBcXHUwNDQyXFx1MDQzNVxcdTA0M2JcXHUwNDRjXFx1MDQ0MVxcdTA0M2FcXHUwNDM4XFx1MDQzOSBcXHUwNDQ2XFx1MDQzNVxcdTA0M2RcXHUwNDQyXFx1MDQ0MCBcXFwiXFx1MDQxY1xcdTA0MTRcXHUwNDI2IFxcXCJcXHUwNDIwXFx1MDQ0ZFxcdTA0M2NcXHUwNDQxXFx1MDQzOCBcXHUwNDE0XFx1MDQzOFxcdTA0MzBcXHUwNDMzXFx1MDQzZFxcdTA0M2VcXHUwNDQxXFx1MDQ0MlxcdTA0MzhcXHUwNDNhXFx1MDQzMFxcXCJcXFwiIFxcdTA0MzFcXHUwNDRiXFx1MDQzYiBcXHUwNDQzXFx1MDQ0MVxcdTA0M2ZcXHUwNDM1XFx1MDQ0OFxcdTA0M2RcXHUwNDNlIFxcdTA0MzhcXHUwNDM3XFx1MDQzY1xcdTA0MzVcXHUwNDNkXFx1MDQzNVxcdTA0M2QuXCJdLFtcIl9fanNvbl9tZXNzYWdlXCIsMCwyNSxcIlxcdTA0MThcXHUwNDQxXFx1MDQ0MVxcdTA0M2JcXHUwNDM1XFx1MDQzNFxcdTA0M2VcXHUwNDMyXFx1MDQzMFxcdTA0NDJcXHUwNDM1XFx1MDQzYlxcdTA0NGNcXHUwNDQxXFx1MDQzYVxcdTA0MzhcXHUwNDM5IFxcdTA0NDZcXHUwNDM1XFx1MDQzZFxcdTA0NDJcXHUwNDQwIFxcXCJcXHUwNDI2XFx1MDQxY1xcdTA0MjBcXHUwNDIyIFxcdTA0M2RcXHUwNDMwIFxcdTA0MjBcXHUwNDM1XFx1MDQzZFxcdTA0NDJcXHUwNDMzXFx1MDQzNVxcdTA0M2RcXHUwNDMwIDVcXFwiIFxcdTA0MzFcXHUwNDRiXFx1MDQzYiBcXHUwNDQzXFx1MDQ0MVxcdTA0M2ZcXHUwNDM1XFx1MDQ0OFxcdTA0M2RcXHUwNDNlIFxcdTA0MzhcXHUwNDM3XFx1MDQzY1xcdTA0MzVcXHUwNDNkXFx1MDQzNVxcdTA0M2QuXCJdLFtcIl9fanNvbl9tZXNzYWdlXCIsMCwyNSxcIlxcdTA0MThcXHUwNDQxXFx1MDQ0MVxcdTA0M2JcXHUwNDM1XFx1MDQzNFxcdTA0M2VcXHUwNDMyXFx1MDQzMFxcdTA0NDJcXHUwNDM1XFx1MDQzYlxcdTA0NGNcXHUwNDQxXFx1MDQzYVxcdTA0MzhcXHUwNDM5IFxcdTA0NDZcXHUwNDM1XFx1MDQzZFxcdTA0NDJcXHUwNDQwIFxcXCJcXHUwNDI2XFx1MDQxY1xcdTA0MjBcXHUwNDIyIFxcdTA0MWZcXHUwNDM1XFx1MDQ0MlxcdTA0NDBcXHUwNDNlXFx1MDQzM1xcdTA0NDBcXHUwNDMwXFx1MDQzNFxcdTA0NDFcXHUwNDNhXFx1MDQzOFxcdTA0MzlcXFwiIFxcdTA0MzFcXHUwNDRiXFx1MDQzYiBcXHUwNDQzXFx1MDQ0MVxcdTA0M2ZcXHUwNDM1XFx1MDQ0OFxcdTA0M2RcXHUwNDNlIFxcdTA0MzhcXHUwNDM3XFx1MDQzY1xcdTA0MzVcXHUwNDNkXFx1MDQzNVxcdTA0M2QuXCJdLFtcIl9fanNvbl9tZXNzYWdlXCIsMCwyNSxcIlxcdTA0MThcXHUwNDQxXFx1MDQ0MVxcdTA0M2JcXHUwNDM1XFx1MDQzNFxcdTA0M2VcXHUwNDMyXFx1MDQzMFxcdTA0NDJcXHUwNDM1XFx1MDQzYlxcdTA0NGNcXHUwNDQxXFx1MDQzYVxcdTA0MzhcXHUwNDM5IFxcdTA0NDZcXHUwNDM1XFx1MDQzZFxcdTA0NDJcXHUwNDQwIFxcXCJcXHUwNDI2XFx1MDQxY1xcdTA0MjBcXHUwNDIyIFxcdTA0MWZcXHUwNDM1XFx1MDQ0MlxcdTA0NDBcXHUwNDNlXFx1MDQzM1xcdTA0NDBcXHUwNDMwXFx1MDQzNFxcdTA0NDFcXHUwNDNhXFx1MDQzOFxcdTA0MzlcXFwiIFxcdTA0MzFcXHUwNDRiXFx1MDQzYiBcXHUwNDQzXFx1MDQ0MVxcdTA0M2ZcXHUwNDM1XFx1MDQ0OFxcdTA0M2RcXHUwNDNlIFxcdTA0MzhcXHUwNDM3XFx1MDQzY1xcdTA0MzVcXHUwNDNkXFx1MDQzNVxcdTA0M2QuXCJdLFtcIl9fanNvbl9tZXNzYWdlXCIsMCwyNSxcIlxcdTA0MThcXHUwNDQxXFx1MDQ0MVxcdTA0M2JcXHUwNDM1XFx1MDQzNFxcdTA0M2VcXHUwNDMyXFx1MDQzMFxcdTA0NDJcXHUwNDM1XFx1MDQzYlxcdTA0NGNcXHUwNDQxXFx1MDQzYVxcdTA0MzhcXHUwNDM5IFxcdTA0NDZcXHUwNDM1XFx1MDQzZFxcdTA0NDJcXHUwNDQwIFxcXCJcXHUwNDI2XFx1MDQxY1xcdTA0MjBcXHUwNDIyIFxcdTA0MWZcXHUwNDM1XFx1MDQ0MlxcdTA0NDBcXHUwNDNlXFx1MDQzM1xcdTA0NDBcXHUwNDMwXFx1MDQzNFxcdTA0NDFcXHUwNDNhXFx1MDQzOFxcdTA0MzlcXFwiIFxcdTA0MzFcXHUwNDRiXFx1MDQzYiBcXHUwNDQzXFx1MDQ0MVxcdTA0M2ZcXHUwNDM1XFx1MDQ0OFxcdTA0M2RcXHUwNDNlIFxcdTA0MzhcXHUwNDM3XFx1MDQzY1xcdTA0MzVcXHUwNDNkXFx1MDQzNVxcdTA0M2QuXCJdLFtcIl9fanNvbl9tZXNzYWdlXCIsMCwyNSxcIlxcdTA0MThcXHUwNDQxXFx1MDQ0MVxcdTA0M2JcXHUwNDM1XFx1MDQzNFxcdTA0M2VcXHUwNDMyXFx1MDQzMFxcdTA0NDJcXHUwNDM1XFx1MDQzYlxcdTA0NGNcXHUwNDQxXFx1MDQzYVxcdTA0MzhcXHUwNDM5IFxcdTA0NDZcXHUwNDM1XFx1MDQzZFxcdTA0NDJcXHUwNDQwIFxcXCJcXHUwNDI2XFx1MDQxY1xcdTA0MjBcXHUwNDIyIFxcdTA0MWZcXHUwNDM1XFx1MDQ0MlxcdTA0NDBcXHUwNDNlXFx1MDQzM1xcdTA0NDBcXHUwNDMwXFx1MDQzNFxcdTA0NDFcXHUwNDNhXFx1MDQzOFxcdTA0MzlcXFwiIFxcdTA0MzFcXHUwNDRiXFx1MDQzYiBcXHUwNDQzXFx1MDQ0MVxcdTA0M2ZcXHUwNDM1XFx1MDQ0OFxcdTA0M2RcXHUwNDNlIFxcdTA0MzhcXHUwNDM3XFx1MDQzY1xcdTA0MzVcXHUwNDNkXFx1MDQzNVxcdTA0M2QuXCJdLFtcIl9fanNvbl9tZXNzYWdlXCIsMCwyNSxcIlxcdTA0MThcXHUwNDQxXFx1MDQ0MVxcdTA0M2JcXHUwNDM1XFx1MDQzNFxcdTA0M2VcXHUwNDMyXFx1MDQzMFxcdTA0NDJcXHUwNDM1XFx1MDQzYlxcdTA0NGNcXHUwNDQxXFx1MDQzYVxcdTA0MzhcXHUwNDM5IFxcdTA0NDZcXHUwNDM1XFx1MDQzZFxcdTA0NDJcXHUwNDQwIFxcXCJcXHUwNDI2XFx1MDQxY1xcdTA0MjBcXHUwNDIyIFxcdTA0MWZcXHUwNDM1XFx1MDQ0MlxcdTA0NDBcXHUwNDNlXFx1MDQzM1xcdTA0NDBcXHUwNDMwXFx1MDQzNFxcdTA0NDFcXHUwNDNhXFx1MDQzOFxcdTA0MzlcXFwiIFxcdTA0MzFcXHUwNDRiXFx1MDQzYiBcXHUwNDQzXFx1MDQ0MVxcdTA0M2ZcXHUwNDM1XFx1MDQ0OFxcdTA0M2RcXHUwNDNlIFxcdTA0MzhcXHUwNDM3XFx1MDQzY1xcdTA0MzVcXHUwNDNkXFx1MDQzNVxcdTA0M2QuXCJdLFtcIl9fanNvbl9tZXNzYWdlXCIsMCwyNSxcIlxcdTA0MThcXHUwNDQxXFx1MDQ0MVxcdTA0M2JcXHUwNDM1XFx1MDQzNFxcdTA0M2VcXHUwNDMyXFx1MDQzMFxcdTA0NDJcXHUwNDM1XFx1MDQzYlxcdTA0NGNcXHUwNDQxXFx1MDQzYVxcdTA0MzhcXHUwNDM5IFxcdTA0NDZcXHUwNDM1XFx1MDQzZFxcdTA0NDJcXHUwNDQwIFxcXCJcXHUwNDI2XFx1MDQxY1xcdTA0MjBcXHUwNDIyIFxcdTA0MWZcXHUwNDM1XFx1MDQ0MlxcdTA0NDBcXHUwNDNlXFx1MDQzM1xcdTA0NDBcXHUwNDMwXFx1MDQzNFxcdTA0NDFcXHUwNDNhXFx1MDQzOFxcdTA0MzlcXFwiIFxcdTA0MzFcXHUwNDRiXFx1MDQzYiBcXHUwNDQzXFx1MDQ0MVxcdTA0M2ZcXHUwNDM1XFx1MDQ0OFxcdTA0M2RcXHUwNDNlIFxcdTA0MzhcXHUwNDM3XFx1MDQzY1xcdTA0MzVcXHUwNDNkXFx1MDQzNVxcdTA0M2QuXCJdLFtcIl9fanNvbl9tZXNzYWdlXCIsMCwyNSxcIlxcdTA0MThcXHUwNDQxXFx1MDQ0MVxcdTA0M2JcXHUwNDM1XFx1MDQzNFxcdTA0M2VcXHUwNDMyXFx1MDQzMFxcdTA0NDJcXHUwNDM1XFx1MDQzYlxcdTA0NGNcXHUwNDQxXFx1MDQzYVxcdTA0MzhcXHUwNDM5IFxcdTA0NDZcXHUwNDM1XFx1MDQzZFxcdTA0NDJcXHUwNDQwIFxcXCJcXHUwNDI2XFx1MDQxY1xcdTA0MjBcXHUwNDIyIFxcdTA0MWZcXHUwNDM1XFx1MDQ0MlxcdTA0NDBcXHUwNDNlXFx1MDQzM1xcdTA0NDBcXHUwNDMwXFx1MDQzNFxcdTA0NDFcXHUwNDNhXFx1MDQzOFxcdTA0MzlcXFwiIFxcdTA0MzFcXHUwNDRiXFx1MDQzYiBcXHUwNDQzXFx1MDQ0MVxcdTA0M2ZcXHUwNDM1XFx1MDQ0OFxcdTA0M2RcXHUwNDNlIFxcdTA0MzhcXHUwNDM3XFx1MDQzY1xcdTA0MzVcXHUwNDNkXFx1MDQzNVxcdTA0M2QuXCJdLFtcIl9fanNvbl9tZXNzYWdlXCIsMCwyNSxcIlxcdTA0MThcXHUwNDQxXFx1MDQ0MVxcdTA0M2JcXHUwNDM1XFx1MDQzNFxcdTA0M2VcXHUwNDMyXFx1MDQzMFxcdTA0NDJcXHUwNDM1XFx1MDQzYlxcdTA0NGNcXHUwNDQxXFx1MDQzYVxcdTA0MzhcXHUwNDM5IFxcdTA0NDZcXHUwNDM1XFx1MDQzZFxcdTA0NDJcXHUwNDQwIFxcXCJcXHUwNDI2XFx1MDQxY1xcdTA0MjBcXHUwNDIyIFxcdTA0MWZcXHUwNDM1XFx1MDQ0MlxcdTA0NDBcXHUwNDNlXFx1MDQzM1xcdTA0NDBcXHUwNDMwXFx1MDQzNFxcdTA0NDFcXHUwNDNhXFx1MDQzOFxcdTA0MzlcXFwiIFxcdTA0MzFcXHUwNDRiXFx1MDQzYiBcXHUwNDQzXFx1MDQ0MVxcdTA0M2ZcXHUwNDM1XFx1MDQ0OFxcdTA0M2RcXHUwNDNlIFxcdTA0MzhcXHUwNDM3XFx1MDQzY1xcdTA0MzVcXHUwNDNkXFx1MDQzNVxcdTA0M2QuXCJdLFtcIl9fanNvbl9tZXNzYWdlXCIsMCwyNSxcIlxcdTA0MThcXHUwNDQxXFx1MDQ0MVxcdTA0M2JcXHUwNDM1XFx1MDQzNFxcdTA0M2VcXHUwNDMyXFx1MDQzMFxcdTA0NDJcXHUwNDM1XFx1MDQzYlxcdTA0NGNcXHUwNDQxXFx1MDQzYVxcdTA0MzhcXHUwNDM5IFxcdTA0NDZcXHUwNDM1XFx1MDQzZFxcdTA0NDJcXHUwNDQwIFxcXCJcXHUwNDFjXFx1MDQxNFxcdTA0MjYgXFxcIlxcdTA0MmRcXHUwNDNkXFx1MDQzNVxcdTA0NDBcXHUwNDMzXFx1MDQzZVxcXCJcXFwiIFxcdTA0NDNcXHUwNDQxXFx1MDQzZlxcdTA0MzVcXHUwNDQ4XFx1MDQzZFxcdTA0M2UgXFx1MDQzOFxcdTA0MzdcXHUwNDNjXFx1MDQzNVxcdTA0M2RcXHUwNDM1XFx1MDQzZC4gXFx1MDQxZFxcdTA0MzhcXHUwNDM2XFx1MDQzNSBcXHUwNDMyXFx1MDQ0YiBcXHUwNDNjXFx1MDQzZVxcdTA0MzZcXHUwNDM1XFx1MDQ0MlxcdTA0MzUgXFx1MDQ0MFxcdTA0MzVcXHUwNDM0XFx1MDQzMFxcdTA0M2FcXHUwNDQyXFx1MDQzOFxcdTA0NDBcXHUwNDNlXFx1MDQzMlxcdTA0MzBcXHUwNDQyXFx1MDQ0YyBcXHUwNDQxXFx1MDQzZFxcdTA0M2VcXHUwNDMyXFx1MDQzMC5cIl0sW1wiX19qc29uX21lc3NhZ2VcIiwwLDI1LFwiXFx1MDQxOFxcdTA0NDFcXHUwNDQxXFx1MDQzYlxcdTA0MzVcXHUwNDM0XFx1MDQzZVxcdTA0MzJcXHUwNDMwXFx1MDQ0MlxcdTA0MzVcXHUwNDNiXFx1MDQ0Y1xcdTA0NDFcXHUwNDNhXFx1MDQzOFxcdTA0MzkgXFx1MDQ0NlxcdTA0MzVcXHUwNDNkXFx1MDQ0MlxcdTA0NDAgXFxcIlxcdTA0MWNcXHUwNDE0XFx1MDQyNiBcXFwiXFx1MDQyZFxcdTA0M2RcXHUwNDM1XFx1MDQ0MFxcdTA0MzNcXHUwNDNlXFxcIlxcXCIgXFx1MDQzMVxcdTA0NGJcXHUwNDNiIFxcdTA0NDNcXHUwNDQxXFx1MDQzZlxcdTA0MzVcXHUwNDQ4XFx1MDQzZFxcdTA0M2UgXFx1MDQzOFxcdTA0MzdcXHUwNDNjXFx1MDQzNVxcdTA0M2RcXHUwNDM1XFx1MDQzZC5cIl0sW1wiX19qc29uX21lc3NhZ2VcIiwwLDI1LFwiXFx1MDQxOFxcdTA0NDFcXHUwNDQxXFx1MDQzYlxcdTA0MzVcXHUwNDM0XFx1MDQzZVxcdTA0MzJcXHUwNDMwXFx1MDQ0MlxcdTA0MzVcXHUwNDNiXFx1MDQ0Y1xcdTA0NDFcXHUwNDNhXFx1MDQzOFxcdTA0MzkgXFx1MDQ0NlxcdTA0MzVcXHUwNDNkXFx1MDQ0MlxcdTA0NDAgXFxcIlxcdTA0MWNcXHUwNDE0XFx1MDQyNiBcXFwiXFx1MDQyZFxcdTA0M2RcXHUwNDM1XFx1MDQ0MFxcdTA0MzNcXHUwNDNlXFxcIlxcXCIgXFx1MDQzMVxcdTA0NGJcXHUwNDNiIFxcdTA0NDNcXHUwNDQxXFx1MDQzZlxcdTA0MzVcXHUwNDQ4XFx1MDQzZFxcdTA0M2UgXFx1MDQzOFxcdTA0MzdcXHUwNDNjXFx1MDQzNVxcdTA0M2RcXHUwNDM1XFx1MDQzZC5cIl0sW1wiX19qc29uX21lc3NhZ2VcIiwwLDI1LFwiXFx1MDQxOFxcdTA0NDFcXHUwNDQxXFx1MDQzYlxcdTA0MzVcXHUwNDM0XFx1MDQzZVxcdTA0MzJcXHUwNDMwXFx1MDQ0MlxcdTA0MzVcXHUwNDNiXFx1MDQ0Y1xcdTA0NDFcXHUwNDNhXFx1MDQzOFxcdTA0MzkgXFx1MDQ0NlxcdTA0MzVcXHUwNDNkXFx1MDQ0MlxcdTA0NDAgXFxcIlxcdTA0MWNcXHUwNDE0XFx1MDQyNiBcXFwiXFx1MDQyZFxcdTA0M2RcXHUwNDM1XFx1MDQ0MFxcdTA0MzNcXHUwNDNlXFxcIlxcXCIgXFx1MDQzMVxcdTA0NGJcXHUwNDNiIFxcdTA0NDNcXHUwNDQxXFx1MDQzZlxcdTA0MzVcXHUwNDQ4XFx1MDQzZFxcdTA0M2UgXFx1MDQzOFxcdTA0MzdcXHUwNDNjXFx1MDQzNVxcdTA0M2RcXHUwNDM1XFx1MDQzZC5cIl0sW1wiX19qc29uX21lc3NhZ2VcIiwwLDI1LFwiXFx1MDQxOFxcdTA0NDFcXHUwNDQxXFx1MDQzYlxcdTA0MzVcXHUwNDM0XFx1MDQzZVxcdTA0MzJcXHUwNDMwXFx1MDQ0MlxcdTA0MzVcXHUwNDNiXFx1MDQ0Y1xcdTA0NDFcXHUwNDNhXFx1MDQzOFxcdTA0MzkgXFx1MDQ0NlxcdTA0MzVcXHUwNDNkXFx1MDQ0MlxcdTA0NDAgXFxcIlxcdTA0MWNcXHUwNDE0XFx1MDQyNiBcXFwiXFx1MDQyZFxcdTA0M2RcXHUwNDM1XFx1MDQ0MFxcdTA0MzNcXHUwNDNlXFxcIlxcXCIgXFx1MDQ0M1xcdTA0NDFcXHUwNDNmXFx1MDQzNVxcdTA0NDhcXHUwNDNkXFx1MDQzZSBcXHUwNDM4XFx1MDQzN1xcdTA0M2NcXHUwNDM1XFx1MDQzZFxcdTA0MzVcXHUwNDNkLiBcXHUwNDFkXFx1MDQzOFxcdTA0MzZcXHUwNDM1IFxcdTA0MzJcXHUwNDRiIFxcdTA0M2NcXHUwNDNlXFx1MDQzNlxcdTA0MzVcXHUwNDQyXFx1MDQzNSBcXHUwNDQwXFx1MDQzNVxcdTA0MzRcXHUwNDMwXFx1MDQzYVxcdTA0NDJcXHUwNDM4XFx1MDQ0MFxcdTA0M2VcXHUwNDMyXFx1MDQzMFxcdTA0NDJcXHUwNDRjIFxcdTA0NDFcXHUwNDNkXFx1MDQzZVxcdTA0MzJcXHUwNDMwLlwiXSxbXCJfX2pzb25fbWVzc2FnZVwiLDAsMjUsXCJcXHUwNDE4XFx1MDQ0MVxcdTA0NDFcXHUwNDNiXFx1MDQzNVxcdTA0MzRcXHUwNDNlXFx1MDQzMlxcdTA0MzBcXHUwNDQyXFx1MDQzNVxcdTA0M2JcXHUwNDRjXFx1MDQ0MVxcdTA0M2FcXHUwNDM4XFx1MDQzOSBcXHUwNDQ2XFx1MDQzNVxcdTA0M2RcXHUwNDQyXFx1MDQ0MCBcXFwiXFx1MDQxY1xcdTA0MzVcXHUwNDM0XFx1MDQzOFxcdTA0NDZcXHUwNDM4XFx1MDQzZFxcdTA0NDFcXHUwNDNhXFx1MDQzMFxcdTA0NGYgXFx1MDQzYVxcdTA0M2JcXHUwNDM4XFx1MDQzZFxcdTA0MzhcXHUwNDNhXFx1MDQzMCBcXHUwMGFiXFx1MDQxZVxcdTA0M2RcXHUwNDMwXFx1MDBiYlxcXCIgXFx1MDQzMVxcdTA0NGJcXHUwNDNiIFxcdTA0NDNcXHUwNDQxXFx1MDQzZlxcdTA0MzVcXHUwNDQ4XFx1MDQzZFxcdTA0M2UgXFx1MDQzOFxcdTA0MzdcXHUwNDNjXFx1MDQzNVxcdTA0M2RcXHUwNDM1XFx1MDQzZC5cIl0sW1wiX19qc29uX21lc3NhZ2VcIiwwLDI1LFwiXFx1MDQxOFxcdTA0NDFcXHUwNDQxXFx1MDQzYlxcdTA0MzVcXHUwNDM0XFx1MDQzZVxcdTA0MzJcXHUwNDMwXFx1MDQ0MlxcdTA0MzVcXHUwNDNiXFx1MDQ0Y1xcdTA0NDFcXHUwNDNhXFx1MDQzOFxcdTA0MzkgXFx1MDQ0NlxcdTA0MzVcXHUwNDNkXFx1MDQ0MlxcdTA0NDAgXFxcIlxcdTA0MjBcXHUwNDFkXFx1MDQyNVxcdTA0MTggXFx1MDQzOFxcdTA0M2MuIFxcdTA0M2ZcXHUwNDQwXFx1MDQzZVxcdTA0NDQuIFxcdTA0MTAuXFx1MDQxYi4gXFx1MDQxZlxcdTA0M2VcXHUwNDNiXFx1MDQzNVxcdTA0M2RcXHUwNDNlXFx1MDQzMlxcdTA0MzBcXFwiIFxcdTA0MzFcXHUwNDRiXFx1MDQzYiBcXHUwNDQzXFx1MDQ0MVxcdTA0M2ZcXHUwNDM1XFx1MDQ0OFxcdTA0M2RcXHUwNDNlIFxcdTA0MzhcXHUwNDM3XFx1MDQzY1xcdTA0MzVcXHUwNDNkXFx1MDQzNVxcdTA0M2QuXCJdLFtcIl9fanNvbl9tZXNzYWdlXCIsMCwyNSxcIlxcdTA0MThcXHUwNDQxXFx1MDQ0MVxcdTA0M2JcXHUwNDM1XFx1MDQzNFxcdTA0M2VcXHUwNDMyXFx1MDQzMFxcdTA0NDJcXHUwNDM1XFx1MDQzYlxcdTA0NGNcXHUwNDQxXFx1MDQzYVxcdTA0MzhcXHUwNDM5IFxcdTA0NDZcXHUwNDM1XFx1MDQzZFxcdTA0NDJcXHUwNDQwIFxcXCJcXHUwNDIwXFx1MDQxZFxcdTA0MjVcXHUwNDE4IFxcdTA0MzhcXHUwNDNjLiBcXHUwNDNmXFx1MDQ0MFxcdTA0M2VcXHUwNDQ0LiBcXHUwNDEwLlxcdTA0MWIuIFxcdTA0MWZcXHUwNDNlXFx1MDQzYlxcdTA0MzVcXHUwNDNkXFx1MDQzZVxcdTA0MzJcXHUwNDMwXFxcIiBcXHUwNDMxXFx1MDQ0YlxcdTA0M2IgXFx1MDQ0M1xcdTA0NDFcXHUwNDNmXFx1MDQzNVxcdTA0NDhcXHUwNDNkXFx1MDQzZSBcXHUwNDM4XFx1MDQzN1xcdTA0M2NcXHUwNDM1XFx1MDQzZFxcdTA0MzVcXHUwNDNkLlwiXSxbXCJfX2pzb25fbWVzc2FnZVwiLDAsMjUsXCJcXHUwNDE4XFx1MDQ0MVxcdTA0NDFcXHUwNDNiXFx1MDQzNVxcdTA0MzRcXHUwNDNlXFx1MDQzMlxcdTA0MzBcXHUwNDQyXFx1MDQzNVxcdTA0M2JcXHUwNDRjXFx1MDQ0MVxcdTA0M2FcXHUwNDM4XFx1MDQzOSBcXHUwNDQ2XFx1MDQzNVxcdTA0M2RcXHUwNDQyXFx1MDQ0MCBcXFwiXFx1MDQyMFxcdTA0MWRcXHUwNDI1XFx1MDQxOCBcXHUwNDM4XFx1MDQzYy4gXFx1MDQzZlxcdTA0NDBcXHUwNDNlXFx1MDQ0NC4gXFx1MDQxMC5cXHUwNDFiLiBcXHUwNDFmXFx1MDQzZVxcdTA0M2JcXHUwNDM1XFx1MDQzZFxcdTA0M2VcXHUwNDMyXFx1MDQzMFxcXCIgXFx1MDQzMVxcdTA0NGJcXHUwNDNiIFxcdTA0NDNcXHUwNDQxXFx1MDQzZlxcdTA0MzVcXHUwNDQ4XFx1MDQzZFxcdTA0M2UgXFx1MDQzOFxcdTA0MzdcXHUwNDNjXFx1MDQzNVxcdTA0M2RcXHUwNDM1XFx1MDQzZC5cIl0sW1wiX19qc29uX21lc3NhZ2VcIiwwLDI1LFwiXFx1MDQxOFxcdTA0NDFcXHUwNDQxXFx1MDQzYlxcdTA0MzVcXHUwNDM0XFx1MDQzZVxcdTA0MzJcXHUwNDMwXFx1MDQ0MlxcdTA0MzVcXHUwNDNiXFx1MDQ0Y1xcdTA0NDFcXHUwNDNhXFx1MDQzOFxcdTA0MzkgXFx1MDQ0NlxcdTA0MzVcXHUwNDNkXFx1MDQ0MlxcdTA0NDAgXFxcIlxcdTA0MTNcXHUwNDIzXFx1MDQxZiBcXHUwMGFiXFx1MDQxMlxcdTA0M2VcXHUwNDM0XFx1MDQzZVxcdTA0M2FcXHUwNDMwXFx1MDQzZFxcdTA0MzBcXHUwNDNiIFxcdTA0MjFcXHUwNDMwXFx1MDQzZFxcdTA0M2FcXHUwNDQyLVxcdTA0MWZcXHUwNDM1XFx1MDQ0MlxcdTA0MzVcXHUwNDQwXFx1MDQzMVxcdTA0NDNcXHUwNDQwXFx1MDQzM1xcdTA0MzBcXHUwMGJiXFxcIiBcXHUwNDMxXFx1MDQ0YlxcdTA0M2IgXFx1MDQ0M1xcdTA0NDFcXHUwNDNmXFx1MDQzNVxcdTA0NDhcXHUwNDNkXFx1MDQzZSBcXHUwNDM4XFx1MDQzN1xcdTA0M2NcXHUwNDM1XFx1MDQzZFxcdTA0MzVcXHUwNDNkLlwiXSxbXCJfX2pzb25fbWVzc2FnZVwiLDAsMjUsXCJcXHUwNDE4XFx1MDQ0MVxcdTA0NDFcXHUwNDNiXFx1MDQzNVxcdTA0MzRcXHUwNDNlXFx1MDQzMlxcdTA0MzBcXHUwNDQyXFx1MDQzNVxcdTA0M2JcXHUwNDRjXFx1MDQ0MVxcdTA0M2FcXHUwNDM4XFx1MDQzOSBcXHUwNDQ2XFx1MDQzNVxcdTA0M2RcXHUwNDQyXFx1MDQ0MCBcXFwiXFx1MDQxM1xcdTA0MjNcXHUwNDFmIFxcdTAwYWJcXHUwNDEyXFx1MDQzZVxcdTA0MzRcXHUwNDNlXFx1MDQzYVxcdTA0MzBcXHUwNDNkXFx1MDQzMFxcdTA0M2IgXFx1MDQyMVxcdTA0MzBcXHUwNDNkXFx1MDQzYVxcdTA0NDItXFx1MDQxZlxcdTA0MzVcXHUwNDQyXFx1MDQzNVxcdTA0NDBcXHUwNDMxXFx1MDQ0M1xcdTA0NDBcXHUwNDMzXFx1MDQzMFxcdTAwYmJcXFwiIFxcdTA0MzFcXHUwNDRiXFx1MDQzYiBcXHUwNDQzXFx1MDQ0MVxcdTA0M2ZcXHUwNDM1XFx1MDQ0OFxcdTA0M2RcXHUwNDNlIFxcdTA0MzhcXHUwNDM3XFx1MDQzY1xcdTA0MzVcXHUwNDNkXFx1MDQzNVxcdTA0M2QuXCJdLFtcIl9fanNvbl9tZXNzYWdlXCIsMCwyNSxcIlxcdTA0MThcXHUwNDQxXFx1MDQ0MVxcdTA0M2JcXHUwNDM1XFx1MDQzNFxcdTA0M2VcXHUwNDMyXFx1MDQzMFxcdTA0NDJcXHUwNDM1XFx1MDQzYlxcdTA0NGNcXHUwNDQxXFx1MDQzYVxcdTA0MzhcXHUwNDM5IFxcdTA0NDZcXHUwNDM1XFx1MDQzZFxcdTA0NDJcXHUwNDQwIFxcXCJcXHUwNDEzXFx1MDQyM1xcdTA0MWYgXFx1MDBhYlxcdTA0MTJcXHUwNDNlXFx1MDQzNFxcdTA0M2VcXHUwNDNhXFx1MDQzMFxcdTA0M2RcXHUwNDMwXFx1MDQzYiBcXHUwNDIxXFx1MDQzMFxcdTA0M2RcXHUwNDNhXFx1MDQ0Mi1cXHUwNDFmXFx1MDQzNVxcdTA0NDJcXHUwNDM1XFx1MDQ0MFxcdTA0MzFcXHUwNDQzXFx1MDQ0MFxcdTA0MzNcXHUwNDMwXFx1MDBiYlxcXCIgXFx1MDQzMVxcdTA0NGJcXHUwNDNiIFxcdTA0NDNcXHUwNDQxXFx1MDQzZlxcdTA0MzVcXHUwNDQ4XFx1MDQzZFxcdTA0M2UgXFx1MDQzOFxcdTA0MzdcXHUwNDNjXFx1MDQzNVxcdTA0M2RcXHUwNDM1XFx1MDQzZC5cIl0sW1wiX19qc29uX21lc3NhZ2VcIiwwLDI1LFwiXFx1MDQxOFxcdTA0NDFcXHUwNDQxXFx1MDQzYlxcdTA0MzVcXHUwNDM0XFx1MDQzZVxcdTA0MzJcXHUwNDMwXFx1MDQ0MlxcdTA0MzVcXHUwNDNiXFx1MDQ0Y1xcdTA0NDFcXHUwNDNhXFx1MDQzOFxcdTA0MzkgXFx1MDQ0NlxcdTA0MzVcXHUwNDNkXFx1MDQ0MlxcdTA0NDAgXFxcIlxcdTA0MjZcXHUwNDFjXFx1MDQyMFxcdTA0MjIgXFx1MDQzZlxcdTA0NDBcXHUwNDNlXFx1MDQ0NFxcdTA0MzVcXHUwNDQxXFx1MDQ0MVxcdTA0M2VcXHUwNDQwXFx1MDQzMCBcXHUwNDEyLlxcdTA0MTAuIFxcdTA0MjRcXHUwNDNlXFx1MDQzYVxcdTA0MzhcXHUwNDNkXFx1MDQzMFxcXCIgXFx1MDQzMVxcdTA0NGJcXHUwNDNiIFxcdTA0NDNcXHUwNDQxXFx1MDQzZlxcdTA0MzVcXHUwNDQ4XFx1MDQzZFxcdTA0M2UgXFx1MDQzOFxcdTA0MzdcXHUwNDNjXFx1MDQzNVxcdTA0M2RcXHUwNDM1XFx1MDQzZC5cIl0sW1wiX19qc29uX21lc3NhZ2VcIiwwLDI1LFwiXFx1MDQxOFxcdTA0NDFcXHUwNDQxXFx1MDQzYlxcdTA0MzVcXHUwNDM0XFx1MDQzZVxcdTA0MzJcXHUwNDMwXFx1MDQ0MlxcdTA0MzVcXHUwNDNiXFx1MDQ0Y1xcdTA0NDFcXHUwNDNhXFx1MDQzOFxcdTA0MzkgXFx1MDQ0NlxcdTA0MzVcXHUwNDNkXFx1MDQ0MlxcdTA0NDAgXFxcIlxcdTA0MjZcXHUwNDFjXFx1MDQyMFxcdTA0MjIgXFx1MDQxZlxcdTA0MzVcXHUwNDQyXFx1MDQ0MFxcdTA0M2VcXHUwNDMzXFx1MDQ0MFxcdTA0MzBcXHUwNDM0XFx1MDQ0MVxcdTA0M2FcXHUwNDM4XFx1MDQzOVxcXCIgXFx1MDQzMVxcdTA0NGJcXHUwNDNiIFxcdTA0NDNcXHUwNDQxXFx1MDQzZlxcdTA0MzVcXHUwNDQ4XFx1MDQzZFxcdTA0M2UgXFx1MDQzOFxcdTA0MzdcXHUwNDNjXFx1MDQzNVxcdTA0M2RcXHUwNDM1XFx1MDQzZC5cIl0sW1wiX19qc29uX21lc3NhZ2VcIiwwLDI1LFwiXFx1MDQxOFxcdTA0NDFcXHUwNDQxXFx1MDQzYlxcdTA0MzVcXHUwNDM0XFx1MDQzZVxcdTA0MzJcXHUwNDMwXFx1MDQ0MlxcdTA0MzVcXHUwNDNiXFx1MDQ0Y1xcdTA0NDFcXHUwNDNhXFx1MDQzOFxcdTA0MzkgXFx1MDQ0NlxcdTA0MzVcXHUwNDNkXFx1MDQ0MlxcdTA0NDAgXFxcIlxcdTA0MTBcXHUwNDNiXFx1MDQzNVxcdTA0M2FcXHUwNDQxXFx1MDQzMFxcdTA0M2RcXHUwNDM0XFx1MDQ0MFxcdTA0M2VcXHUwNDMyXFx1MDQ0MVxcdTA0M2FcXHUwNDMwXFx1MDQ0ZiBcXHUwNDMxXFx1MDQzZVxcdTA0M2JcXHUwNDRjXFx1MDQzZFxcdTA0MzhcXHUwNDQ2XFx1MDQzMFxcXCIgXFx1MDQzMVxcdTA0NGJcXHUwNDNiIFxcdTA0NDNcXHUwNDQxXFx1MDQzZlxcdTA0MzVcXHUwNDQ4XFx1MDQzZFxcdTA0M2UgXFx1MDQzNFxcdTA0M2VcXHUwNDMxXFx1MDQzMFxcdTA0MzJcXHUwNDNiXFx1MDQzNVxcdTA0M2QuXCJdLFtcIl9fanNvbl9tZXNzYWdlXCIsMCwyNSxcIlxcdTA0MThcXHUwNDQxXFx1MDQ0MVxcdTA0M2JcXHUwNDM1XFx1MDQzNFxcdTA0M2VcXHUwNDMyXFx1MDQzMFxcdTA0NDJcXHUwNDM1XFx1MDQzYlxcdTA0NGNcXHUwNDQxXFx1MDQzYVxcdTA0MzhcXHUwNDM5IFxcdTA0NDZcXHUwNDM1XFx1MDQzZFxcdTA0NDJcXHUwNDQwIFxcXCJcXHUwNDEzXFx1MDQzZVxcdTA0NDBcXHUwNDNlXFx1MDQzNFxcdTA0NDFcXHUwNDNhXFx1MDQzMFxcdTA0NGYgXFx1MDQxMFxcdTA0M2JcXHUwNDM1XFx1MDQzYVxcdTA0NDFcXHUwNDMwXFx1MDQzZFxcdTA0MzRcXHUwNDQwXFx1MDQzZVxcdTA0MzJcXHUwNDQxXFx1MDQzYVxcdTA0MzBcXHUwNDRmIFxcdTA0MzFcXHUwNDNlXFx1MDQzYlxcdTA0NGNcXHUwNDNkXFx1MDQzOFxcdTA0NDZcXHUwNDMwIFxcdTIxMTYxN1xcXCIgXFx1MDQzMVxcdTA0NGJcXHUwNDNiIFxcdTA0NDNcXHUwNDQxXFx1MDQzZlxcdTA0MzVcXHUwNDQ4XFx1MDQzZFxcdTA0M2UgXFx1MDQzOFxcdTA0MzdcXHUwNDNjXFx1MDQzNVxcdTA0M2RcXHUwNDM1XFx1MDQzZC5cIl0sW1wiX19qc29uX21lc3NhZ2VcIiwwLDI1LFwiXFx1MDQxOFxcdTA0NDFcXHUwNDQxXFx1MDQzYlxcdTA0MzVcXHUwNDM0XFx1MDQzZVxcdTA0MzJcXHUwNDMwXFx1MDQ0MlxcdTA0MzVcXHUwNDNiXFx1MDQ0Y1xcdTA0NDFcXHUwNDNhXFx1MDQzOFxcdTA0MzkgXFx1MDQ0NlxcdTA0MzVcXHUwNDNkXFx1MDQ0MlxcdTA0NDAgXFxcIlxcdTA0MTNcXHUwNDNlXFx1MDQ0MFxcdTA0M2VcXHUwNDM0XFx1MDQ0MVxcdTA0M2FcXHUwNDMwXFx1MDQ0ZiBcXHUwNDEwXFx1MDQzYlxcdTA0MzVcXHUwNDNhXFx1MDQ0MVxcdTA0MzBcXHUwNDNkXFx1MDQzNFxcdTA0NDBcXHUwNDNlXFx1MDQzMlxcdTA0NDFcXHUwNDNhXFx1MDQzMFxcdTA0NGYgXFx1MDQzMVxcdTA0M2VcXHUwNDNiXFx1MDQ0Y1xcdTA0M2RcXHUwNDM4XFx1MDQ0NlxcdTA0MzAgXFx1MjExNjE3XFxcIiBcXHUwNDMxXFx1MDQ0YlxcdTA0M2IgXFx1MDQ0M1xcdTA0NDFcXHUwNDNmXFx1MDQzNVxcdTA0NDhcXHUwNDNkXFx1MDQzZSBcXHUwNDM4XFx1MDQzN1xcdTA0M2NcXHUwNDM1XFx1MDQzZFxcdTA0MzVcXHUwNDNkLlwiXSxbXCJfX2pzb25fbWVzc2FnZVwiLDAsMjUsXCJcXHUwNDE4XFx1MDQ0MVxcdTA0NDFcXHUwNDNiXFx1MDQzNVxcdTA0MzRcXHUwNDNlXFx1MDQzMlxcdTA0MzBcXHUwNDQyXFx1MDQzNVxcdTA0M2JcXHUwNDRjXFx1MDQ0MVxcdTA0M2FcXHUwNDM4XFx1MDQzOSBcXHUwNDQ2XFx1MDQzNVxcdTA0M2RcXHUwNDQyXFx1MDQ0MCBcXFwiXFx1MDQxM1xcdTA0M2VcXHUwNDQwXFx1MDQzZVxcdTA0MzRcXHUwNDQxXFx1MDQzYVxcdTA0MzBcXHUwNDRmIFxcdTA0MTBcXHUwNDNiXFx1MDQzNVxcdTA0M2FcXHUwNDQxXFx1MDQzMFxcdTA0M2RcXHUwNDM0XFx1MDQ0MFxcdTA0M2VcXHUwNDMyXFx1MDQ0MVxcdTA0M2FcXHUwNDMwXFx1MDQ0ZiBcXHUwNDMxXFx1MDQzZVxcdTA0M2JcXHUwNDRjXFx1MDQzZFxcdTA0MzhcXHUwNDQ2XFx1MDQzMCBcXHUyMTE2MTdcXFwiIFxcdTA0MzFcXHUwNDRiXFx1MDQzYiBcXHUwNDQzXFx1MDQ0MVxcdTA0M2ZcXHUwNDM1XFx1MDQ0OFxcdTA0M2RcXHUwNDNlIFxcdTA0MzhcXHUwNDM3XFx1MDQzY1xcdTA0MzVcXHUwNDNkXFx1MDQzNVxcdTA0M2QuXCJdLFtcIl9fanNvbl9tZXNzYWdlXCIsMCwyNSxcIlxcdTA0MThcXHUwNDQxXFx1MDQ0MVxcdTA0M2JcXHUwNDM1XFx1MDQzNFxcdTA0M2VcXHUwNDMyXFx1MDQzMFxcdTA0NDJcXHUwNDM1XFx1MDQzYlxcdTA0NGNcXHUwNDQxXFx1MDQzYVxcdTA0MzhcXHUwNDM5IFxcdTA0NDZcXHUwNDM1XFx1MDQzZFxcdTA0NDJcXHUwNDQwIFxcXCJcXHUwNDEzXFx1MDQzZVxcdTA0NDBcXHUwNDNlXFx1MDQzNFxcdTA0NDFcXHUwNDNhXFx1MDQzMFxcdTA0NGYgXFx1MDQxMFxcdTA0M2JcXHUwNDM1XFx1MDQzYVxcdTA0NDFcXHUwNDMwXFx1MDQzZFxcdTA0MzRcXHUwNDQwXFx1MDQzZVxcdTA0MzJcXHUwNDQxXFx1MDQzYVxcdTA0MzBcXHUwNDRmIFxcdTA0MzFcXHUwNDNlXFx1MDQzYlxcdTA0NGNcXHUwNDNkXFx1MDQzOFxcdTA0NDZcXHUwNDMwIFxcdTIxMTYxN1xcXCIgXFx1MDQzMVxcdTA0NGJcXHUwNDNiIFxcdTA0NDNcXHUwNDQxXFx1MDQzZlxcdTA0MzVcXHUwNDQ4XFx1MDQzZFxcdTA0M2UgXFx1MDQzOFxcdTA0MzdcXHUwNDNjXFx1MDQzNVxcdTA0M2RcXHUwNDM1XFx1MDQzZC5cIl0sW1wiX19qc29uX21lc3NhZ2VcIiwwLDI1LFwiXFx1MDQxOFxcdTA0NDFcXHUwNDQxXFx1MDQzYlxcdTA0MzVcXHUwNDM0XFx1MDQzZVxcdTA0MzJcXHUwNDMwXFx1MDQ0MlxcdTA0MzVcXHUwNDNiXFx1MDQ0Y1xcdTA0NDFcXHUwNDNhXFx1MDQzOFxcdTA0MzkgXFx1MDQ0NlxcdTA0MzVcXHUwNDNkXFx1MDQ0MlxcdTA0NDAgXFxcIlxcdTA0MWNcXHUwNDE0XFx1MDQyNiBcXFwiXFx1MDQyMFxcdTA0NGRcXHUwNDNjXFx1MDQ0MVxcdTA0MzggXFx1MDQxNFxcdTA0MzhcXHUwNDMwXFx1MDQzM1xcdTA0M2RcXHUwNDNlXFx1MDQ0MVxcdTA0NDJcXHUwNDM4XFx1MDQzYVxcdTA0MzBcXFwiXFxcIiBcXHUwNDMxXFx1MDQ0YlxcdTA0M2IgXFx1MDQ0M1xcdTA0NDFcXHUwNDNmXFx1MDQzNVxcdTA0NDhcXHUwNDNkXFx1MDQzZSBcXHUwNDM4XFx1MDQzN1xcdTA0M2NcXHUwNDM1XFx1MDQzZFxcdTA0MzVcXHUwNDNkLlwiXSxbXCJfX2pzb25fbWVzc2FnZVwiLDAsMjUsXCJcXHUwNDE4XFx1MDQ0MVxcdTA0NDFcXHUwNDNiXFx1MDQzNVxcdTA0MzRcXHUwNDNlXFx1MDQzMlxcdTA0MzBcXHUwNDQyXFx1MDQzNVxcdTA0M2JcXHUwNDRjXFx1MDQ0MVxcdTA0M2FcXHUwNDM4XFx1MDQzOSBcXHUwNDQ2XFx1MDQzNVxcdTA0M2RcXHUwNDQyXFx1MDQ0MCBcXFwiXFx1MDQxY1xcdTA0MTRcXHUwNDI2IFxcXCJcXHUwNDIwXFx1MDQ0ZFxcdTA0M2NcXHUwNDQxXFx1MDQzOCBcXHUwNDE0XFx1MDQzOFxcdTA0MzBcXHUwNDMzXFx1MDQzZFxcdTA0M2VcXHUwNDQxXFx1MDQ0MlxcdTA0MzhcXHUwNDNhXFx1MDQzMFxcXCJcXFwiIFxcdTA0MzFcXHUwNDRiXFx1MDQzYiBcXHUwNDQzXFx1MDQ0MVxcdTA0M2ZcXHUwNDM1XFx1MDQ0OFxcdTA0M2RcXHUwNDNlIFxcdTA0MzhcXHUwNDM3XFx1MDQzY1xcdTA0MzVcXHUwNDNkXFx1MDQzNVxcdTA0M2QuXCJdLFtcIl9fanNvbl9tZXNzYWdlXCIsMCwyNSxcIlxcdTA0MThcXHUwNDQxXFx1MDQ0MVxcdTA0M2JcXHUwNDM1XFx1MDQzNFxcdTA0M2VcXHUwNDMyXFx1MDQzMFxcdTA0NDJcXHUwNDM1XFx1MDQzYlxcdTA0NGNcXHUwNDQxXFx1MDQzYVxcdTA0MzhcXHUwNDM5IFxcdTA0NDZcXHUwNDM1XFx1MDQzZFxcdTA0NDJcXHUwNDQwIFxcXCJcXHUwNDFjXFx1MDQxNFxcdTA0MjYgXFxcIlxcdTA0MjBcXHUwNDRkXFx1MDQzY1xcdTA0NDFcXHUwNDM4IFxcdTA0MTRcXHUwNDM4XFx1MDQzMFxcdTA0MzNcXHUwNDNkXFx1MDQzZVxcdTA0NDFcXHUwNDQyXFx1MDQzOFxcdTA0M2FcXHUwNDMwXFxcIlxcXCIgXFx1MDQzMVxcdTA0NGJcXHUwNDNiIFxcdTA0NDNcXHUwNDQxXFx1MDQzZlxcdTA0MzVcXHUwNDQ4XFx1MDQzZFxcdTA0M2UgXFx1MDQzOFxcdTA0MzdcXHUwNDNjXFx1MDQzNVxcdTA0M2RcXHUwNDM1XFx1MDQzZC5cIl0sW1wiX19qc29uX21lc3NhZ2VcIiwwLDI1LFwiYmFubmVyIFxcXCIoQmFubmVyQmxvY2spIFxcdTA0M2ZcXHUwNDM1XFx1MDQ0MFxcdTA0MzJcXHUwNDRiXFx1MDQzOVxcXCIgXFx1MDQzMVxcdTA0NGJcXHUwNDNiIFxcdTA0NDNcXHUwNDQxXFx1MDQzZlxcdTA0MzVcXHUwNDQ4XFx1MDQzZFxcdTA0M2UgXFx1MDQzOFxcdTA0MzdcXHUwNDNjXFx1MDQzNVxcdTA0M2RcXHUwNDM1XFx1MDQzZC5cIl0sW1wiX19qc29uX21lc3NhZ2VcIiwwLDI1LFwiYmFubmVyIFxcXCIoQmFubmVyQmxvY2spIFxcdTA0M2ZcXHUwNDM1XFx1MDQ0MFxcdTA0MzJcXHUwNDRiXFx1MDQzOVxcXCIgXFx1MDQzMVxcdTA0NGJcXHUwNDNiIFxcdTA0NDNcXHUwNDQxXFx1MDQzZlxcdTA0MzVcXHUwNDQ4XFx1MDQzZFxcdTA0M2UgXFx1MDQzOFxcdTA0MzdcXHUwNDNjXFx1MDQzNVxcdTA0M2RcXHUwNDM1XFx1MDQzZC5cIl0sW1wiX19qc29uX21lc3NhZ2VcIiwwLDI1LFwiYmFubmVyIFxcXCIoQmFubmVyQmxvY2spIFxcdTA0M2ZcXHUwNDM1XFx1MDQ0MFxcdTA0MzJcXHUwNDRiXFx1MDQzOVxcXCIgXFx1MDQzMVxcdTA0NGJcXHUwNDNiIFxcdTA0NDNcXHUwNDQxXFx1MDQzZlxcdTA0MzVcXHUwNDQ4XFx1MDQzZFxcdTA0M2UgXFx1MDQzOFxcdTA0MzdcXHUwNDNjXFx1MDQzNVxcdTA0M2RcXHUwNDM1XFx1MDQzZC5cIl0sW1wiX19qc29uX21lc3NhZ2VcIiwwLDI1LFwiXFx1MDQxMFxcdTA0M2FcXHUwNDQ2XFx1MDQzOFxcdTA0NGYgXFxcIlxcdTA0MTBcXHUwNDFhXFx1MDQyNlxcdTA0MThcXHUwNDJmISBcXHUwNDEyXFx1MDQxNVxcdTA0MjBcXHUwNDFkXFx1MDQxNVxcdTA0MWMgMTAwIFxcdTA0NDAuIFxcdTA0M2RcXHUwNDMwIFxcdTA0NDFcXHUwNDQ3XFx1MDQzNVxcdTA0NDIgXFx1MDQzY1xcdTA0M2VcXHUwNDMxXFx1MDQzOFxcdTA0M2JcXHUwNDRjXFx1MDQzZFxcdTA0M2VcXHUwNDMzXFx1MDQzZVxcXCIgXFx1MDQzMVxcdTA0NGJcXHUwNDNiIFxcdTA0NDNcXHUwNDQxXFx1MDQzZlxcdTA0MzVcXHUwNDQ4XFx1MDQzZFxcdTA0M2UgXFx1MDQzOFxcdTA0MzdcXHUwNDNjXFx1MDQzNVxcdTA0M2RcXHUwNDM1XFx1MDQzZC5cIl0sW1wiX19qc29uX21lc3NhZ2VcIiwwLDI1LFwiXFx1MDQxMFxcdTA0M2FcXHUwNDQ2XFx1MDQzOFxcdTA0NGYgXFxcIlxcdTA0MTBcXHUwNDFhXFx1MDQyNlxcdTA0MThcXHUwNDJmISBcXHUwNDEyXFx1MDQxNVxcdTA0MjBcXHUwNDFkXFx1MDQxNVxcdTA0MWMgMTAwIFxcdTA0NDAuIFxcdTA0M2RcXHUwNDMwIFxcdTA0NDFcXHUwNDQ3XFx1MDQzNVxcdTA0NDIgXFx1MDQzY1xcdTA0M2VcXHUwNDMxXFx1MDQzOFxcdTA0M2JcXHUwNDRjXFx1MDQzZFxcdTA0M2VcXHUwNDMzXFx1MDQzZSBcXHUwNDQyXFx1MDQzNVxcdTA0M2JcXHUwNDM1XFx1MDQ0NFxcdTA0M2VcXHUwNDNkXFx1MDQzMFxcXCIgXFx1MDQzMVxcdTA0NGJcXHUwNDNiIFxcdTA0NDNcXHUwNDQxXFx1MDQzZlxcdTA0MzVcXHUwNDQ4XFx1MDQzZFxcdTA0M2UgXFx1MDQzOFxcdTA0MzdcXHUwNDNjXFx1MDQzNVxcdTA0M2RcXHUwNDM1XFx1MDQzZC5cIl0sW1wiX19qc29uX21lc3NhZ2VcIiwwLDI1LFwiYmFubmVyIFxcXCIoQmFubmVyQmxvY2spIFxcdTA0M2ZcXHUwNDM1XFx1MDQ0MFxcdTA0MzJcXHUwNDRiXFx1MDQzOVxcXCIgXFx1MDQzMVxcdTA0NGJcXHUwNDNiIFxcdTA0NDNcXHUwNDQxXFx1MDQzZlxcdTA0MzVcXHUwNDQ4XFx1MDQzZFxcdTA0M2UgXFx1MDQzOFxcdTA0MzdcXHUwNDNjXFx1MDQzNVxcdTA0M2RcXHUwNDM1XFx1MDQzZC5cIl0sW1wiX19qc29uX21lc3NhZ2VcIiwwLDI1LFwiXFx1MDQxOFxcdTA0NDFcXHUwNDQxXFx1MDQzYlxcdTA0MzVcXHUwNDM0XFx1MDQzZVxcdTA0MzJcXHUwNDMwXFx1MDQ0MlxcdTA0MzVcXHUwNDNiXFx1MDQ0Y1xcdTA0NDFcXHUwNDNhXFx1MDQzOFxcdTA0MzkgXFx1MDQ0NlxcdTA0MzVcXHUwNDNkXFx1MDQ0MlxcdTA0NDAgXFxcIlxcdTA0MTNcXHUwNDIzXFx1MDQxZiBcXHUwMGFiXFx1MDQxMlxcdTA0M2VcXHUwNDM0XFx1MDQzZVxcdTA0M2FcXHUwNDMwXFx1MDQzZFxcdTA0MzBcXHUwNDNiIFxcdTA0MjFcXHUwNDMwXFx1MDQzZFxcdTA0M2FcXHUwNDQyLVxcdTA0MWZcXHUwNDM1XFx1MDQ0MlxcdTA0MzVcXHUwNDQwXFx1MDQzMVxcdTA0NDNcXHUwNDQwXFx1MDQzM1xcdTA0MzBcXHUwMGJiXFxcIiBcXHUwNDMxXFx1MDQ0YlxcdTA0M2IgXFx1MDQ0M1xcdTA0NDFcXHUwNDNmXFx1MDQzNVxcdTA0NDhcXHUwNDNkXFx1MDQzZSBcXHUwNDM4XFx1MDQzN1xcdTA0M2NcXHUwNDM1XFx1MDQzZFxcdTA0MzVcXHUwNDNkLlwiXSxbXCJfX2pzb25fbWVzc2FnZVwiLDAsMjUsXCJcXHUwNDE4XFx1MDQ0MVxcdTA0NDFcXHUwNDNiXFx1MDQzNVxcdTA0MzRcXHUwNDNlXFx1MDQzMlxcdTA0MzBcXHUwNDQyXFx1MDQzNVxcdTA0M2JcXHUwNDRjXFx1MDQ0MVxcdTA0M2FcXHUwNDM4XFx1MDQzOSBcXHUwNDQ2XFx1MDQzNVxcdTA0M2RcXHUwNDQyXFx1MDQ0MCBcXFwiXFx1MDQxY1xcdTA0MjYgXFx1MDQxY1xcdTA0MjBcXHUwNDIyXFxcIiBcXHUwNDMxXFx1MDQ0YlxcdTA0M2IgXFx1MDQ0M1xcdTA0NDFcXHUwNDNmXFx1MDQzNVxcdTA0NDhcXHUwNDNkXFx1MDQzZSBcXHUwNDM4XFx1MDQzN1xcdTA0M2NcXHUwNDM1XFx1MDQzZFxcdTA0MzVcXHUwNDNkLlwiXSxbXCJfX2pzb25fbWVzc2FnZVwiLDAsMjUsXCJcXHUwNDQyXFx1MDQzNVxcdTA0M2FcXHUwNDQxXFx1MDQ0MlxcdTA0M2VcXHUwNDMyXFx1MDQzMFxcdTA0NGYgXFx1MDQ0MVxcdTA0NDJcXHUwNDQwXFx1MDQzMFxcdTA0M2RcXHUwNDM4XFx1MDQ0NlxcdTA0MzAgXFxcIlxcdTA0MWNcXHUwNDIwXFx1MDQyMiBcXHUwNDQ4XFx1MDQzNVxcdTA0MzlcXHUwNDNkXFx1MDQzZVxcdTA0MzNcXHUwNDNlIFxcdTA0M2VcXHUwNDQyXFx1MDQzNFxcdTA0MzVcXHUwNDNiXFx1MDQzMFxcXCIgXFx1MDQzMVxcdTA0NGJcXHUwNDNiIFxcdTA0NDNcXHUwNDQxXFx1MDQzZlxcdTA0MzVcXHUwNDQ4XFx1MDQzZFxcdTA0M2UgXFx1MDQzOFxcdTA0MzdcXHUwNDNjXFx1MDQzNVxcdTA0M2RcXHUwNDM1XFx1MDQzZC5cIl0sW1wiX19qc29uX21lc3NhZ2VcIiwwLDI1LFwiXFx1MDQxOFxcdTA0NDFcXHUwNDQxXFx1MDQzYlxcdTA0MzVcXHUwNDM0XFx1MDQzZVxcdTA0MzJcXHUwNDMwXFx1MDQ0MlxcdTA0MzVcXHUwNDNiXFx1MDQ0Y1xcdTA0NDFcXHUwNDNhXFx1MDQzOFxcdTA0MzkgXFx1MDQ0NlxcdTA0MzVcXHUwNDNkXFx1MDQ0MlxcdTA0NDAgXFxcIlxcdTA0MWNcXHUwNDI2IFxcdTA0MWNcXHUwNDIwXFx1MDQyMlxcXCIgXFx1MDQzMVxcdTA0NGJcXHUwNDNiIFxcdTA0NDNcXHUwNDQxXFx1MDQzZlxcdTA0MzVcXHUwNDQ4XFx1MDQzZFxcdTA0M2UgXFx1MDQzOFxcdTA0MzdcXHUwNDNjXFx1MDQzNVxcdTA0M2RcXHUwNDM1XFx1MDQzZC5cIl0sW1wiX19qc29uX21lc3NhZ2VcIiwwLDI1LFwiXFx1MDQxOFxcdTA0NDFcXHUwNDQxXFx1MDQzYlxcdTA0MzVcXHUwNDM0XFx1MDQzZVxcdTA0MzJcXHUwNDMwXFx1MDQ0MlxcdTA0MzVcXHUwNDNiXFx1MDQ0Y1xcdTA0NDFcXHUwNDNhXFx1MDQzOFxcdTA0MzkgXFx1MDQ0NlxcdTA0MzVcXHUwNDNkXFx1MDQ0MlxcdTA0NDAgXFxcIlxcdTA0MWNcXHUwNDI2IFxcdTA0MWNcXHUwNDIwXFx1MDQyMlxcXCIgXFx1MDQzMVxcdTA0NGJcXHUwNDNiIFxcdTA0NDNcXHUwNDQxXFx1MDQzZlxcdTA0MzVcXHUwNDQ4XFx1MDQzZFxcdTA0M2UgXFx1MDQzOFxcdTA0MzdcXHUwNDNjXFx1MDQzNVxcdTA0M2RcXHUwNDM1XFx1MDQzZC5cIl0sW1wiX19qc29uX21lc3NhZ2VcIiwwLDI1LFwiXFx1MDQxOFxcdTA0NDFcXHUwNDQxXFx1MDQzYlxcdTA0MzVcXHUwNDM0XFx1MDQzZVxcdTA0MzJcXHUwNDMwXFx1MDQ0MlxcdTA0MzVcXHUwNDNiXFx1MDQ0Y1xcdTA0NDFcXHUwNDNhXFx1MDQzOFxcdTA0MzkgXFx1MDQ0NlxcdTA0MzVcXHUwNDNkXFx1MDQ0MlxcdTA0NDAgXFxcIlxcdTA0MWNcXHUwNDI2IFxcdTA0MWNcXHUwNDEwXFx1MDQyMFxcdTA0MjJcXFwiIFxcdTA0MzFcXHUwNDRiXFx1MDQzYiBcXHUwNDQzXFx1MDQ0MVxcdTA0M2ZcXHUwNDM1XFx1MDQ0OFxcdTA0M2RcXHUwNDNlIFxcdTA0MzhcXHUwNDM3XFx1MDQzY1xcdTA0MzVcXHUwNDNkXFx1MDQzNVxcdTA0M2QuXCJdLFtcIl9fanNvbl9tZXNzYWdlXCIsMCwyNSxcIlxcdTA0MThcXHUwNDQxXFx1MDQ0MVxcdTA0M2JcXHUwNDM1XFx1MDQzNFxcdTA0M2VcXHUwNDMyXFx1MDQzMFxcdTA0NDJcXHUwNDM1XFx1MDQzYlxcdTA0NGNcXHUwNDQxXFx1MDQzYVxcdTA0MzhcXHUwNDM5IFxcdTA0NDZcXHUwNDM1XFx1MDQzZFxcdTA0NDJcXHUwNDQwIFxcXCJcXHUwNDFjXFx1MDQyNiBcXHUwNDFjXFx1MDQxMFxcdTA0MjBcXHUwNDIyXFxcIiBcXHUwNDMxXFx1MDQ0YlxcdTA0M2IgXFx1MDQ0M1xcdTA0NDFcXHUwNDNmXFx1MDQzNVxcdTA0NDhcXHUwNDNkXFx1MDQzZSBcXHUwNDM4XFx1MDQzN1xcdTA0M2NcXHUwNDM1XFx1MDQzZFxcdTA0MzVcXHUwNDNkLlwiXSxbXCJfX2pzb25fbWVzc2FnZVwiLDAsMjUsXCJcXHUwNDE4XFx1MDQ0MVxcdTA0NDFcXHUwNDNiXFx1MDQzNVxcdTA0MzRcXHUwNDNlXFx1MDQzMlxcdTA0MzBcXHUwNDQyXFx1MDQzNVxcdTA0M2JcXHUwNDRjXFx1MDQ0MVxcdTA0M2FcXHUwNDM4XFx1MDQzOSBcXHUwNDQ2XFx1MDQzNVxcdTA0M2RcXHUwNDQyXFx1MDQ0MCBcXFwiXFx1MDQxY1xcdTA0MjYgXFx1MDQxY1xcdTA0MTBcXHUwNDIwXFx1MDQyMlxcXCIgXFx1MDQzMVxcdTA0NGJcXHUwNDNiIFxcdTA0NDNcXHUwNDQxXFx1MDQzZlxcdTA0MzVcXHUwNDQ4XFx1MDQzZFxcdTA0M2UgXFx1MDQzOFxcdTA0MzdcXHUwNDNjXFx1MDQzNVxcdTA0M2RcXHUwNDM1XFx1MDQzZC5cIl0sW1wiX19qc29uX21lc3NhZ2VcIiwwLDI1LFwiXFx1MDQxY1xcdTA0MzVcXHUwNDNkXFx1MDQ0ZSBcXFwidXNsdWdpXFxcIiBcXHUwNDMxXFx1MDQ0YlxcdTA0M2IgXFx1MDQ0M1xcdTA0NDFcXHUwNDNmXFx1MDQzNVxcdTA0NDhcXHUwNDNkXFx1MDQzZSBcXHUwNDM4XFx1MDQzN1xcdTA0M2NcXHUwNDM1XFx1MDQzZFxcdTA0MzVcXHUwNDNkLlwiXSxbXCJfX2pzb25fbWVzc2FnZVwiLDAsMjUsXCJcXHUwNDFjXFx1MDQzNVxcdTA0M2RcXHUwNDRlIFxcXCJ1c2x1Z2lcXFwiIFxcdTA0MzFcXHUwNDRiXFx1MDQzYiBcXHUwNDQzXFx1MDQ0MVxcdTA0M2ZcXHUwNDM1XFx1MDQ0OFxcdTA0M2RcXHUwNDNlIFxcdTA0MzhcXHUwNDM3XFx1MDQzY1xcdTA0MzVcXHUwNDNkXFx1MDQzNVxcdTA0M2QuXCJdLFtcIl9fanNvbl9tZXNzYWdlXCIsMCwyNSxcIlxcdTA0MWNcXHUwNDM1XFx1MDQzZFxcdTA0NGUgXFxcInVzbHVnaVxcXCIgXFx1MDQzMVxcdTA0NGJcXHUwNDNiIFxcdTA0NDNcXHUwNDQxXFx1MDQzZlxcdTA0MzVcXHUwNDQ4XFx1MDQzZFxcdTA0M2UgXFx1MDQzOFxcdTA0MzdcXHUwNDNjXFx1MDQzNVxcdTA0M2RcXHUwNDM1XFx1MDQzZC5cIl0sW1wiX19qc29uX21lc3NhZ2VcIiwwLDI1LFwiXFx1MDQxY1xcdTA0MzVcXHUwNDNkXFx1MDQ0ZSBcXFwidXNsdWdpXFxcIiBcXHUwNDMxXFx1MDQ0YlxcdTA0M2IgXFx1MDQ0M1xcdTA0NDFcXHUwNDNmXFx1MDQzNVxcdTA0NDhcXHUwNDNkXFx1MDQzZSBcXHUwNDM4XFx1MDQzN1xcdTA0M2NcXHUwNDM1XFx1MDQzZFxcdTA0MzVcXHUwNDNkLlwiXSxbXCJfX2pzb25fbWVzc2FnZVwiLDAsMjUsXCJcXHUwNDFjXFx1MDQzNVxcdTA0M2RcXHUwNDRlIFxcXCJ1c2x1Z2lcXFwiIFxcdTA0MzFcXHUwNDRiXFx1MDQzYiBcXHUwNDQzXFx1MDQ0MVxcdTA0M2ZcXHUwNDM1XFx1MDQ0OFxcdTA0M2RcXHUwNDNlIFxcdTA0MzhcXHUwNDM3XFx1MDQzY1xcdTA0MzVcXHUwNDNkXFx1MDQzNVxcdTA0M2QuXCJdLFtcIl9fanNvbl9tZXNzYWdlXCIsMCwyNSxcIlxcdTA0MWNcXHUwNDM1XFx1MDQzZFxcdTA0NGUgXFxcInVzbHVnaVxcXCIgXFx1MDQzMVxcdTA0NGJcXHUwNDNiIFxcdTA0NDNcXHUwNDQxXFx1MDQzZlxcdTA0MzVcXHUwNDQ4XFx1MDQzZFxcdTA0M2UgXFx1MDQzOFxcdTA0MzdcXHUwNDNjXFx1MDQzNVxcdTA0M2RcXHUwNDM1XFx1MDQzZC5cIl0sW1wiX19qc29uX21lc3NhZ2VcIiwwLDI1LFwiXFx1MDQxY1xcdTA0MzVcXHUwNDNkXFx1MDQ0ZSBcXFwidXNsdWdpXFxcIiBcXHUwNDMxXFx1MDQ0YlxcdTA0M2IgXFx1MDQ0M1xcdTA0NDFcXHUwNDNmXFx1MDQzNVxcdTA0NDhcXHUwNDNkXFx1MDQzZSBcXHUwNDM4XFx1MDQzN1xcdTA0M2NcXHUwNDM1XFx1MDQzZFxcdTA0MzVcXHUwNDNkLlwiXSxbXCJfX2pzb25fbWVzc2FnZVwiLDAsMjUsXCJcXHUwNDFjXFx1MDQzNVxcdTA0M2RcXHUwNDRlIFxcXCJ1c2x1Z2lcXFwiIFxcdTA0MzFcXHUwNDRiXFx1MDQzYiBcXHUwNDQzXFx1MDQ0MVxcdTA0M2ZcXHUwNDM1XFx1MDQ0OFxcdTA0M2RcXHUwNDNlIFxcdTA0MzhcXHUwNDM3XFx1MDQzY1xcdTA0MzVcXHUwNDNkXFx1MDQzNVxcdTA0M2QuXCJdLFtcIl9fanNvbl9tZXNzYWdlXCIsMCwyNSxcIlxcdTA0MWNcXHUwNDM1XFx1MDQzZFxcdTA0NGUgXFxcInVzbHVnaVxcXCIgXFx1MDQzMVxcdTA0NGJcXHUwNDNiIFxcdTA0NDNcXHUwNDQxXFx1MDQzZlxcdTA0MzVcXHUwNDQ4XFx1MDQzZFxcdTA0M2UgXFx1MDQzOFxcdTA0MzdcXHUwNDNjXFx1MDQzNVxcdTA0M2RcXHUwNDM1XFx1MDQzZC5cIl0sW1wiX19qc29uX21lc3NhZ2VcIiwwLDI1LFwiXFx1MDQ0MlxcdTA0MzVcXHUwNDNhXFx1MDQ0MVxcdTA0NDJcXHUwNDNlXFx1MDQzMlxcdTA0MzBcXHUwNDRmIFxcdTA0NDFcXHUwNDQyXFx1MDQ0MFxcdTA0MzBcXHUwNDNkXFx1MDQzOFxcdTA0NDZcXHUwNDMwIFxcXCJcXHUwNDFlXFx1MDQyMlxcdTA0MTdcXHUwNDJiXFx1MDQxMlxcdTA0MmJcXFwiIFxcdTA0MzFcXHUwNDRiXFx1MDQzYiBcXHUwNDQzXFx1MDQ0MVxcdTA0M2ZcXHUwNDM1XFx1MDQ0OFxcdTA0M2RcXHUwNDNlIFxcdTA0MzRcXHUwNDNlXFx1MDQzMVxcdTA0MzBcXHUwNDMyXFx1MDQzYlxcdTA0MzVcXHUwNDNkLlwiXSxbXCJfX2pzb25fbWVzc2FnZVwiLDAsMjUsXCJcXHUwNDQyXFx1MDQzNVxcdTA0M2FcXHUwNDQxXFx1MDQ0MlxcdTA0M2VcXHUwNDMyXFx1MDQzMFxcdTA0NGYgXFx1MDQ0MVxcdTA0NDJcXHUwNDQwXFx1MDQzMFxcdTA0M2RcXHUwNDM4XFx1MDQ0NlxcdTA0MzAgXFxcIlxcdTA0MWVcXHUwNDQyXFx1MDQzN1xcdTA0NGJcXHUwNDMyXFx1MDQ0YlxcXCIgXFx1MDQzMVxcdTA0NGJcXHUwNDNiIFxcdTA0NDNcXHUwNDQxXFx1MDQzZlxcdTA0MzVcXHUwNDQ4XFx1MDQzZFxcdTA0M2UgXFx1MDQzOFxcdTA0MzdcXHUwNDNjXFx1MDQzNVxcdTA0M2RcXHUwNDM1XFx1MDQzZC5cIl0sW1wiX19qc29uX21lc3NhZ2VcIiwwLDI1LFwiXFx1MDQ0MlxcdTA0MzVcXHUwNDNhXFx1MDQ0MVxcdTA0NDJcXHUwNDNlXFx1MDQzMlxcdTA0MzBcXHUwNDRmIFxcdTA0NDFcXHUwNDQyXFx1MDQ0MFxcdTA0MzBcXHUwNDNkXFx1MDQzOFxcdTA0NDZcXHUwNDMwIFxcXCI0MDRcXFwiIFxcdTA0MzFcXHUwNDRiXFx1MDQzYiBcXHUwNDQzXFx1MDQ0MVxcdTA0M2ZcXHUwNDM1XFx1MDQ0OFxcdTA0M2RcXHUwNDNlIFxcdTA0MzhcXHUwNDM3XFx1MDQzY1xcdTA0MzVcXHUwNDNkXFx1MDQzNVxcdTA0M2QuXCJdXSJ9','2014-07-29 13:14:39'),('y4b1k9u8idysz9dcadvqq8yoni0ar8uu','Yzg1ODI0YjhjYjQxNzdkMjFkN2JlZTkzYzQ3N2ZlYmVjMzczMjMyODp7InNvcnQiOiItY3JlYXRpb25fZGF0ZSJ9','2014-07-22 11:36:25'),('d0rc5jeu2ngrz1vr4lg68ma7sbb6kt04','Yzg1ODI0YjhjYjQxNzdkMjFkN2JlZTkzYzQ3N2ZlYmVjMzczMjMyODp7InNvcnQiOiItY3JlYXRpb25fZGF0ZSJ9','2014-07-22 15:17:01'),('auvb68uizh1kuiqorr4caxekvj6tfs4r','Yzg1ODI0YjhjYjQxNzdkMjFkN2JlZTkzYzQ3N2ZlYmVjMzczMjMyODp7InNvcnQiOiItY3JlYXRpb25fZGF0ZSJ9','2014-07-22 15:54:22'),('k7y7b7xfxpfed63litt19x1anjuagno6','Yzg1ODI0YjhjYjQxNzdkMjFkN2JlZTkzYzQ3N2ZlYmVjMzczMjMyODp7InNvcnQiOiItY3JlYXRpb25fZGF0ZSJ9','2014-07-22 19:28:24'),('a0hf4yezswkxemmyfcf1tadlcifvayd9','Yzg1ODI0YjhjYjQxNzdkMjFkN2JlZTkzYzQ3N2ZlYmVjMzczMjMyODp7InNvcnQiOiItY3JlYXRpb25fZGF0ZSJ9','2014-07-22 20:06:48'),('i2ot80mepa285uw1rqd7lv1czgp0cy2y','Yzg1ODI0YjhjYjQxNzdkMjFkN2JlZTkzYzQ3N2ZlYmVjMzczMjMyODp7InNvcnQiOiItY3JlYXRpb25fZGF0ZSJ9','2014-07-22 20:11:31'),('cfkd7th1v54twcbzu7c3a5bv0bq5fvmm','Yzg1ODI0YjhjYjQxNzdkMjFkN2JlZTkzYzQ3N2ZlYmVjMzczMjMyODp7InNvcnQiOiItY3JlYXRpb25fZGF0ZSJ9','2014-07-23 02:38:39'),('ihsv5aftea9yr2uia0ygn6702zdy0qdu','Yzg1ODI0YjhjYjQxNzdkMjFkN2JlZTkzYzQ3N2ZlYmVjMzczMjMyODp7InNvcnQiOiItY3JlYXRpb25fZGF0ZSJ9','2014-07-23 08:17:00'),('mohwxku14w2ihfsxaakfi721w00bm55j','Yzg1ODI0YjhjYjQxNzdkMjFkN2JlZTkzYzQ3N2ZlYmVjMzczMjMyODp7InNvcnQiOiItY3JlYXRpb25fZGF0ZSJ9','2014-07-23 12:49:01'),('51mym4we99dolx01wn7z3by05rs0ukra','Yzg1ODI0YjhjYjQxNzdkMjFkN2JlZTkzYzQ3N2ZlYmVjMzczMjMyODp7InNvcnQiOiItY3JlYXRpb25fZGF0ZSJ9','2014-07-23 14:50:09'),('xm2ahbezo2yzz3u39nk1wd5viquytm63','Yzg1ODI0YjhjYjQxNzdkMjFkN2JlZTkzYzQ3N2ZlYmVjMzczMjMyODp7InNvcnQiOiItY3JlYXRpb25fZGF0ZSJ9','2014-07-23 15:32:01'),('v3m0b3bwteau6g02sktpfx4ac04uwjpc','Yzg1ODI0YjhjYjQxNzdkMjFkN2JlZTkzYzQ3N2ZlYmVjMzczMjMyODp7InNvcnQiOiItY3JlYXRpb25fZGF0ZSJ9','2014-07-23 16:01:18'),('scdba09rub2cqb2imyazvrakl1q2448c','Yzg1ODI0YjhjYjQxNzdkMjFkN2JlZTkzYzQ3N2ZlYmVjMzczMjMyODp7InNvcnQiOiItY3JlYXRpb25fZGF0ZSJ9','2014-07-23 16:07:43'),('kmweu2rqm9z53caokoimne7c73ek93u5','Yzg1ODI0YjhjYjQxNzdkMjFkN2JlZTkzYzQ3N2ZlYmVjMzczMjMyODp7InNvcnQiOiItY3JlYXRpb25fZGF0ZSJ9','2014-07-23 16:31:44'),('m8fdyue8ljzu70b4ez7eghp0mqc4kxy5','Yzg1ODI0YjhjYjQxNzdkMjFkN2JlZTkzYzQ3N2ZlYmVjMzczMjMyODp7InNvcnQiOiItY3JlYXRpb25fZGF0ZSJ9','2014-07-23 17:00:17'),('l128vfz13dfudq7jlgi14mvreyeds86f','Yzg1ODI0YjhjYjQxNzdkMjFkN2JlZTkzYzQ3N2ZlYmVjMzczMjMyODp7InNvcnQiOiItY3JlYXRpb25fZGF0ZSJ9','2014-07-23 17:01:50'),('o79f4apljuefd8nsuybqsrq08fhs1ddc','Yzg1ODI0YjhjYjQxNzdkMjFkN2JlZTkzYzQ3N2ZlYmVjMzczMjMyODp7InNvcnQiOiItY3JlYXRpb25fZGF0ZSJ9','2014-07-23 17:34:14'),('y4tva9ssl1n0sy774u0arbhdkomkd822','Yzg1ODI0YjhjYjQxNzdkMjFkN2JlZTkzYzQ3N2ZlYmVjMzczMjMyODp7InNvcnQiOiItY3JlYXRpb25fZGF0ZSJ9','2014-07-23 19:57:36'),('e4fwbze71494w1phnscmwy95b1e8ifu1','Yzg1ODI0YjhjYjQxNzdkMjFkN2JlZTkzYzQ3N2ZlYmVjMzczMjMyODp7InNvcnQiOiItY3JlYXRpb25fZGF0ZSJ9','2014-07-23 22:56:22'),('wwda4yd49wzqslw1yd791f6soabkg33p','Yzg1ODI0YjhjYjQxNzdkMjFkN2JlZTkzYzQ3N2ZlYmVjMzczMjMyODp7InNvcnQiOiItY3JlYXRpb25fZGF0ZSJ9','2014-07-24 10:31:03'),('ewlv52cqq6czvdtwvvzc97jls1ml8wcw','Yzg1ODI0YjhjYjQxNzdkMjFkN2JlZTkzYzQ3N2ZlYmVjMzczMjMyODp7InNvcnQiOiItY3JlYXRpb25fZGF0ZSJ9','2014-07-24 10:41:22'),('4vvg0v6c6x4ilj46sko1qds7sosbbeju','Yzg1ODI0YjhjYjQxNzdkMjFkN2JlZTkzYzQ3N2ZlYmVjMzczMjMyODp7InNvcnQiOiItY3JlYXRpb25fZGF0ZSJ9','2014-07-24 15:23:23'),('p4y7vyiqpqi52izjcchptz47q8fcv7e4','ODk5ZjRlMTdhNmYyYmYxNDBhZWU4MWFjZjBmYThmMDU0ZTFlYzhmMjp7InNvcnQiOiItY3JlYXRpb25fZGF0ZSIsIl9hdXRoX3VzZXJfaWQiOjEsIl9hdXRoX3VzZXJfYmFja2VuZCI6ImRqYW5nby5jb250cmliLmF1dGguYmFja2VuZHMuTW9kZWxCYWNrZW5kIiwiX21lc3NhZ2VzIjoiW1tcIl9fanNvbl9tZXNzYWdlXCIsMCwyNSxcIlxcdTA0MWNcXHUwNDM1XFx1MDQzZFxcdTA0NGUgXFxcInVzbHVnaVxcXCIgXFx1MDQ0M1xcdTA0NDFcXHUwNDNmXFx1MDQzNVxcdTA0NDhcXHUwNDNkXFx1MDQzZSBcXHUwNDM4XFx1MDQzN1xcdTA0M2NcXHUwNDM1XFx1MDQzZFxcdTA0MzVcXHUwNDNkLiBcXHUwNDFkXFx1MDQzOFxcdTA0MzZcXHUwNDM1IFxcdTA0MzJcXHUwNDRiIFxcdTA0M2NcXHUwNDNlXFx1MDQzNlxcdTA0MzVcXHUwNDQyXFx1MDQzNSBcXHUwNDQwXFx1MDQzNVxcdTA0MzRcXHUwNDMwXFx1MDQzYVxcdTA0NDJcXHUwNDM4XFx1MDQ0MFxcdTA0M2VcXHUwNDMyXFx1MDQzMFxcdTA0NDJcXHUwNDRjIFxcdTA0NDFcXHUwNDNkXFx1MDQzZVxcdTA0MzJcXHUwNDMwLlwiXSxbXCJfX2pzb25fbWVzc2FnZVwiLDAsMjUsXCJcXHUwNDFjXFx1MDQzNVxcdTA0M2RcXHUwNDRlIFxcXCJ1c2x1Z2lcXFwiIFxcdTA0NDNcXHUwNDQxXFx1MDQzZlxcdTA0MzVcXHUwNDQ4XFx1MDQzZFxcdTA0M2UgXFx1MDQzOFxcdTA0MzdcXHUwNDNjXFx1MDQzNVxcdTA0M2RcXHUwNDM1XFx1MDQzZC4gXFx1MDQxZFxcdTA0MzhcXHUwNDM2XFx1MDQzNSBcXHUwNDMyXFx1MDQ0YiBcXHUwNDNjXFx1MDQzZVxcdTA0MzZcXHUwNDM1XFx1MDQ0MlxcdTA0MzUgXFx1MDQ0MFxcdTA0MzVcXHUwNDM0XFx1MDQzMFxcdTA0M2FcXHUwNDQyXFx1MDQzOFxcdTA0NDBcXHUwNDNlXFx1MDQzMlxcdTA0MzBcXHUwNDQyXFx1MDQ0YyBcXHUwNDQxXFx1MDQzZFxcdTA0M2VcXHUwNDMyXFx1MDQzMC5cIl1dIn0=','2014-07-02 23:29:29'),('245u3f5ac876chr8xdanrqeqbaogtec0','Yzg1ODI0YjhjYjQxNzdkMjFkN2JlZTkzYzQ3N2ZlYmVjMzczMjMyODp7InNvcnQiOiItY3JlYXRpb25fZGF0ZSJ9','2014-07-02 17:18:06'),('vh389qmszpnv96odiup6dm077agf1bfy','Yzg1ODI0YjhjYjQxNzdkMjFkN2JlZTkzYzQ3N2ZlYmVjMzczMjMyODp7InNvcnQiOiItY3JlYXRpb25fZGF0ZSJ9','2014-07-03 09:31:22'),('lydxaqmcgjn6v4oyay5wumu1hu7bylp8','Yzg1ODI0YjhjYjQxNzdkMjFkN2JlZTkzYzQ3N2ZlYmVjMzczMjMyODp7InNvcnQiOiItY3JlYXRpb25fZGF0ZSJ9','2014-07-03 10:41:34'),('f59e0kneh9pz7xzgxljtzrdj0cw9f4qu','Yzg1ODI0YjhjYjQxNzdkMjFkN2JlZTkzYzQ3N2ZlYmVjMzczMjMyODp7InNvcnQiOiItY3JlYXRpb25fZGF0ZSJ9','2014-07-03 14:10:57'),('e4xgogp08mzw3un3u7la4ne13nshigvj','Yzg1ODI0YjhjYjQxNzdkMjFkN2JlZTkzYzQ3N2ZlYmVjMzczMjMyODp7InNvcnQiOiItY3JlYXRpb25fZGF0ZSJ9','2014-06-20 23:51:12'),('jbgh3b58hefd16bq7d27iltu7abuwvkl','ODc1MGEwZDAwNWRiOTQyYzY0N2E2OWRmZDQ3ODhjYjNmZGVhYjM0ODp7InNvcnQiOiItY3JlYXRpb25fZGF0ZSIsImZpbGVyX2xhc3RfZm9sZGVyX2lkIjpudWxsLCJfYXV0aF91c2VyX2lkIjoxLCJfYXV0aF91c2VyX2JhY2tlbmQiOiJkamFuZ28uY29udHJpYi5hdXRoLmJhY2tlbmRzLk1vZGVsQmFja2VuZCJ9','2014-07-01 18:51:30'),('q0lj8tzvyugnw28f7n2it6gebwbfw7qk','Yzg1ODI0YjhjYjQxNzdkMjFkN2JlZTkzYzQ3N2ZlYmVjMzczMjMyODp7InNvcnQiOiItY3JlYXRpb25fZGF0ZSJ9','2014-06-21 08:46:03'),('x3h3dj1mknjg96hzfeovumm0obunsogj','Yzg1ODI0YjhjYjQxNzdkMjFkN2JlZTkzYzQ3N2ZlYmVjMzczMjMyODp7InNvcnQiOiItY3JlYXRpb25fZGF0ZSJ9','2014-06-21 14:04:05'),('z9whxk7ofbofrlnbgd5bh3sr17kcbgv3','Yzg1ODI0YjhjYjQxNzdkMjFkN2JlZTkzYzQ3N2ZlYmVjMzczMjMyODp7InNvcnQiOiItY3JlYXRpb25fZGF0ZSJ9','2014-06-21 14:05:11'),('akpk77jr6f8tbr20s8npklp81heoybs6','Yzg1ODI0YjhjYjQxNzdkMjFkN2JlZTkzYzQ3N2ZlYmVjMzczMjMyODp7InNvcnQiOiItY3JlYXRpb25fZGF0ZSJ9','2014-06-21 15:57:15'),('x0nij9ca58cnuk646t2mi7a5nu70kliy','Yzg1ODI0YjhjYjQxNzdkMjFkN2JlZTkzYzQ3N2ZlYmVjMzczMjMyODp7InNvcnQiOiItY3JlYXRpb25fZGF0ZSJ9','2014-06-21 21:15:16'),('gt4pjr5gxnxqv7qlrdff0s103dimk4v1','Yzg1ODI0YjhjYjQxNzdkMjFkN2JlZTkzYzQ3N2ZlYmVjMzczMjMyODp7InNvcnQiOiItY3JlYXRpb25fZGF0ZSJ9','2014-06-23 08:02:17'),('aunjf01c7betiypb4kg511w3vmcelcrl','Yzg1ODI0YjhjYjQxNzdkMjFkN2JlZTkzYzQ3N2ZlYmVjMzczMjMyODp7InNvcnQiOiItY3JlYXRpb25fZGF0ZSJ9','2014-07-02 10:31:34'),('cdnzt4qe3ziezf4lf7pigaor8m59ipdp','Yzg1ODI0YjhjYjQxNzdkMjFkN2JlZTkzYzQ3N2ZlYmVjMzczMjMyODp7InNvcnQiOiItY3JlYXRpb25fZGF0ZSJ9','2014-06-23 11:13:10'),('miugaxqw3oxltfb0h05nx8irgaed9l9a','NDJhMGNjZjgzMTM1OTUzOWJjY2Q3ZTA1OTMxODZjNjBkNmIyZDM3Mzp7InNvcnQiOiItY3JlYXRpb25fZGF0ZSIsIl9hdXRoX3VzZXJfaWQiOjEsIl9hdXRoX3VzZXJfYmFja2VuZCI6ImRqYW5nby5jb250cmliLmF1dGguYmFja2VuZHMuTW9kZWxCYWNrZW5kIiwiX21lc3NhZ2VzIjoiW1tcIl9fanNvbl9tZXNzYWdlXCIsMCwyNSxcIlxcdTA0MThcXHUwNDQxXFx1MDQ0MVxcdTA0M2JcXHUwNDM1XFx1MDQzNFxcdTA0M2VcXHUwNDMyXFx1MDQzMFxcdTA0NDJcXHUwNDM1XFx1MDQzYlxcdTA0NGNcXHUwNDQxXFx1MDQzYVxcdTA0MzhcXHUwNDM5IFxcdTA0NDZcXHUwNDM1XFx1MDQzZFxcdTA0NDJcXHUwNDQwIFxcXCJ0ZXN0M1xcXCIgXFx1MDQzMVxcdTA0NGJcXHUwNDNiIFxcdTA0NDNcXHUwNDQxXFx1MDQzZlxcdTA0MzVcXHUwNDQ4XFx1MDQzZFxcdTA0M2UgXFx1MDQzOFxcdTA0MzdcXHUwNDNjXFx1MDQzNVxcdTA0M2RcXHUwNDM1XFx1MDQzZC5cIl0sW1wiX19qc29uX21lc3NhZ2VcIiwwLDI1LFwiXFx1MDQxOFxcdTA0NDFcXHUwNDQxXFx1MDQzYlxcdTA0MzVcXHUwNDM0XFx1MDQzZVxcdTA0MzJcXHUwNDMwXFx1MDQ0MlxcdTA0MzVcXHUwNDNiXFx1MDQ0Y1xcdTA0NDFcXHUwNDNhXFx1MDQzOFxcdTA0MzkgXFx1MDQ0NlxcdTA0MzVcXHUwNDNkXFx1MDQ0MlxcdTA0NDAgXFxcInRlc3QzXFxcIiBcXHUwNDMxXFx1MDQ0YlxcdTA0M2IgXFx1MDQ0M1xcdTA0NDFcXHUwNDNmXFx1MDQzNVxcdTA0NDhcXHUwNDNkXFx1MDQzZSBcXHUwNDM4XFx1MDQzN1xcdTA0M2NcXHUwNDM1XFx1MDQzZFxcdTA0MzVcXHUwNDNkLlwiXSxbXCJfX2pzb25fbWVzc2FnZVwiLDAsMjUsXCJcXHUwNDE4XFx1MDQ0MVxcdTA0NDFcXHUwNDNiXFx1MDQzNVxcdTA0MzRcXHUwNDNlXFx1MDQzMlxcdTA0MzBcXHUwNDQyXFx1MDQzNVxcdTA0M2JcXHUwNDRjXFx1MDQ0MVxcdTA0M2FcXHUwNDM4XFx1MDQzOSBcXHUwNDQ2XFx1MDQzNVxcdTA0M2RcXHUwNDQyXFx1MDQ0MCBcXFwidGVzdDNcXFwiIFxcdTA0MzFcXHUwNDRiXFx1MDQzYiBcXHUwNDQzXFx1MDQ0MVxcdTA0M2ZcXHUwNDM1XFx1MDQ0OFxcdTA0M2RcXHUwNDNlIFxcdTA0MzhcXHUwNDM3XFx1MDQzY1xcdTA0MzVcXHUwNDNkXFx1MDQzNVxcdTA0M2QuXCJdLFtcIl9fanNvbl9tZXNzYWdlXCIsMCwyNSxcInRpdGxlIGFuZCB0ZXh0IFxcXCIoVGl0bGVBbmRUZXh0QmxvY2spIGZvb3Rlcl9ibG9ja1xcXCIgXFx1MDQzMVxcdTA0NGJcXHUwNDNiIFxcdTA0NDNcXHUwNDQxXFx1MDQzZlxcdTA0MzVcXHUwNDQ4XFx1MDQzZFxcdTA0M2UgXFx1MDQzOFxcdTA0MzdcXHUwNDNjXFx1MDQzNVxcdTA0M2RcXHUwNDM1XFx1MDQzZC5cIl0sW1wiX19qc29uX21lc3NhZ2VcIiwwLDI1LFwidGl0bGUgYW5kIHRleHQgXFxcIihUaXRsZUFuZFRleHRCbG9jaykgZm9vdGVyX2Jsb2NrXFxcIiBcXHUwNDMxXFx1MDQ0YlxcdTA0M2IgXFx1MDQ0M1xcdTA0NDFcXHUwNDNmXFx1MDQzNVxcdTA0NDhcXHUwNDNkXFx1MDQzZSBcXHUwNDM4XFx1MDQzN1xcdTA0M2NcXHUwNDM1XFx1MDQzZFxcdTA0MzVcXHUwNDNkLlwiXSxbXCJfX2pzb25fbWVzc2FnZVwiLDAsMjUsXCJTRU8gKFBhdGgpIFxcXCIvXFxcIiBcXHUwNDMxXFx1MDQ0YlxcdTA0M2IgXFx1MDQ0M1xcdTA0NDFcXHUwNDNmXFx1MDQzNVxcdTA0NDhcXHUwNDNkXFx1MDQzZSBcXHUwNDM0XFx1MDQzZVxcdTA0MzFcXHUwNDMwXFx1MDQzMlxcdTA0M2JcXHUwNDM1XFx1MDQzZC5cIl0sW1wiX19qc29uX21lc3NhZ2VcIiwwLDI1LFwiU0VPIChQYXRoKSBcXFwiL1xcXCIgXFx1MDQzMVxcdTA0NGJcXHUwNDNiIFxcdTA0NDNcXHUwNDQxXFx1MDQzZlxcdTA0MzVcXHUwNDQ4XFx1MDQzZFxcdTA0M2UgXFx1MDQzOFxcdTA0MzdcXHUwNDNjXFx1MDQzNVxcdTA0M2RcXHUwNDM1XFx1MDQzZC5cIl0sW1wiX19qc29uX21lc3NhZ2VcIiwwLDI1LFwiU0VPIChQYXRoKSBcXFwiL1xcXCIgXFx1MDQzMVxcdTA0NGJcXHUwNDNiIFxcdTA0NDNcXHUwNDQxXFx1MDQzZlxcdTA0MzVcXHUwNDQ4XFx1MDQzZFxcdTA0M2UgXFx1MDQzOFxcdTA0MzdcXHUwNDNjXFx1MDQzNVxcdTA0M2RcXHUwNDM1XFx1MDQzZC5cIl0sW1wiX19qc29uX21lc3NhZ2VcIiwwLDI1LFwiU0VPIChQYXRoKSBcXFwiL1xcXCIgXFx1MDQzMVxcdTA0NGJcXHUwNDNiIFxcdTA0NDNcXHUwNDQxXFx1MDQzZlxcdTA0MzVcXHUwNDQ4XFx1MDQzZFxcdTA0M2UgXFx1MDQzOFxcdTA0MzdcXHUwNDNjXFx1MDQzNVxcdTA0M2RcXHUwNDM1XFx1MDQzZC5cIl0sW1wiX19qc29uX21lc3NhZ2VcIiwwLDI1LFwidGl0bGUgYW5kIHRleHQgXFxcIihUaXRsZUFuZFRleHRCbG9jaykgPG1ldGEgbmFtZT0neWFuZGV4LXZlcmlmaWNhdGlvbicgY29udGVudD0nNDYzNTljNDQ1M2Q5MGI5MScgLz5cXFwiIFxcdTA0MzFcXHUwNDRiXFx1MDQzYiBcXHUwNDQzXFx1MDQ0MVxcdTA0M2ZcXHUwNDM1XFx1MDQ0OFxcdTA0M2RcXHUwNDNlIFxcdTA0MzhcXHUwNDM3XFx1MDQzY1xcdTA0MzVcXHUwNDNkXFx1MDQzNVxcdTA0M2QuXCJdLFtcIl9fanNvbl9tZXNzYWdlXCIsMCwyNSxcInRpdGxlIGFuZCB0ZXh0IFxcXCIoVGl0bGVBbmRUZXh0QmxvY2spIHlhbmRleC12ZXJpZmljYXRpb25cXFwiIFxcdTA0MzFcXHUwNDRiXFx1MDQzYiBcXHUwNDQzXFx1MDQ0MVxcdTA0M2ZcXHUwNDM1XFx1MDQ0OFxcdTA0M2RcXHUwNDNlIFxcdTA0MzhcXHUwNDM3XFx1MDQzY1xcdTA0MzVcXHUwNDNkXFx1MDQzNVxcdTA0M2QuXCJdLFtcIl9fanNvbl9tZXNzYWdlXCIsMCwyNSxcInRpdGxlIGFuZCB0ZXh0IFxcXCIoVGl0bGVBbmRUZXh0QmxvY2spIGdvb2dsZS1zaXRlLXZlcmlmaWNhdGlvblxcXCIgXFx1MDQzMVxcdTA0NGJcXHUwNDNiIFxcdTA0NDNcXHUwNDQxXFx1MDQzZlxcdTA0MzVcXHUwNDQ4XFx1MDQzZFxcdTA0M2UgXFx1MDQzNFxcdTA0M2VcXHUwNDMxXFx1MDQzMFxcdTA0MzJcXHUwNDNiXFx1MDQzNVxcdTA0M2QuXCJdLFtcIl9fanNvbl9tZXNzYWdlXCIsMCwyNSxcInRpdGxlIGFuZCB0ZXh0IFxcXCIoVGl0bGVBbmRUZXh0QmxvY2spIGdvb2dsZS1zaXRlLXZlcmlmaWNhdGlvblxcXCIgXFx1MDQzMVxcdTA0NGJcXHUwNDNiIFxcdTA0NDNcXHUwNDQxXFx1MDQzZlxcdTA0MzVcXHUwNDQ4XFx1MDQzZFxcdTA0M2UgXFx1MDQzOFxcdTA0MzdcXHUwNDNjXFx1MDQzNVxcdTA0M2RcXHUwNDM1XFx1MDQzZC5cIl0sW1wiX19qc29uX21lc3NhZ2VcIiwwLDI1LFwidGl0bGUgYW5kIHRleHQgXFxcIihUaXRsZUFuZFRleHRCbG9jaykgeWFuZGV4LXZlcmlmaWNhdGlvblxcXCIgXFx1MDQzMVxcdTA0NGJcXHUwNDNiIFxcdTA0NDNcXHUwNDQxXFx1MDQzZlxcdTA0MzVcXHUwNDQ4XFx1MDQzZFxcdTA0M2UgXFx1MDQzOFxcdTA0MzdcXHUwNDNjXFx1MDQzNVxcdTA0M2RcXHUwNDM1XFx1MDQzZC5cIl0sW1wiX19qc29uX21lc3NhZ2VcIiwwLDI1LFwiXFx1MDQyM1xcdTA0NDFcXHUwNDNmXFx1MDQzNVxcdTA0NDhcXHUwNDNkXFx1MDQzZSBcXHUwNDQzXFx1MDQzNFxcdTA0MzBcXHUwNDNiXFx1MDQzNVxcdTA0M2RcXHUwNDRiIDEgdGl0bGUgYW5kIHRleHQuXCJdLFtcIl9fanNvbl9tZXNzYWdlXCIsMCwyNSxcInRpdGxlIGFuZCB0ZXh0IFxcXCIoVGl0bGVBbmRUZXh0QmxvY2spIHlhbmRleC1nb29nbGUtdmVyaWZpY2F0aW9uXFxcIiBcXHUwNDMxXFx1MDQ0YlxcdTA0M2IgXFx1MDQ0M1xcdTA0NDFcXHUwNDNmXFx1MDQzNVxcdTA0NDhcXHUwNDNkXFx1MDQzZSBcXHUwNDM4XFx1MDQzN1xcdTA0M2NcXHUwNDM1XFx1MDQzZFxcdTA0MzVcXHUwNDNkLlwiXSxbXCJfX2pzb25fbWVzc2FnZVwiLDAsMjUsXCJ0ZXh0IFxcXCIoVGV4dEJsb2NrKSBVc2VyLWFnZW50OiAqXFxyXFxuRGlzYWwuLi5cXFwiIFxcdTA0MzFcXHUwNDRiXFx1MDQzYiBcXHUwNDQzXFx1MDQ0MVxcdTA0M2ZcXHUwNDM1XFx1MDQ0OFxcdTA0M2RcXHUwNDNlIFxcdTA0MzhcXHUwNDM3XFx1MDQzY1xcdTA0MzVcXHUwNDNkXFx1MDQzNVxcdTA0M2QuXCJdLFtcIl9fanNvbl9tZXNzYWdlXCIsMCwyNSxcInRleHQgXFxcIihUZXh0QmxvY2spIDxwPlVzZXItYWdlbnQ6ICogRGlzLi4uXFxcIiBcXHUwNDMxXFx1MDQ0YlxcdTA0M2IgXFx1MDQ0M1xcdTA0NDFcXHUwNDNmXFx1MDQzNVxcdTA0NDhcXHUwNDNkXFx1MDQzZSBcXHUwNDM4XFx1MDQzN1xcdTA0M2NcXHUwNDM1XFx1MDQzZFxcdTA0MzVcXHUwNDNkLlwiXSxbXCJfX2pzb25fbWVzc2FnZVwiLDAsMjUsXCJiYW5uZXIgXFxcIihCYW5uZXJCbG9jaykgXFx1MDQzZlxcdTA0MzVcXHUwNDQwXFx1MDQzMlxcdTA0NGJcXHUwNDM5XFxcIiBcXHUwNDMxXFx1MDQ0YlxcdTA0M2IgXFx1MDQ0M1xcdTA0NDFcXHUwNDNmXFx1MDQzNVxcdTA0NDhcXHUwNDNkXFx1MDQzZSBcXHUwNDM4XFx1MDQzN1xcdTA0M2NcXHUwNDM1XFx1MDQzZFxcdTA0MzVcXHUwNDNkLlwiXSxbXCJfX2pzb25fbWVzc2FnZVwiLDAsMjUsXCJiYW5uZXIgXFxcIihCYW5uZXJCbG9jaykgXFx1MDQzZlxcdTA0MzVcXHUwNDQwXFx1MDQzMlxcdTA0NGJcXHUwNDM5XFxcIiBcXHUwNDMxXFx1MDQ0YlxcdTA0M2IgXFx1MDQ0M1xcdTA0NDFcXHUwNDNmXFx1MDQzNVxcdTA0NDhcXHUwNDNkXFx1MDQzZSBcXHUwNDM4XFx1MDQzN1xcdTA0M2NcXHUwNDM1XFx1MDQzZFxcdTA0MzVcXHUwNDNkLlwiXSxbXCJfX2pzb25fbWVzc2FnZVwiLDAsMjUsXCJiYW5uZXIgXFxcIihCYW5uZXJCbG9jaykgXFx1MDQzZlxcdTA0MzVcXHUwNDQwXFx1MDQzMlxcdTA0NGJcXHUwNDM5XFxcIiBcXHUwNDMxXFx1MDQ0YlxcdTA0M2IgXFx1MDQ0M1xcdTA0NDFcXHUwNDNmXFx1MDQzNVxcdTA0NDhcXHUwNDNkXFx1MDQzZSBcXHUwNDM4XFx1MDQzN1xcdTA0M2NcXHUwNDM1XFx1MDQzZFxcdTA0MzVcXHUwNDNkLlwiXSxbXCJfX2pzb25fbWVzc2FnZVwiLDAsMjUsXCJiYW5uZXIgXFxcIihCYW5uZXJCbG9jaykgXFx1MDQzZlxcdTA0MzVcXHUwNDQwXFx1MDQzMlxcdTA0NGJcXHUwNDM5XFxcIiBcXHUwNDMxXFx1MDQ0YlxcdTA0M2IgXFx1MDQ0M1xcdTA0NDFcXHUwNDNmXFx1MDQzNVxcdTA0NDhcXHUwNDNkXFx1MDQzZSBcXHUwNDM4XFx1MDQzN1xcdTA0M2NcXHUwNDM1XFx1MDQzZFxcdTA0MzVcXHUwNDNkLlwiXSxbXCJfX2pzb25fbWVzc2FnZVwiLDAsMjUsXCJ0ZXh0IFxcXCIoVGV4dEJsb2NrKSBVc2VyLWFnZW50OiAqIFxcclxcbkRpc2EuLi5cXFwiIFxcdTA0MzFcXHUwNDRiXFx1MDQzYiBcXHUwNDQzXFx1MDQ0MVxcdTA0M2ZcXHUwNDM1XFx1MDQ0OFxcdTA0M2RcXHUwNDNlIFxcdTA0MzhcXHUwNDM3XFx1MDQzY1xcdTA0MzVcXHUwNDNkXFx1MDQzNVxcdTA0M2QuXCJdLFtcIl9fanNvbl9tZXNzYWdlXCIsMCwyNSxcInRleHQgXFxcIihUZXh0QmxvY2spIFVzZXItXFx1MDQxMGdlbnQ6ICogXFxyXFxuRGlzYS4uLlxcXCIgXFx1MDQzMVxcdTA0NGJcXHUwNDNiIFxcdTA0NDNcXHUwNDQxXFx1MDQzZlxcdTA0MzVcXHUwNDQ4XFx1MDQzZFxcdTA0M2UgXFx1MDQzOFxcdTA0MzdcXHUwNDNjXFx1MDQzNVxcdTA0M2RcXHUwNDM1XFx1MDQzZC5cIl0sW1wiX19qc29uX21lc3NhZ2VcIiwwLDI1LFwidGV4dCBcXFwiKFRleHRCbG9jaykgVXNlci1BZ2VudDogKiBcXHJcXG5EaXNhLi4uXFxcIiBcXHUwNDMxXFx1MDQ0YlxcdTA0M2IgXFx1MDQ0M1xcdTA0NDFcXHUwNDNmXFx1MDQzNVxcdTA0NDhcXHUwNDNkXFx1MDQzZSBcXHUwNDM4XFx1MDQzN1xcdTA0M2NcXHUwNDM1XFx1MDQzZFxcdTA0MzVcXHUwNDNkLlwiXSxbXCJfX2pzb25fbWVzc2FnZVwiLDAsMjUsXCJiYW5uZXIgXFxcIihCYW5uZXJCbG9jaykgXFx1MDQzZlxcdTA0MzVcXHUwNDQwXFx1MDQzMlxcdTA0NGJcXHUwNDM5XFxcIiBcXHUwNDMxXFx1MDQ0YlxcdTA0M2IgXFx1MDQ0M1xcdTA0NDFcXHUwNDNmXFx1MDQzNVxcdTA0NDhcXHUwNDNkXFx1MDQzZSBcXHUwNDM4XFx1MDQzN1xcdTA0M2NcXHUwNDM1XFx1MDQzZFxcdTA0MzVcXHUwNDNkLlwiXSxbXCJfX2pzb25fbWVzc2FnZVwiLDAsMjUsXCJcXHUwNDEwXFx1MDQzYVxcdTA0NDZcXHUwNDM4XFx1MDQ0ZiBcXFwiXFx1MDQxMFxcdTA0MWFcXHUwNDI2XFx1MDQxOFxcdTA0MmYhIFxcdTA0MWZcXHUwNDIwXFx1MDQxOFxcdTA0MTVcXHUwNDFjIFxcdTA0MTJcXHUwNDIwXFx1MDQxMFxcdTA0MjdcXHUwNDEwIFxcdTA0MTRcXHUwNDFlIFxcdTA0MTggXFx1MDQxZlxcdTA0MWVcXHUwNDIxXFx1MDQxYlxcdTA0MTUgXFx1MDQxY1xcdTA0MjBcXHUwNDIyIFxcdTA0MjFcXHUwNDFlIFxcdTA0MjFcXHUwNDFhXFx1MDQxOFxcdTA0MTRcXHUwNDFhXFx1MDQxZVxcdTA0MTkgMjUlXFxcIiBcXHUwNDMxXFx1MDQ0YlxcdTA0M2IgXFx1MDQ0M1xcdTA0NDFcXHUwNDNmXFx1MDQzNVxcdTA0NDhcXHUwNDNkXFx1MDQzZSBcXHUwNDM4XFx1MDQzN1xcdTA0M2NcXHUwNDM1XFx1MDQzZFxcdTA0MzVcXHUwNDNkLlwiXSxbXCJfX2pzb25fbWVzc2FnZVwiLDAsMjUsXCIxIFxcdTA0MTBcXHUwNDNhXFx1MDQ0NlxcdTA0MzhcXHUwNDRmIFxcdTA0MzFcXHUwNDRiXFx1MDQzYiBcXHUwNDQzXFx1MDQ0MVxcdTA0M2ZcXHUwNDM1XFx1MDQ0OFxcdTA0M2RcXHUwNDNlIFxcdTA0MzhcXHUwNDM3XFx1MDQzY1xcdTA0MzVcXHUwNDNkXFx1MDQzNVxcdTA0M2QuXCJdLFtcIl9fanNvbl9tZXNzYWdlXCIsMCwyNSxcIlxcdTA0MTBcXHUwNDNhXFx1MDQ0NlxcdTA0MzhcXHUwNDRmIFxcXCJcXHUwNDFmXFx1MDQ0MFxcdTA0MzhcXHUwNDM1XFx1MDQzYyBcXHUwNDMyXFx1MDQ0MFxcdTA0MzBcXHUwNDQ3XFx1MDQzMCBcXHUwNDM0XFx1MDQzZSBcXHUwNDM4IFxcdTA0M2ZcXHUwNDNlXFx1MDQ0MVxcdTA0M2JcXHUwNDM1IFxcdTA0MWNcXHUwNDIwXFx1MDQyMiBcXHUwNDQxXFx1MDQzZSBcXHUwNDQxXFx1MDQzYVxcdTA0MzhcXHUwNDM0XFx1MDQzYVxcdTA0M2VcXHUwNDM5IDI1JSEgXFxcIiBcXHUwNDMxXFx1MDQ0YlxcdTA0M2IgXFx1MDQ0M1xcdTA0NDFcXHUwNDNmXFx1MDQzNVxcdTA0NDhcXHUwNDNkXFx1MDQzZSBcXHUwNDM4XFx1MDQzN1xcdTA0M2NcXHUwNDM1XFx1MDQzZFxcdTA0MzVcXHUwNDNkLlwiXSxbXCJfX2pzb25fbWVzc2FnZVwiLDAsMjUsXCIxIFxcdTA0MTBcXHUwNDNhXFx1MDQ0NlxcdTA0MzhcXHUwNDRmIFxcdTA0MzFcXHUwNDRiXFx1MDQzYiBcXHUwNDQzXFx1MDQ0MVxcdTA0M2ZcXHUwNDM1XFx1MDQ0OFxcdTA0M2RcXHUwNDNlIFxcdTA0MzhcXHUwNDM3XFx1MDQzY1xcdTA0MzVcXHUwNDNkXFx1MDQzNVxcdTA0M2QuXCJdLFtcIl9fanNvbl9tZXNzYWdlXCIsMCwyNSxcIlxcdTA0MTJcXHUwNDM4XFx1MDQzNCBcXHUwNDNlXFx1MDQzMVxcdTA0NDFcXHUwNDNiXFx1MDQzNVxcdTA0MzRcXHUwNDNlXFx1MDQzMlxcdTA0MzBcXHUwNDNkXFx1MDQzOFxcdTA0NGYgXFxcIlxcdTA0MWNcXHUwNDIwXFx1MDQyMiBcXHUwNDMzXFx1MDQzZVxcdTA0M2JcXHUwNDNlXFx1MDQzMlxcdTA0M2RcXHUwNDNlXFx1MDQzM1xcdTA0M2UgXFx1MDQzY1xcdTA0M2VcXHUwNDM3XFx1MDQzM1xcdTA0MzBcXFwiIFxcdTA0MzFcXHUwNDRiXFx1MDQzYiBcXHUwNDQzXFx1MDQ0MVxcdTA0M2ZcXHUwNDM1XFx1MDQ0OFxcdTA0M2RcXHUwNDNlIFxcdTA0MzhcXHUwNDM3XFx1MDQzY1xcdTA0MzVcXHUwNDNkXFx1MDQzNVxcdTA0M2QuXCJdLFtcIl9fanNvbl9tZXNzYWdlXCIsMCwyNSxcIlxcdTA0MTJcXHUwNDM4XFx1MDQzNCBcXHUwNDNlXFx1MDQzMVxcdTA0NDFcXHUwNDNiXFx1MDQzNVxcdTA0MzRcXHUwNDNlXFx1MDQzMlxcdTA0MzBcXHUwNDNkXFx1MDQzOFxcdTA0NGYgXFxcIlxcdTA0MWNcXHUwNDIwXFx1MDQyMiBcXHUwNDMzXFx1MDQzZVxcdTA0M2JcXHUwNDNlXFx1MDQzMlxcdTA0M2RcXHUwNDNlXFx1MDQzM1xcdTA0M2UgXFx1MDQzY1xcdTA0M2VcXHUwNDM3XFx1MDQzM1xcdTA0MzBcXFwiIFxcdTA0MzFcXHUwNDRiXFx1MDQzYiBcXHUwNDQzXFx1MDQ0MVxcdTA0M2ZcXHUwNDM1XFx1MDQ0OFxcdTA0M2RcXHUwNDNlIFxcdTA0MzhcXHUwNDM3XFx1MDQzY1xcdTA0MzVcXHUwNDNkXFx1MDQzNVxcdTA0M2QuXCJdLFtcIl9fanNvbl9tZXNzYWdlXCIsMCwyNSxcIlxcdTA0MTJcXHUwNDM4XFx1MDQzNCBcXHUwNDNlXFx1MDQzMVxcdTA0NDFcXHUwNDNiXFx1MDQzNVxcdTA0MzRcXHUwNDNlXFx1MDQzMlxcdTA0MzBcXHUwNDNkXFx1MDQzOFxcdTA0NGYgXFxcIlxcdTA0MWNcXHUwNDIwXFx1MDQyMiBcXHUwNDMzXFx1MDQzZVxcdTA0M2JcXHUwNDNlXFx1MDQzMlxcdTA0M2RcXHUwNDNlXFx1MDQzM1xcdTA0M2UgXFx1MDQzY1xcdTA0M2VcXHUwNDM3XFx1MDQzM1xcdTA0MzBcXFwiIFxcdTA0MzFcXHUwNDRiXFx1MDQzYiBcXHUwNDQzXFx1MDQ0MVxcdTA0M2ZcXHUwNDM1XFx1MDQ0OFxcdTA0M2RcXHUwNDNlIFxcdTA0MzhcXHUwNDM3XFx1MDQzY1xcdTA0MzVcXHUwNDNkXFx1MDQzNVxcdTA0M2QuXCJdLFtcIl9fanNvbl9tZXNzYWdlXCIsMCwyNSxcIlxcdTA0MTJcXHUwNDM4XFx1MDQzNCBcXHUwNDNlXFx1MDQzMVxcdTA0NDFcXHUwNDNiXFx1MDQzNVxcdTA0MzRcXHUwNDNlXFx1MDQzMlxcdTA0MzBcXHUwNDNkXFx1MDQzOFxcdTA0NGYgXFxcIlxcdTA0MWNcXHUwNDIwXFx1MDQyMiBcXHUwNDMzXFx1MDQzZVxcdTA0M2JcXHUwNDNlXFx1MDQzMlxcdTA0M2RcXHUwNDNlXFx1MDQzM1xcdTA0M2UgXFx1MDQzY1xcdTA0M2VcXHUwNDM3XFx1MDQzM1xcdTA0MzBcXFwiIFxcdTA0MzFcXHUwNDRiXFx1MDQzYiBcXHUwNDQzXFx1MDQ0MVxcdTA0M2ZcXHUwNDM1XFx1MDQ0OFxcdTA0M2RcXHUwNDNlIFxcdTA0MzhcXHUwNDM3XFx1MDQzY1xcdTA0MzVcXHUwNDNkXFx1MDQzNVxcdTA0M2QuXCJdLFtcIl9fanNvbl9tZXNzYWdlXCIsMCwyNSxcIlxcdTA0MTJcXHUwNDM4XFx1MDQzNCBcXHUwNDNlXFx1MDQzMVxcdTA0NDFcXHUwNDNiXFx1MDQzNVxcdTA0MzRcXHUwNDNlXFx1MDQzMlxcdTA0MzBcXHUwNDNkXFx1MDQzOFxcdTA0NGYgXFxcIlxcdTA0MWNcXHUwNDIwXFx1MDQyMiBcXHUwNDMzXFx1MDQzZVxcdTA0M2JcXHUwNDNlXFx1MDQzMlxcdTA0M2RcXHUwNDNlXFx1MDQzM1xcdTA0M2UgXFx1MDQzY1xcdTA0M2VcXHUwNDM3XFx1MDQzM1xcdTA0MzBcXFwiIFxcdTA0MzFcXHUwNDRiXFx1MDQzYiBcXHUwNDQzXFx1MDQ0MVxcdTA0M2ZcXHUwNDM1XFx1MDQ0OFxcdTA0M2RcXHUwNDNlIFxcdTA0MzhcXHUwNDM3XFx1MDQzY1xcdTA0MzVcXHUwNDNkXFx1MDQzNVxcdTA0M2QuXCJdLFtcIl9fanNvbl9tZXNzYWdlXCIsMCwyNSxcIlxcdTA0MTJcXHUwNDM4XFx1MDQzNCBcXHUwNDNlXFx1MDQzMVxcdTA0NDFcXHUwNDNiXFx1MDQzNVxcdTA0MzRcXHUwNDNlXFx1MDQzMlxcdTA0MzBcXHUwNDNkXFx1MDQzOFxcdTA0NGYgXFxcIlxcdTA0MWNcXHUwNDIwXFx1MDQyMiBcXHUwNDMzXFx1MDQzZVxcdTA0M2JcXHUwNDNlXFx1MDQzMlxcdTA0M2RcXHUwNDNlXFx1MDQzM1xcdTA0M2UgXFx1MDQzY1xcdTA0M2VcXHUwNDM3XFx1MDQzM1xcdTA0MzBcXFwiIFxcdTA0MzFcXHUwNDRiXFx1MDQzYiBcXHUwNDQzXFx1MDQ0MVxcdTA0M2ZcXHUwNDM1XFx1MDQ0OFxcdTA0M2RcXHUwNDNlIFxcdTA0MzhcXHUwNDM3XFx1MDQzY1xcdTA0MzVcXHUwNDNkXFx1MDQzNVxcdTA0M2QuXCJdLFtcIl9fanNvbl9tZXNzYWdlXCIsMCwyNSxcIlxcdTA0MTJcXHUwNDM4XFx1MDQzNCBcXHUwNDNlXFx1MDQzMVxcdTA0NDFcXHUwNDNiXFx1MDQzNVxcdTA0MzRcXHUwNDNlXFx1MDQzMlxcdTA0MzBcXHUwNDNkXFx1MDQzOFxcdTA0NGYgXFxcIlxcdTA0MWNcXHUwNDIwXFx1MDQyMiBcXHUwNDMzXFx1MDQzZVxcdTA0M2JcXHUwNDNlXFx1MDQzMlxcdTA0M2RcXHUwNDNlXFx1MDQzM1xcdTA0M2UgXFx1MDQzY1xcdTA0M2VcXHUwNDM3XFx1MDQzM1xcdTA0MzBcXFwiIFxcdTA0MzFcXHUwNDRiXFx1MDQzYiBcXHUwNDQzXFx1MDQ0MVxcdTA0M2ZcXHUwNDM1XFx1MDQ0OFxcdTA0M2RcXHUwNDNlIFxcdTA0MzhcXHUwNDM3XFx1MDQzY1xcdTA0MzVcXHUwNDNkXFx1MDQzNVxcdTA0M2QuXCJdLFtcIl9fanNvbl9tZXNzYWdlXCIsMCwyNSxcIlxcdTA0MTJcXHUwNDM4XFx1MDQzNCBcXHUwNDNlXFx1MDQzMVxcdTA0NDFcXHUwNDNiXFx1MDQzNVxcdTA0MzRcXHUwNDNlXFx1MDQzMlxcdTA0MzBcXHUwNDNkXFx1MDQzOFxcdTA0NGYgXFxcIlxcdTA0MWNcXHUwNDIwXFx1MDQyMiBcXHUwNDMzXFx1MDQzZVxcdTA0M2JcXHUwNDNlXFx1MDQzMlxcdTA0M2RcXHUwNDNlXFx1MDQzM1xcdTA0M2UgXFx1MDQzY1xcdTA0M2VcXHUwNDM3XFx1MDQzM1xcdTA0MzBcXFwiIFxcdTA0MzFcXHUwNDRiXFx1MDQzYiBcXHUwNDQzXFx1MDQ0MVxcdTA0M2ZcXHUwNDM1XFx1MDQ0OFxcdTA0M2RcXHUwNDNlIFxcdTA0MzhcXHUwNDM3XFx1MDQzY1xcdTA0MzVcXHUwNDNkXFx1MDQzNVxcdTA0M2QuXCJdLFtcIl9fanNvbl9tZXNzYWdlXCIsMCwyNSxcIlxcdTA0MTJcXHUwNDM4XFx1MDQzNCBcXHUwNDNlXFx1MDQzMVxcdTA0NDFcXHUwNDNiXFx1MDQzNVxcdTA0MzRcXHUwNDNlXFx1MDQzMlxcdTA0MzBcXHUwNDNkXFx1MDQzOFxcdTA0NGYgXFxcIlxcdTA0MWNcXHUwNDIwXFx1MDQyMiBcXHUwNDMzXFx1MDQzZVxcdTA0M2JcXHUwNDNlXFx1MDQzMlxcdTA0M2RcXHUwNDNlXFx1MDQzM1xcdTA0M2UgXFx1MDQzY1xcdTA0M2VcXHUwNDM3XFx1MDQzM1xcdTA0MzBcXFwiIFxcdTA0MzFcXHUwNDRiXFx1MDQzYiBcXHUwNDQzXFx1MDQ0MVxcdTA0M2ZcXHUwNDM1XFx1MDQ0OFxcdTA0M2RcXHUwNDNlIFxcdTA0MzhcXHUwNDM3XFx1MDQzY1xcdTA0MzVcXHUwNDNkXFx1MDQzNVxcdTA0M2QuXCJdLFtcIl9fanNvbl9tZXNzYWdlXCIsMCwyNSxcIlxcdTA0MWNcXHUwNDM1XFx1MDQzZFxcdTA0NGUgXFxcImFib3V0X2NvbXBhbnlcXFwiIFxcdTA0MzFcXHUwNDRiXFx1MDQzYiBcXHUwNDQzXFx1MDQ0MVxcdTA0M2ZcXHUwNDM1XFx1MDQ0OFxcdTA0M2RcXHUwNDNlIFxcdTA0MzhcXHUwNDM3XFx1MDQzY1xcdTA0MzVcXHUwNDNkXFx1MDQzNVxcdTA0M2QuXCJdLFtcIl9fanNvbl9tZXNzYWdlXCIsMCwyNSxcIlxcdTA0MWNcXHUwNDM1XFx1MDQzZFxcdTA0NGUgXFxcInVzbHVnaVxcXCIgXFx1MDQzMVxcdTA0NGJcXHUwNDNiIFxcdTA0NDNcXHUwNDQxXFx1MDQzZlxcdTA0MzVcXHUwNDQ4XFx1MDQzZFxcdTA0M2UgXFx1MDQzOFxcdTA0MzdcXHUwNDNjXFx1MDQzNVxcdTA0M2RcXHUwNDM1XFx1MDQzZC5cIl0sW1wiX19qc29uX21lc3NhZ2VcIiwwLDI1LFwiXFx1MDQxY1xcdTA0MzVcXHUwNDNkXFx1MDQ0ZSBcXFwidXNsdWdpXFxcIiBcXHUwNDMxXFx1MDQ0YlxcdTA0M2IgXFx1MDQ0M1xcdTA0NDFcXHUwNDNmXFx1MDQzNVxcdTA0NDhcXHUwNDNkXFx1MDQzZSBcXHUwNDM4XFx1MDQzN1xcdTA0M2NcXHUwNDM1XFx1MDQzZFxcdTA0MzVcXHUwNDNkLlwiXSxbXCJfX2pzb25fbWVzc2FnZVwiLDAsMjUsXCJcXHUwNDFjXFx1MDQzNVxcdTA0M2RcXHUwNDRlIFxcXCJ1c2x1Z2lcXFwiIFxcdTA0MzFcXHUwNDRiXFx1MDQzYiBcXHUwNDQzXFx1MDQ0MVxcdTA0M2ZcXHUwNDM1XFx1MDQ0OFxcdTA0M2RcXHUwNDNlIFxcdTA0MzhcXHUwNDM3XFx1MDQzY1xcdTA0MzVcXHUwNDNkXFx1MDQzNVxcdTA0M2QuXCJdLFtcIl9fanNvbl9tZXNzYWdlXCIsMCwyNSxcIlxcdTA0MWNcXHUwNDM1XFx1MDQzZFxcdTA0NGUgXFxcInVzbHVnaVxcXCIgXFx1MDQzMVxcdTA0NGJcXHUwNDNiIFxcdTA0NDNcXHUwNDQxXFx1MDQzZlxcdTA0MzVcXHUwNDQ4XFx1MDQzZFxcdTA0M2UgXFx1MDQzOFxcdTA0MzdcXHUwNDNjXFx1MDQzNVxcdTA0M2RcXHUwNDM1XFx1MDQzZC5cIl0sW1wiX19qc29uX21lc3NhZ2VcIiwwLDI1LFwiXFx1MDQxY1xcdTA0MzVcXHUwNDNkXFx1MDQ0ZSBcXFwidXNsdWdpXFxcIiBcXHUwNDMxXFx1MDQ0YlxcdTA0M2IgXFx1MDQ0M1xcdTA0NDFcXHUwNDNmXFx1MDQzNVxcdTA0NDhcXHUwNDNkXFx1MDQzZSBcXHUwNDM4XFx1MDQzN1xcdTA0M2NcXHUwNDM1XFx1MDQzZFxcdTA0MzVcXHUwNDNkLlwiXSxbXCJfX2pzb25fbWVzc2FnZVwiLDAsMjUsXCJcXHUwNDFjXFx1MDQzNVxcdTA0M2RcXHUwNDRlIFxcXCJ1c2x1Z2lcXFwiIFxcdTA0MzFcXHUwNDRiXFx1MDQzYiBcXHUwNDQzXFx1MDQ0MVxcdTA0M2ZcXHUwNDM1XFx1MDQ0OFxcdTA0M2RcXHUwNDNlIFxcdTA0MzhcXHUwNDM3XFx1MDQzY1xcdTA0MzVcXHUwNDNkXFx1MDQzNVxcdTA0M2QuXCJdLFtcIl9fanNvbl9tZXNzYWdlXCIsMCwyNSxcIlxcdTA0MWNcXHUwNDM1XFx1MDQzZFxcdTA0NGUgXFxcInVzbHVnaVxcXCIgXFx1MDQzMVxcdTA0NGJcXHUwNDNiIFxcdTA0NDNcXHUwNDQxXFx1MDQzZlxcdTA0MzVcXHUwNDQ4XFx1MDQzZFxcdTA0M2UgXFx1MDQzOFxcdTA0MzdcXHUwNDNjXFx1MDQzNVxcdTA0M2RcXHUwNDM1XFx1MDQzZC5cIl0sW1wiX19qc29uX21lc3NhZ2VcIiwwLDI1LFwiXFx1MDQxY1xcdTA0MzVcXHUwNDNkXFx1MDQ0ZSBcXFwidXNsdWdpXFxcIiBcXHUwNDMxXFx1MDQ0YlxcdTA0M2IgXFx1MDQ0M1xcdTA0NDFcXHUwNDNmXFx1MDQzNVxcdTA0NDhcXHUwNDNkXFx1MDQzZSBcXHUwNDM4XFx1MDQzN1xcdTA0M2NcXHUwNDM1XFx1MDQzZFxcdTA0MzVcXHUwNDNkLlwiXSxbXCJfX2pzb25fbWVzc2FnZVwiLDAsMjUsXCJcXHUwNDFjXFx1MDQzNVxcdTA0M2RcXHUwNDRlIFxcXCJ1c2x1Z2lcXFwiIFxcdTA0MzFcXHUwNDRiXFx1MDQzYiBcXHUwNDQzXFx1MDQ0MVxcdTA0M2ZcXHUwNDM1XFx1MDQ0OFxcdTA0M2RcXHUwNDNlIFxcdTA0MzhcXHUwNDM3XFx1MDQzY1xcdTA0MzVcXHUwNDNkXFx1MDQzNVxcdTA0M2QuXCJdLFtcIl9fanNvbl9tZXNzYWdlXCIsMCwyNSxcIlxcdTA0MWNcXHUwNDM1XFx1MDQzZFxcdTA0NGUgXFxcInVzbHVnaVxcXCIgXFx1MDQzMVxcdTA0NGJcXHUwNDNiIFxcdTA0NDNcXHUwNDQxXFx1MDQzZlxcdTA0MzVcXHUwNDQ4XFx1MDQzZFxcdTA0M2UgXFx1MDQzOFxcdTA0MzdcXHUwNDNjXFx1MDQzNVxcdTA0M2RcXHUwNDM1XFx1MDQzZC5cIl0sW1wiX19qc29uX21lc3NhZ2VcIiwwLDI1LFwiXFx1MDQxY1xcdTA0MzVcXHUwNDNkXFx1MDQ0ZSBcXFwidXNsdWdpXFxcIiBcXHUwNDMxXFx1MDQ0YlxcdTA0M2IgXFx1MDQ0M1xcdTA0NDFcXHUwNDNmXFx1MDQzNVxcdTA0NDhcXHUwNDNkXFx1MDQzZSBcXHUwNDM4XFx1MDQzN1xcdTA0M2NcXHUwNDM1XFx1MDQzZFxcdTA0MzVcXHUwNDNkLlwiXSxbXCJfX2pzb25fbWVzc2FnZVwiLDAsMjUsXCJcXHUwNDFjXFx1MDQzNVxcdTA0M2RcXHUwNDRlIFxcXCJ1c2x1Z2lcXFwiIFxcdTA0MzFcXHUwNDRiXFx1MDQzYiBcXHUwNDQzXFx1MDQ0MVxcdTA0M2ZcXHUwNDM1XFx1MDQ0OFxcdTA0M2RcXHUwNDNlIFxcdTA0MzhcXHUwNDM3XFx1MDQzY1xcdTA0MzVcXHUwNDNkXFx1MDQzNVxcdTA0M2QuXCJdLFtcIl9fanNvbl9tZXNzYWdlXCIsMCwyNSxcIlxcdTA0MWNcXHUwNDM1XFx1MDQzZFxcdTA0NGUgXFxcInVzbHVnaVxcXCIgXFx1MDQzMVxcdTA0NGJcXHUwNDNiIFxcdTA0NDNcXHUwNDQxXFx1MDQzZlxcdTA0MzVcXHUwNDQ4XFx1MDQzZFxcdTA0M2UgXFx1MDQzOFxcdTA0MzdcXHUwNDNjXFx1MDQzNVxcdTA0M2RcXHUwNDM1XFx1MDQzZC5cIl0sW1wiX19qc29uX21lc3NhZ2VcIiwwLDI1LFwiXFx1MDQxY1xcdTA0MzVcXHUwNDNkXFx1MDQ0ZSBcXFwidXNsdWdpXFxcIiBcXHUwNDMxXFx1MDQ0YlxcdTA0M2IgXFx1MDQ0M1xcdTA0NDFcXHUwNDNmXFx1MDQzNVxcdTA0NDhcXHUwNDNkXFx1MDQzZSBcXHUwNDM4XFx1MDQzN1xcdTA0M2NcXHUwNDM1XFx1MDQzZFxcdTA0MzVcXHUwNDNkLlwiXSxbXCJfX2pzb25fbWVzc2FnZVwiLDAsMjUsXCJcXHUwNDFjXFx1MDQzNVxcdTA0M2RcXHUwNDRlIFxcXCJ1c2x1Z2lcXFwiIFxcdTA0MzFcXHUwNDRiXFx1MDQzYiBcXHUwNDQzXFx1MDQ0MVxcdTA0M2ZcXHUwNDM1XFx1MDQ0OFxcdTA0M2RcXHUwNDNlIFxcdTA0MzhcXHUwNDM3XFx1MDQzY1xcdTA0MzVcXHUwNDNkXFx1MDQzNVxcdTA0M2QuXCJdLFtcIl9fanNvbl9tZXNzYWdlXCIsMCwyNSxcIlxcdTA0MWNcXHUwNDM1XFx1MDQzZFxcdTA0NGUgXFxcInVzbHVnaVxcXCIgXFx1MDQzMVxcdTA0NGJcXHUwNDNiIFxcdTA0NDNcXHUwNDQxXFx1MDQzZlxcdTA0MzVcXHUwNDQ4XFx1MDQzZFxcdTA0M2UgXFx1MDQzOFxcdTA0MzdcXHUwNDNjXFx1MDQzNVxcdTA0M2RcXHUwNDM1XFx1MDQzZC5cIl0sW1wiX19qc29uX21lc3NhZ2VcIiwwLDI1LFwiXFx1MDQxY1xcdTA0MzVcXHUwNDNkXFx1MDQ0ZSBcXFwidXNsdWdpXFxcIiBcXHUwNDMxXFx1MDQ0YlxcdTA0M2IgXFx1MDQ0M1xcdTA0NDFcXHUwNDNmXFx1MDQzNVxcdTA0NDhcXHUwNDNkXFx1MDQzZSBcXHUwNDM4XFx1MDQzN1xcdTA0M2NcXHUwNDM1XFx1MDQzZFxcdTA0MzVcXHUwNDNkLlwiXV0ifQ==','2014-06-25 18:04:31'),('aevi3sdkxmkpe6lrp875qsunw3co6cog','Yzg1ODI0YjhjYjQxNzdkMjFkN2JlZTkzYzQ3N2ZlYmVjMzczMjMyODp7InNvcnQiOiItY3JlYXRpb25fZGF0ZSJ9','2014-06-23 18:00:56'),('4i9l9f61mxxo6uqfrkgjpxt9stu6f73v','Yzg1ODI0YjhjYjQxNzdkMjFkN2JlZTkzYzQ3N2ZlYmVjMzczMjMyODp7InNvcnQiOiItY3JlYXRpb25fZGF0ZSJ9','2014-06-24 10:19:15'),('epgfzvzeyqq0zylfxjykesfqzic12ciw','Yzg1ODI0YjhjYjQxNzdkMjFkN2JlZTkzYzQ3N2ZlYmVjMzczMjMyODp7InNvcnQiOiItY3JlYXRpb25fZGF0ZSJ9','2014-06-24 15:59:14'),('y5gyt7kzm9byewcoo1mv323y5j4t1odk','Yzg1ODI0YjhjYjQxNzdkMjFkN2JlZTkzYzQ3N2ZlYmVjMzczMjMyODp7InNvcnQiOiItY3JlYXRpb25fZGF0ZSJ9','2014-06-24 16:43:12'),('umrbcv1k6efx5gzzvalflugtntzh41eo','Yzg1ODI0YjhjYjQxNzdkMjFkN2JlZTkzYzQ3N2ZlYmVjMzczMjMyODp7InNvcnQiOiItY3JlYXRpb25fZGF0ZSJ9','2014-06-24 18:41:05'),('14wtapuxy5grp2cu1u4vjzn6yaz1wb3k','Yzg1ODI0YjhjYjQxNzdkMjFkN2JlZTkzYzQ3N2ZlYmVjMzczMjMyODp7InNvcnQiOiItY3JlYXRpb25fZGF0ZSJ9','2014-06-24 19:24:07'),('up5gpv7ykkcvnm1ygpxxj9i77w13fku7','Yzg1ODI0YjhjYjQxNzdkMjFkN2JlZTkzYzQ3N2ZlYmVjMzczMjMyODp7InNvcnQiOiItY3JlYXRpb25fZGF0ZSJ9','2014-06-24 22:32:30'),('bhktmn3rf06em0vlyj21d3d8xkom0azj','Yzg1ODI0YjhjYjQxNzdkMjFkN2JlZTkzYzQ3N2ZlYmVjMzczMjMyODp7InNvcnQiOiItY3JlYXRpb25fZGF0ZSJ9','2014-06-25 11:50:07'),('pznxec245hu1d72lsxwr2vtetbncv089','Yzg1ODI0YjhjYjQxNzdkMjFkN2JlZTkzYzQ3N2ZlYmVjMzczMjMyODp7InNvcnQiOiItY3JlYXRpb25fZGF0ZSJ9','2014-06-25 12:58:21'),('ksdoemxoaouag7faorau4lz4xa27lvt1','Yzg1ODI0YjhjYjQxNzdkMjFkN2JlZTkzYzQ3N2ZlYmVjMzczMjMyODp7InNvcnQiOiItY3JlYXRpb25fZGF0ZSJ9','2014-06-26 05:48:41'),('uug132ufqidgw61zxeb30wbiinl72o6h','Yzg1ODI0YjhjYjQxNzdkMjFkN2JlZTkzYzQ3N2ZlYmVjMzczMjMyODp7InNvcnQiOiItY3JlYXRpb25fZGF0ZSJ9','2014-06-26 18:20:53'),('62mbqw7gmie2a3fenyabdk29f9eymt1t','Yzg1ODI0YjhjYjQxNzdkMjFkN2JlZTkzYzQ3N2ZlYmVjMzczMjMyODp7InNvcnQiOiItY3JlYXRpb25fZGF0ZSJ9','2014-06-26 23:29:54'),('9nisoout0swf26laorsf8wrgkgq8cbfg','Yzg1ODI0YjhjYjQxNzdkMjFkN2JlZTkzYzQ3N2ZlYmVjMzczMjMyODp7InNvcnQiOiItY3JlYXRpb25fZGF0ZSJ9','2014-06-27 16:25:00'),('8ahigy1woohf6l8z87bomfex72t5d56c','Yzg1ODI0YjhjYjQxNzdkMjFkN2JlZTkzYzQ3N2ZlYmVjMzczMjMyODp7InNvcnQiOiItY3JlYXRpb25fZGF0ZSJ9','2014-06-27 21:00:53'),('b5kvu8rfaih2yjeb7wqo3ruk3db8k49x','Yzg1ODI0YjhjYjQxNzdkMjFkN2JlZTkzYzQ3N2ZlYmVjMzczMjMyODp7InNvcnQiOiItY3JlYXRpb25fZGF0ZSJ9','2014-06-28 09:04:28'),('9aqjd6sfo9232fw6kbd4314jpd9rqk0g','Yzg1ODI0YjhjYjQxNzdkMjFkN2JlZTkzYzQ3N2ZlYmVjMzczMjMyODp7InNvcnQiOiItY3JlYXRpb25fZGF0ZSJ9','2014-06-28 10:35:17'),('noo4iuz6iba0bmb5mnl6j7kkfqskhapn','Yzg1ODI0YjhjYjQxNzdkMjFkN2JlZTkzYzQ3N2ZlYmVjMzczMjMyODp7InNvcnQiOiItY3JlYXRpb25fZGF0ZSJ9','2014-06-28 13:55:38'),('sukfzwwhzxo594i5kaja8vylzgisk6bq','Yzg1ODI0YjhjYjQxNzdkMjFkN2JlZTkzYzQ3N2ZlYmVjMzczMjMyODp7InNvcnQiOiItY3JlYXRpb25fZGF0ZSJ9','2014-06-28 21:08:37'),('c7lhy8eyg6tv6ilv47nq9r9muth3ji5m','Yzg1ODI0YjhjYjQxNzdkMjFkN2JlZTkzYzQ3N2ZlYmVjMzczMjMyODp7InNvcnQiOiItY3JlYXRpb25fZGF0ZSJ9','2014-06-29 11:06:51'),('9c44uw62nfqmnf2a2w7r3n3wodc10q0n','Yzg1ODI0YjhjYjQxNzdkMjFkN2JlZTkzYzQ3N2ZlYmVjMzczMjMyODp7InNvcnQiOiItY3JlYXRpb25fZGF0ZSJ9','2014-06-29 19:32:24'),('3jwxoc3x9fe32s3tsmvxqqf24oj2w4p7','Yzg1ODI0YjhjYjQxNzdkMjFkN2JlZTkzYzQ3N2ZlYmVjMzczMjMyODp7InNvcnQiOiItY3JlYXRpb25fZGF0ZSJ9','2014-06-29 22:01:01'),('r531jvaw1gau6hm04rmxcbarlov9djv6','MGYxZmUzMzUyZjQyY2RlMmFkODU3NDM2NDRmZDUwMWVkYTk3ZDZhYjp7InNvcnQiOiItY3JlYXRpb25fZGF0ZSIsIl9hdXRoX3VzZXJfYmFja2VuZCI6ImRqYW5nby5jb250cmliLmF1dGguYmFja2VuZHMuTW9kZWxCYWNrZW5kIiwiX2F1dGhfdXNlcl9pZCI6MX0=','2014-06-30 12:09:00'),('euuzg88drwwj1no6o5yxnz9v5kbjb4l6','Yzg1ODI0YjhjYjQxNzdkMjFkN2JlZTkzYzQ3N2ZlYmVjMzczMjMyODp7InNvcnQiOiItY3JlYXRpb25fZGF0ZSJ9','2014-06-30 14:14:26'),('27smknp72f970h38r8kzv4enwbvvgpob','Yzg1ODI0YjhjYjQxNzdkMjFkN2JlZTkzYzQ3N2ZlYmVjMzczMjMyODp7InNvcnQiOiItY3JlYXRpb25fZGF0ZSJ9','2014-06-30 18:58:17'),('ykmarfw3p2k3iolc0gdyb2teamyomipb','Yzg1ODI0YjhjYjQxNzdkMjFkN2JlZTkzYzQ3N2ZlYmVjMzczMjMyODp7InNvcnQiOiItY3JlYXRpb25fZGF0ZSJ9','2014-06-30 21:58:50'),('y23sjmlym7s8f05vii43255ttu6d54mx','Yzg1ODI0YjhjYjQxNzdkMjFkN2JlZTkzYzQ3N2ZlYmVjMzczMjMyODp7InNvcnQiOiItY3JlYXRpb25fZGF0ZSJ9','2014-07-01 03:02:41'),('ez5ix9za78y3dm2h0s4hecxx35ibdja3','ZTk3NTI0OWJkNjZjN2RlZGEzNzhiZDE5OGE4Y2I1OGJhMjMyZjgxNDp7InNvcnQiOiItY3JlYXRpb25fZGF0ZSIsIl9tZXNzYWdlcyI6IltbXCJfX2pzb25fbWVzc2FnZVwiLDAsMjUsXCJcXHUwNDIzXFx1MDQ0MVxcdTA0M2ZcXHUwNDM1XFx1MDQ0OFxcdTA0M2RcXHUwNDNlIFxcdTA0NDNcXHUwNDM0XFx1MDQzMFxcdTA0M2JcXHUwNDM1XFx1MDQzZFxcdTA0NGIgMSBcXHUwNDQyXFx1MDQzNVxcdTA0M2FcXHUwNDQxXFx1MDQ0MlxcdTA0M2VcXHUwNDMyXFx1MDQzMFxcdTA0NGYgXFx1MDQ0MVxcdTA0NDJcXHUwNDQwXFx1MDQzMFxcdTA0M2RcXHUwNDM4XFx1MDQ0NlxcdTA0MzAuXCJdLFtcIl9fanNvbl9tZXNzYWdlXCIsMCwyNSxcIlxcdTA0NDJcXHUwNDM1XFx1MDQzYVxcdTA0NDFcXHUwNDQyXFx1MDQzZVxcdTA0MzJcXHUwNDMwXFx1MDQ0ZiBcXHUwNDQxXFx1MDQ0MlxcdTA0NDBcXHUwNDMwXFx1MDQzZFxcdTA0MzhcXHUwNDQ2XFx1MDQzMCBcXFwidGVzclxcXCIgXFx1MDQzMVxcdTA0NGJcXHUwNDNiIFxcdTA0NDNcXHUwNDQxXFx1MDQzZlxcdTA0MzVcXHUwNDQ4XFx1MDQzZFxcdTA0M2UgXFx1MDQzNFxcdTA0M2VcXHUwNDMxXFx1MDQzMFxcdTA0MzJcXHUwNDNiXFx1MDQzNVxcdTA0M2QuXCJdLFtcIl9fanNvbl9tZXNzYWdlXCIsMCwyNSxcIlxcdTA0NDJcXHUwNDM1XFx1MDQzYVxcdTA0NDFcXHUwNDQyXFx1MDQzZVxcdTA0MzJcXHUwNDMwXFx1MDQ0ZiBcXHUwNDQxXFx1MDQ0MlxcdTA0NDBcXHUwNDMwXFx1MDQzZFxcdTA0MzhcXHUwNDQ2XFx1MDQzMCBcXFwiXFx1MDQxYVxcdTA0M2VcXHUwNDNkXFx1MDQ0MlxcdTA0MzBcXHUwNDNhXFx1MDQ0MlxcdTA0NGJcXFwiIFxcdTA0MzFcXHUwNDRiXFx1MDQzYiBcXHUwNDQzXFx1MDQ0MVxcdTA0M2ZcXHUwNDM1XFx1MDQ0OFxcdTA0M2RcXHUwNDNlIFxcdTA0MzhcXHUwNDM3XFx1MDQzY1xcdTA0MzVcXHUwNDNkXFx1MDQzNVxcdTA0M2QuXCJdLFtcIl9fanNvbl9tZXNzYWdlXCIsMCwyNSxcIlxcdTA0NDJcXHUwNDM1XFx1MDQzYVxcdTA0NDFcXHUwNDQyXFx1MDQzZVxcdTA0MzJcXHUwNDMwXFx1MDQ0ZiBcXHUwNDQxXFx1MDQ0MlxcdTA0NDBcXHUwNDMwXFx1MDQzZFxcdTA0MzhcXHUwNDQ2XFx1MDQzMCBcXFwiXFx1MDQxZVxcdTA0MzEgXFx1MDQzMFxcdTA0NDFcXHUwNDQxXFx1MDQzZVxcdTA0NDZcXHUwNDM4XFx1MDQzMFxcdTA0NDZcXHUwNDM4XFx1MDQzOFxcXCIgXFx1MDQzMVxcdTA0NGJcXHUwNDNiIFxcdTA0NDNcXHUwNDQxXFx1MDQzZlxcdTA0MzVcXHUwNDQ4XFx1MDQzZFxcdTA0M2UgXFx1MDQzOFxcdTA0MzdcXHUwNDNjXFx1MDQzNVxcdTA0M2RcXHUwNDM1XFx1MDQzZC5cIl0sW1wiX19qc29uX21lc3NhZ2VcIiwwLDI1LFwiXFx1MDQ0MlxcdTA0MzVcXHUwNDNhXFx1MDQ0MVxcdTA0NDJcXHUwNDNlXFx1MDQzMlxcdTA0MzBcXHUwNDRmIFxcdTA0NDFcXHUwNDQyXFx1MDQ0MFxcdTA0MzBcXHUwNDNkXFx1MDQzOFxcdTA0NDZcXHUwNDMwIFxcXCJcXHUwNDFhXFx1MDQyMlxcXCIgXFx1MDQzMVxcdTA0NGJcXHUwNDNiIFxcdTA0NDNcXHUwNDQxXFx1MDQzZlxcdTA0MzVcXHUwNDQ4XFx1MDQzZFxcdTA0M2UgXFx1MDQzOFxcdTA0MzdcXHUwNDNjXFx1MDQzNVxcdTA0M2RcXHUwNDM1XFx1MDQzZC5cIl0sW1wiX19qc29uX21lc3NhZ2VcIiwwLDI1LFwiXFx1MDQ0MlxcdTA0MzVcXHUwNDNhXFx1MDQ0MVxcdTA0NDJcXHUwNDNlXFx1MDQzMlxcdTA0MzBcXHUwNDRmIFxcdTA0NDFcXHUwNDQyXFx1MDQ0MFxcdTA0MzBcXHUwNDNkXFx1MDQzOFxcdTA0NDZcXHUwNDMwIFxcXCJcXHUwNDFjXFx1MDQyMFxcdTA0MjJcXFwiIFxcdTA0MzFcXHUwNDRiXFx1MDQzYiBcXHUwNDQzXFx1MDQ0MVxcdTA0M2ZcXHUwNDM1XFx1MDQ0OFxcdTA0M2RcXHUwNDNlIFxcdTA0MzhcXHUwNDM3XFx1MDQzY1xcdTA0MzVcXHUwNDNkXFx1MDQzNVxcdTA0M2QuXCJdLFtcIl9fanNvbl9tZXNzYWdlXCIsMCwyNSxcIlxcdTA0NDJcXHUwNDM1XFx1MDQzYVxcdTA0NDFcXHUwNDQyXFx1MDQzZVxcdTA0MzJcXHUwNDMwXFx1MDQ0ZiBcXHUwNDQxXFx1MDQ0MlxcdTA0NDBcXHUwNDMwXFx1MDQzZFxcdTA0MzhcXHUwNDQ2XFx1MDQzMCBcXFwiNDA0XFxcIiBcXHUwNDMxXFx1MDQ0YlxcdTA0M2IgXFx1MDQ0M1xcdTA0NDFcXHUwNDNmXFx1MDQzNVxcdTA0NDhcXHUwNDNkXFx1MDQzZSBcXHUwNDM4XFx1MDQzN1xcdTA0M2NcXHUwNDM1XFx1MDQzZFxcdTA0MzVcXHUwNDNkLlwiXSxbXCJfX2pzb25fbWVzc2FnZVwiLDAsMjUsXCJcXHUwNDQyXFx1MDQzNVxcdTA0M2FcXHUwNDQxXFx1MDQ0MlxcdTA0M2VcXHUwNDMyXFx1MDQzMFxcdTA0NGYgXFx1MDQ0MVxcdTA0NDJcXHUwNDQwXFx1MDQzMFxcdTA0M2RcXHUwNDM4XFx1MDQ0NlxcdTA0MzAgXFxcIjQwNFxcXCIgXFx1MDQzMVxcdTA0NGJcXHUwNDNiIFxcdTA0NDNcXHUwNDQxXFx1MDQzZlxcdTA0MzVcXHUwNDQ4XFx1MDQzZFxcdTA0M2UgXFx1MDQzOFxcdTA0MzdcXHUwNDNjXFx1MDQzNVxcdTA0M2RcXHUwNDM1XFx1MDQzZC5cIl0sW1wiX19qc29uX21lc3NhZ2VcIiwwLDI1LFwiXFx1MDQ0MlxcdTA0MzVcXHUwNDNhXFx1MDQ0MVxcdTA0NDJcXHUwNDNlXFx1MDQzMlxcdTA0MzBcXHUwNDRmIFxcdTA0NDFcXHUwNDQyXFx1MDQ0MFxcdTA0MzBcXHUwNDNkXFx1MDQzOFxcdTA0NDZcXHUwNDMwIFxcXCI0MDRcXFwiIFxcdTA0MzFcXHUwNDRiXFx1MDQzYiBcXHUwNDQzXFx1MDQ0MVxcdTA0M2ZcXHUwNDM1XFx1MDQ0OFxcdTA0M2RcXHUwNDNlIFxcdTA0MzhcXHUwNDM3XFx1MDQzY1xcdTA0MzVcXHUwNDNkXFx1MDQzNVxcdTA0M2QuXCJdLFtcIl9fanNvbl9tZXNzYWdlXCIsMCwyNSxcIlxcdTA0NDJcXHUwNDM1XFx1MDQzYVxcdTA0NDFcXHUwNDQyXFx1MDQzZVxcdTA0MzJcXHUwNDMwXFx1MDQ0ZiBcXHUwNDQxXFx1MDQ0MlxcdTA0NDBcXHUwNDMwXFx1MDQzZFxcdTA0MzhcXHUwNDQ2XFx1MDQzMCBcXFwiXFx1MDQxMVxcdTA0NDBcXHUwNDRlXFx1MDQ0OFxcdTA0M2RcXHUwNDMwXFx1MDQ0ZiBcXHUwNDNmXFx1MDQzZVxcdTA0M2JcXHUwNDNlXFx1MDQ0MVxcdTA0NDJcXHUwNDRjXFxcIiBcXHUwNDMxXFx1MDQ0YlxcdTA0M2IgXFx1MDQ0M1xcdTA0NDFcXHUwNDNmXFx1MDQzNVxcdTA0NDhcXHUwNDNkXFx1MDQzZSBcXHUwNDM4XFx1MDQzN1xcdTA0M2NcXHUwNDM1XFx1MDQzZFxcdTA0MzVcXHUwNDNkLlwiXSxbXCJfX2pzb25fbWVzc2FnZVwiLDAsMjUsXCJcXHUwNDQyXFx1MDQzNVxcdTA0M2FcXHUwNDQxXFx1MDQ0MlxcdTA0M2VcXHUwNDMyXFx1MDQzMFxcdTA0NGYgXFx1MDQ0MVxcdTA0NDJcXHUwNDQwXFx1MDQzMFxcdTA0M2RcXHUwNDM4XFx1MDQ0NlxcdTA0MzAgXFxcIlxcdTA0MWVcXHUwNDMxIFxcdTA0MzBcXHUwNDQxXFx1MDQ0MVxcdTA0M2VcXHUwNDQ2XFx1MDQzOFxcdTA0MzBcXHUwNDQ2XFx1MDQzOFxcdTA0MzhcXFwiIFxcdTA0MzFcXHUwNDRiXFx1MDQzYiBcXHUwNDQzXFx1MDQ0MVxcdTA0M2ZcXHUwNDM1XFx1MDQ0OFxcdTA0M2RcXHUwNDNlIFxcdTA0MzhcXHUwNDM3XFx1MDQzY1xcdTA0MzVcXHUwNDNkXFx1MDQzNVxcdTA0M2QuXCJdLFtcIl9fanNvbl9tZXNzYWdlXCIsMCwyNSxcIlxcdTA0NDJcXHUwNDM1XFx1MDQzYVxcdTA0NDFcXHUwNDQyXFx1MDQzZVxcdTA0MzJcXHUwNDMwXFx1MDQ0ZiBcXHUwNDQxXFx1MDQ0MlxcdTA0NDBcXHUwNDMwXFx1MDQzZFxcdTA0MzhcXHUwNDQ2XFx1MDQzMCBcXFwiXFx1MDQxZVxcdTA0MzEgXFx1MDQzMFxcdTA0NDFcXHUwNDQxXFx1MDQzZVxcdTA0NDZcXHUwNDM4XFx1MDQzMFxcdTA0NDZcXHUwNDM4XFx1MDQzOFxcXCIgXFx1MDQzMVxcdTA0NGJcXHUwNDNiIFxcdTA0NDNcXHUwNDQxXFx1MDQzZlxcdTA0MzVcXHUwNDQ4XFx1MDQzZFxcdTA0M2UgXFx1MDQzOFxcdTA0MzdcXHUwNDNjXFx1MDQzNVxcdTA0M2RcXHUwNDM1XFx1MDQzZC5cIl0sW1wiX19qc29uX21lc3NhZ2VcIiwwLDI1LFwiXFx1MDQ0MlxcdTA0MzVcXHUwNDNhXFx1MDQ0MVxcdTA0NDJcXHUwNDNlXFx1MDQzMlxcdTA0MzBcXHUwNDRmIFxcdTA0NDFcXHUwNDQyXFx1MDQ0MFxcdTA0MzBcXHUwNDNkXFx1MDQzOFxcdTA0NDZcXHUwNDMwIFxcXCJcXHUwNDFlXFx1MDQzMSBcXHUwNDMwXFx1MDQ0MVxcdTA0NDFcXHUwNDNlXFx1MDQ0NlxcdTA0MzhcXHUwNDMwXFx1MDQ0NlxcdTA0MzhcXHUwNDM4XFxcIiBcXHUwNDMxXFx1MDQ0YlxcdTA0M2IgXFx1MDQ0M1xcdTA0NDFcXHUwNDNmXFx1MDQzNVxcdTA0NDhcXHUwNDNkXFx1MDQzZSBcXHUwNDM4XFx1MDQzN1xcdTA0M2NcXHUwNDM1XFx1MDQzZFxcdTA0MzVcXHUwNDNkLlwiXSxbXCJfX2pzb25fbWVzc2FnZVwiLDAsMjUsXCJcXHUwNDQyXFx1MDQzNVxcdTA0M2FcXHUwNDQxXFx1MDQ0MlxcdTA0M2VcXHUwNDMyXFx1MDQzMFxcdTA0NGYgXFx1MDQ0MVxcdTA0NDJcXHUwNDQwXFx1MDQzMFxcdTA0M2RcXHUwNDM4XFx1MDQ0NlxcdTA0MzAgXFxcIlxcdTA0MWVcXHUwNDMxIFxcdTA0MzBcXHUwNDQxXFx1MDQ0MVxcdTA0M2VcXHUwNDQ2XFx1MDQzOFxcdTA0MzBcXHUwNDQ2XFx1MDQzOFxcdTA0MzhcXFwiIFxcdTA0MzFcXHUwNDRiXFx1MDQzYiBcXHUwNDQzXFx1MDQ0MVxcdTA0M2ZcXHUwNDM1XFx1MDQ0OFxcdTA0M2RcXHUwNDNlIFxcdTA0MzhcXHUwNDM3XFx1MDQzY1xcdTA0MzVcXHUwNDNkXFx1MDQzNVxcdTA0M2QuXCJdLFtcIl9fanNvbl9tZXNzYWdlXCIsMCwyNSxcIlxcdTA0MTBcXHUwNDNhXFx1MDQ0NlxcdTA0MzhcXHUwNDRmIFxcXCJcXHUwNDEwXFx1MDQxYVxcdTA0MjZcXHUwNDE4XFx1MDQyZiEgXFx1MDQxZlxcdTA0MjBcXHUwNDE4XFx1MDQxNVxcdTA0MWMgXFx1MDQxMlxcdTA0MjBcXHUwNDEwXFx1MDQyN1xcdTA0MTAgXFx1MDQxNFxcdTA0MWUgXFx1MDQxOCBcXHUwNDFmXFx1MDQxZVxcdTA0MjFcXHUwNDFiXFx1MDQxNSBcXHUwNDFjXFx1MDQyMFxcdTA0MjIgXFx1MDQyMVxcdTA0MWUgXFx1MDQyMVxcdTA0MWFcXHUwNDE4XFx1MDQxNFxcdTA0MWFcXHUwNDFlXFx1MDQxOSAyNSVcXFwiIFxcdTA0MzFcXHUwNDRiXFx1MDQzYiBcXHUwNDQzXFx1MDQ0MVxcdTA0M2ZcXHUwNDM1XFx1MDQ0OFxcdTA0M2RcXHUwNDNlIFxcdTA0MzhcXHUwNDM3XFx1MDQzY1xcdTA0MzVcXHUwNDNkXFx1MDQzNVxcdTA0M2QuXCJdLFtcIl9fanNvbl9tZXNzYWdlXCIsMCwyNSxcImJhbm5lciBcXFwiKEJhbm5lckJsb2NrKSBcXHUwNDNmXFx1MDQzNVxcdTA0NDBcXHUwNDMyXFx1MDQ0YlxcdTA0MzlcXFwiIFxcdTA0MzFcXHUwNDRiXFx1MDQzYiBcXHUwNDQzXFx1MDQ0MVxcdTA0M2ZcXHUwNDM1XFx1MDQ0OFxcdTA0M2RcXHUwNDNlIFxcdTA0MzhcXHUwNDM3XFx1MDQzY1xcdTA0MzVcXHUwNDNkXFx1MDQzNVxcdTA0M2QuXCJdXSIsIl9hdXRoX3VzZXJfaWQiOjIsIl9hdXRoX3VzZXJfYmFja2VuZCI6ImRqYW5nby5jb250cmliLmF1dGguYmFja2VuZHMuTW9kZWxCYWNrZW5kIn0=','2014-07-07 13:56:29'),('q9f346rlmop6ue70d5z49pi25pwhah7l','Yzg1ODI0YjhjYjQxNzdkMjFkN2JlZTkzYzQ3N2ZlYmVjMzczMjMyODp7InNvcnQiOiItY3JlYXRpb25fZGF0ZSJ9','2014-07-01 16:19:36'),('hlg64rdrark8aib3r6ifutmdeof9cvc3','Yzg1ODI0YjhjYjQxNzdkMjFkN2JlZTkzYzQ3N2ZlYmVjMzczMjMyODp7InNvcnQiOiItY3JlYXRpb25fZGF0ZSJ9','2014-07-01 17:04:36'),('td3cwomrrkogyjyk3gi0x2ieod3ma164','Yzg1ODI0YjhjYjQxNzdkMjFkN2JlZTkzYzQ3N2ZlYmVjMzczMjMyODp7InNvcnQiOiItY3JlYXRpb25fZGF0ZSJ9','2014-07-01 18:14:06'),('7zpw0c220fcrf6ecryr7lnz9fnjw0m7m','Yzg1ODI0YjhjYjQxNzdkMjFkN2JlZTkzYzQ3N2ZlYmVjMzczMjMyODp7InNvcnQiOiItY3JlYXRpb25fZGF0ZSJ9','2014-07-07 03:59:03'),('kmqdo4kyado8w485dezcrayfc93t4m9d','Yzg1ODI0YjhjYjQxNzdkMjFkN2JlZTkzYzQ3N2ZlYmVjMzczMjMyODp7InNvcnQiOiItY3JlYXRpb25fZGF0ZSJ9','2014-07-07 11:56:14'),('wtq5caveehu5o67llih5mlpp5kxnk55i','Yzg1ODI0YjhjYjQxNzdkMjFkN2JlZTkzYzQ3N2ZlYmVjMzczMjMyODp7InNvcnQiOiItY3JlYXRpb25fZGF0ZSJ9','2014-07-07 12:00:26'),('2tsnzj8x70ph2vxiief9sez60qrkrgwa','Yzg1ODI0YjhjYjQxNzdkMjFkN2JlZTkzYzQ3N2ZlYmVjMzczMjMyODp7InNvcnQiOiItY3JlYXRpb25fZGF0ZSJ9','2014-07-07 12:03:26'),('7ahvfa6kj8qb4j2glcvdgydngcvuf0dm','Yzg1ODI0YjhjYjQxNzdkMjFkN2JlZTkzYzQ3N2ZlYmVjMzczMjMyODp7InNvcnQiOiItY3JlYXRpb25fZGF0ZSJ9','2014-07-07 18:03:22'),('1wvxpuadh27vef0o3p5dz0cc76yn21yk','Yzg1ODI0YjhjYjQxNzdkMjFkN2JlZTkzYzQ3N2ZlYmVjMzczMjMyODp7InNvcnQiOiItY3JlYXRpb25fZGF0ZSJ9','2014-07-01 18:21:48'),('ni7p0h3q9y1ss3xqsldxmd1noyaw4y9a','Yzg1ODI0YjhjYjQxNzdkMjFkN2JlZTkzYzQ3N2ZlYmVjMzczMjMyODp7InNvcnQiOiItY3JlYXRpb25fZGF0ZSJ9','2014-07-07 02:57:26'),('49ey1vtabk2wx1tyggm8hm3t3581r4sb','ODcwYTdiZGI3ZGZkMmRiYjZkMTEyOTk3OGVlYmJlYWE2M2Y2MzYwZDp7Il9hdXRoX3VzZXJfYmFja2VuZCI6ImRqYW5nby5jb250cmliLmF1dGguYmFja2VuZHMuTW9kZWxCYWNrZW5kIiwiX2F1dGhfdXNlcl9pZCI6MiwiX21lc3NhZ2VzIjoiW1tcIl9fanNvbl9tZXNzYWdlXCIsMCwyNSxcIlxcdTA0MWNcXHUwNDM1XFx1MDQzZFxcdTA0NGUgXFxcInVzbHVnaVxcXCIgXFx1MDQ0M1xcdTA0NDFcXHUwNDNmXFx1MDQzNVxcdTA0NDhcXHUwNDNkXFx1MDQzZSBcXHUwNDM4XFx1MDQzN1xcdTA0M2NcXHUwNDM1XFx1MDQzZFxcdTA0MzVcXHUwNDNkLiBcXHUwNDFkXFx1MDQzOFxcdTA0MzZcXHUwNDM1IFxcdTA0MzJcXHUwNDRiIFxcdTA0M2NcXHUwNDNlXFx1MDQzNlxcdTA0MzVcXHUwNDQyXFx1MDQzNSBcXHUwNDQwXFx1MDQzNVxcdTA0MzRcXHUwNDMwXFx1MDQzYVxcdTA0NDJcXHUwNDM4XFx1MDQ0MFxcdTA0M2VcXHUwNDMyXFx1MDQzMFxcdTA0NDJcXHUwNDRjIFxcdTA0NDFcXHUwNDNkXFx1MDQzZVxcdTA0MzJcXHUwNDMwLlwiXSxbXCJfX2pzb25fbWVzc2FnZVwiLDAsMjUsXCJcXHUwNDFjXFx1MDQzNVxcdTA0M2RcXHUwNDRlIFxcXCJ1c2x1Z2lcXFwiIFxcdTA0MzFcXHUwNDRiXFx1MDQzYiBcXHUwNDQzXFx1MDQ0MVxcdTA0M2ZcXHUwNDM1XFx1MDQ0OFxcdTA0M2RcXHUwNDNlIFxcdTA0MzhcXHUwNDM3XFx1MDQzY1xcdTA0MzVcXHUwNDNkXFx1MDQzNVxcdTA0M2QuXCJdLFtcIl9fanNvbl9tZXNzYWdlXCIsMCwyNSxcIlxcdTA0NDJcXHUwNDM1XFx1MDQzYVxcdTA0NDFcXHUwNDQyXFx1MDQzZVxcdTA0MzJcXHUwNDMwXFx1MDQ0ZiBcXHUwNDQxXFx1MDQ0MlxcdTA0NDBcXHUwNDMwXFx1MDQzZFxcdTA0MzhcXHUwNDQ2XFx1MDQzMCBcXFwiXFx1MDQxY1xcdTA0MjBcXHUwNDIyIFxcdTA0M2ZcXHUwNDNlXFx1MDQzN1xcdTA0MzJcXHUwNDNlXFx1MDQzZFxcdTA0M2VcXHUwNDQ3XFx1MDQzZFxcdTA0MzhcXHUwNDNhXFx1MDQzMFxcXCIgXFx1MDQzMVxcdTA0NGJcXHUwNDNiIFxcdTA0NDNcXHUwNDQxXFx1MDQzZlxcdTA0MzVcXHUwNDQ4XFx1MDQzZFxcdTA0M2UgXFx1MDQzNFxcdTA0M2VcXHUwNDMxXFx1MDQzMFxcdTA0MzJcXHUwNDNiXFx1MDQzNVxcdTA0M2QuXCJdLFtcIl9fanNvbl9tZXNzYWdlXCIsMCwyNSxcIlxcdTA0NDJcXHUwNDM1XFx1MDQzYVxcdTA0NDFcXHUwNDQyXFx1MDQzZVxcdTA0MzJcXHUwNDMwXFx1MDQ0ZiBcXHUwNDQxXFx1MDQ0MlxcdTA0NDBcXHUwNDMwXFx1MDQzZFxcdTA0MzhcXHUwNDQ2XFx1MDQzMCBcXFwiXFx1MDQxY1xcdTA0MjBcXHUwNDIyIFxcdTA0M2ZcXHUwNDNlXFx1MDQzN1xcdTA0MzJcXHUwNDNlXFx1MDQzZFxcdTA0M2VcXHUwNDQ3XFx1MDQzZFxcdTA0MzhcXHUwNDNhXFx1MDQzMFxcXCIgXFx1MDQzMVxcdTA0NGJcXHUwNDNiIFxcdTA0NDNcXHUwNDQxXFx1MDQzZlxcdTA0MzVcXHUwNDQ4XFx1MDQzZFxcdTA0M2UgXFx1MDQ0M1xcdTA0MzRcXHUwNDMwXFx1MDQzYlxcdTA0MzVcXHUwNDNkLlwiXSxbXCJfX2pzb25fbWVzc2FnZVwiLDAsMjUsXCJcXHUwNDQyXFx1MDQzNVxcdTA0M2FcXHUwNDQxXFx1MDQ0MlxcdTA0M2VcXHUwNDMyXFx1MDQzMFxcdTA0NGYgXFx1MDQ0MVxcdTA0NDJcXHUwNDQwXFx1MDQzMFxcdTA0M2RcXHUwNDM4XFx1MDQ0NlxcdTA0MzAgXFxcIlxcdTA0MWNcXHUwNDIwXFx1MDQyMiBcXHUwNDNmXFx1MDQzZVxcdTA0MzdcXHUwNDMyXFx1MDQzZVxcdTA0M2RcXHUwNDNlXFx1MDQ0N1xcdTA0M2RcXHUwNDM4XFx1MDQzYVxcdTA0MzBcXFwiIFxcdTA0MzFcXHUwNDRiXFx1MDQzYiBcXHUwNDQzXFx1MDQ0MVxcdTA0M2ZcXHUwNDM1XFx1MDQ0OFxcdTA0M2RcXHUwNDNlIFxcdTA0MzhcXHUwNDM3XFx1MDQzY1xcdTA0MzVcXHUwNDNkXFx1MDQzNVxcdTA0M2QuXCJdLFtcIl9fanNvbl9tZXNzYWdlXCIsMCwyNSxcIlxcdTA0MWNcXHUwNDM1XFx1MDQzZFxcdTA0NGUgXFxcInVzbHVnaVxcXCIgXFx1MDQ0M1xcdTA0NDFcXHUwNDNmXFx1MDQzNVxcdTA0NDhcXHUwNDNkXFx1MDQzZSBcXHUwNDM4XFx1MDQzN1xcdTA0M2NcXHUwNDM1XFx1MDQzZFxcdTA0MzVcXHUwNDNkLiBcXHUwNDFkXFx1MDQzOFxcdTA0MzZcXHUwNDM1IFxcdTA0MzJcXHUwNDRiIFxcdTA0M2NcXHUwNDNlXFx1MDQzNlxcdTA0MzVcXHUwNDQyXFx1MDQzNSBcXHUwNDQwXFx1MDQzNVxcdTA0MzRcXHUwNDMwXFx1MDQzYVxcdTA0NDJcXHUwNDM4XFx1MDQ0MFxcdTA0M2VcXHUwNDMyXFx1MDQzMFxcdTA0NDJcXHUwNDRjIFxcdTA0NDFcXHUwNDNkXFx1MDQzZVxcdTA0MzJcXHUwNDMwLlwiXSxbXCJfX2pzb25fbWVzc2FnZVwiLDAsMjUsXCJcXHUwNDQyXFx1MDQzNVxcdTA0M2FcXHUwNDQxXFx1MDQ0MlxcdTA0M2VcXHUwNDMyXFx1MDQzMFxcdTA0NGYgXFx1MDQ0MVxcdTA0NDJcXHUwNDQwXFx1MDQzMFxcdTA0M2RcXHUwNDM4XFx1MDQ0NlxcdTA0MzAgXFxcIlxcdTA0MWNcXHUwNDIwXFx1MDQyMiBcXHUwNDNmXFx1MDQzZVxcdTA0MzdcXHUwNDMyXFx1MDQzZVxcdTA0M2RcXHUwNDNlXFx1MDQ0N1xcdTA0M2RcXHUwNDM4XFx1MDQzYVxcdTA0MzBcXFwiIFxcdTA0NDNcXHUwNDQxXFx1MDQzZlxcdTA0MzVcXHUwNDQ4XFx1MDQzZFxcdTA0M2UgXFx1MDQzOFxcdTA0MzdcXHUwNDNjXFx1MDQzNVxcdTA0M2RcXHUwNDM1XFx1MDQzZC4gXFx1MDQxZFxcdTA0MzhcXHUwNDM2XFx1MDQzNSBcXHUwNDMyXFx1MDQ0YiBcXHUwNDNjXFx1MDQzZVxcdTA0MzZcXHUwNDM1XFx1MDQ0MlxcdTA0MzUgXFx1MDQ0MFxcdTA0MzVcXHUwNDM0XFx1MDQzMFxcdTA0M2FcXHUwNDQyXFx1MDQzOFxcdTA0NDBcXHUwNDNlXFx1MDQzMlxcdTA0MzBcXHUwNDQyXFx1MDQ0YyBcXHUwNDQxXFx1MDQzZFxcdTA0M2VcXHUwNDMyXFx1MDQzMC5cIl0sW1wiX19qc29uX21lc3NhZ2VcIiwwLDI1LFwiXFx1MDQ0MlxcdTA0MzVcXHUwNDNhXFx1MDQ0MVxcdTA0NDJcXHUwNDNlXFx1MDQzMlxcdTA0MzBcXHUwNDRmIFxcdTA0NDFcXHUwNDQyXFx1MDQ0MFxcdTA0MzBcXHUwNDNkXFx1MDQzOFxcdTA0NDZcXHUwNDMwIFxcXCJcXHUwNDFjXFx1MDQyMFxcdTA0MjIgXFx1MDQzZlxcdTA0M2VcXHUwNDM3XFx1MDQzMlxcdTA0M2VcXHUwNDNkXFx1MDQzZVxcdTA0NDdcXHUwNDNkXFx1MDQzOFxcdTA0M2FcXHUwNDMwXFxcIiBcXHUwNDMxXFx1MDQ0YlxcdTA0M2IgXFx1MDQ0M1xcdTA0NDFcXHUwNDNmXFx1MDQzNVxcdTA0NDhcXHUwNDNkXFx1MDQzZSBcXHUwNDM4XFx1MDQzN1xcdTA0M2NcXHUwNDM1XFx1MDQzZFxcdTA0MzVcXHUwNDNkLlwiXSxbXCJfX2pzb25fbWVzc2FnZVwiLDAsMjUsXCJcXHUwNDQyXFx1MDQzNVxcdTA0M2FcXHUwNDQxXFx1MDQ0MlxcdTA0M2VcXHUwNDMyXFx1MDQzMFxcdTA0NGYgXFx1MDQ0MVxcdTA0NDJcXHUwNDQwXFx1MDQzMFxcdTA0M2RcXHUwNDM4XFx1MDQ0NlxcdTA0MzAgXFxcIlxcdTA0MWNcXHUwNDIwXFx1MDQyMiBcXHUwNDNjXFx1MDQzMFxcdTA0M2JcXHUwNDNlXFx1MDQzM1xcdTA0M2UgXFx1MDQ0MlxcdTA0MzBcXHUwNDM3XFx1MDQzMFxcXCIgXFx1MDQzMVxcdTA0NGJcXHUwNDNiIFxcdTA0NDNcXHUwNDQxXFx1MDQzZlxcdTA0MzVcXHUwNDQ4XFx1MDQzZFxcdTA0M2UgXFx1MDQzNFxcdTA0M2VcXHUwNDMxXFx1MDQzMFxcdTA0MzJcXHUwNDNiXFx1MDQzNVxcdTA0M2QuXCJdLFtcIl9fanNvbl9tZXNzYWdlXCIsMCwyNSxcIlxcdTA0MWNcXHUwNDM1XFx1MDQzZFxcdTA0NGUgXFxcInVzbHVnaVxcXCIgXFx1MDQ0M1xcdTA0NDFcXHUwNDNmXFx1MDQzNVxcdTA0NDhcXHUwNDNkXFx1MDQzZSBcXHUwNDM4XFx1MDQzN1xcdTA0M2NcXHUwNDM1XFx1MDQzZFxcdTA0MzVcXHUwNDNkLiBcXHUwNDFkXFx1MDQzOFxcdTA0MzZcXHUwNDM1IFxcdTA0MzJcXHUwNDRiIFxcdTA0M2NcXHUwNDNlXFx1MDQzNlxcdTA0MzVcXHUwNDQyXFx1MDQzNSBcXHUwNDQwXFx1MDQzNVxcdTA0MzRcXHUwNDMwXFx1MDQzYVxcdTA0NDJcXHUwNDM4XFx1MDQ0MFxcdTA0M2VcXHUwNDMyXFx1MDQzMFxcdTA0NDJcXHUwNDRjIFxcdTA0NDFcXHUwNDNkXFx1MDQzZVxcdTA0MzJcXHUwNDMwLlwiXSxbXCJfX2pzb25fbWVzc2FnZVwiLDAsMjUsXCJcXHUwNDQyXFx1MDQzNVxcdTA0M2FcXHUwNDQxXFx1MDQ0MlxcdTA0M2VcXHUwNDMyXFx1MDQzMFxcdTA0NGYgXFx1MDQ0MVxcdTA0NDJcXHUwNDQwXFx1MDQzMFxcdTA0M2RcXHUwNDM4XFx1MDQ0NlxcdTA0MzAgXFxcIlxcdTA0MWNcXHUwNDIwXFx1MDQyMiBcXHUwNDQxXFx1MDQ0M1xcdTA0NDFcXHUwNDQyXFx1MDQzMFxcdTA0MzJcXHUwNDNlXFx1MDQzMlxcXCIgXFx1MDQzMVxcdTA0NGJcXHUwNDNiIFxcdTA0NDNcXHUwNDQxXFx1MDQzZlxcdTA0MzVcXHUwNDQ4XFx1MDQzZFxcdTA0M2UgXFx1MDQzNFxcdTA0M2VcXHUwNDMxXFx1MDQzMFxcdTA0MzJcXHUwNDNiXFx1MDQzNVxcdTA0M2QuIFxcdTA0MWRcXHUwNDM4XFx1MDQzNlxcdTA0MzUgXFx1MDQzMlxcdTA0NGIgXFx1MDQzY1xcdTA0M2VcXHUwNDM2XFx1MDQzNVxcdTA0NDJcXHUwNDM1IFxcdTA0NDFcXHUwNDNkXFx1MDQzZVxcdTA0MzJcXHUwNDMwIFxcdTA0MzVcXHUwNDMzXFx1MDQzZSBcXHUwNDNlXFx1MDQ0MlxcdTA0NDBcXHUwNDM1XFx1MDQzNFxcdTA0MzBcXHUwNDNhXFx1MDQ0MlxcdTA0MzhcXHUwNDQwXFx1MDQzZVxcdTA0MzJcXHUwNDMwXFx1MDQ0MlxcdTA0NGMuXCJdLFtcIl9fanNvbl9tZXNzYWdlXCIsMCwyNSxcIlxcdTA0NDJcXHUwNDM1XFx1MDQzYVxcdTA0NDFcXHUwNDQyXFx1MDQzZVxcdTA0MzJcXHUwNDMwXFx1MDQ0ZiBcXHUwNDQxXFx1MDQ0MlxcdTA0NDBcXHUwNDMwXFx1MDQzZFxcdTA0MzhcXHUwNDQ2XFx1MDQzMCBcXFwiXFx1MDQxY1xcdTA0MjBcXHUwNDIyIFxcdTA0NDFcXHUwNDQzXFx1MDQ0MVxcdTA0NDJcXHUwNDMwXFx1MDQzMlxcdTA0M2VcXHUwNDMyXFxcIiBcXHUwNDMxXFx1MDQ0YlxcdTA0M2IgXFx1MDQ0M1xcdTA0NDFcXHUwNDNmXFx1MDQzNVxcdTA0NDhcXHUwNDNkXFx1MDQzZSBcXHUwNDM4XFx1MDQzN1xcdTA0M2NcXHUwNDM1XFx1MDQzZFxcdTA0MzVcXHUwNDNkLlwiXSxbXCJfX2pzb25fbWVzc2FnZVwiLDAsMjUsXCJcXHUwNDQyXFx1MDQzNVxcdTA0M2FcXHUwNDQxXFx1MDQ0MlxcdTA0M2VcXHUwNDMyXFx1MDQzMFxcdTA0NGYgXFx1MDQ0MVxcdTA0NDJcXHUwNDQwXFx1MDQzMFxcdTA0M2RcXHUwNDM4XFx1MDQ0NlxcdTA0MzAgXFxcIlxcdTA0MWNcXHUwNDIwXFx1MDQyMiBcXHUwNDNjXFx1MDQzMFxcdTA0M2JcXHUwNDNlXFx1MDQzM1xcdTA0M2UgXFx1MDQ0MlxcdTA0MzBcXHUwNDM3XFx1MDQzMFxcXCIgXFx1MDQzMVxcdTA0NGJcXHUwNDNiIFxcdTA0NDNcXHUwNDQxXFx1MDQzZlxcdTA0MzVcXHUwNDQ4XFx1MDQzZFxcdTA0M2UgXFx1MDQzOFxcdTA0MzdcXHUwNDNjXFx1MDQzNVxcdTA0M2RcXHUwNDM1XFx1MDQzZC5cIl0sW1wiX19qc29uX21lc3NhZ2VcIiwwLDI1LFwiXFx1MDQxY1xcdTA0MzVcXHUwNDNkXFx1MDQ0ZSBcXFwidXNsdWdpXFxcIiBcXHUwNDQzXFx1MDQ0MVxcdTA0M2ZcXHUwNDM1XFx1MDQ0OFxcdTA0M2RcXHUwNDNlIFxcdTA0MzhcXHUwNDM3XFx1MDQzY1xcdTA0MzVcXHUwNDNkXFx1MDQzNVxcdTA0M2QuIFxcdTA0MWRcXHUwNDM4XFx1MDQzNlxcdTA0MzUgXFx1MDQzMlxcdTA0NGIgXFx1MDQzY1xcdTA0M2VcXHUwNDM2XFx1MDQzNVxcdTA0NDJcXHUwNDM1IFxcdTA0NDBcXHUwNDM1XFx1MDQzNFxcdTA0MzBcXHUwNDNhXFx1MDQ0MlxcdTA0MzhcXHUwNDQwXFx1MDQzZVxcdTA0MzJcXHUwNDMwXFx1MDQ0MlxcdTA0NGMgXFx1MDQ0MVxcdTA0M2RcXHUwNDNlXFx1MDQzMlxcdTA0MzAuXCJdLFtcIl9fanNvbl9tZXNzYWdlXCIsMCwyNSxcIlxcdTA0NDJcXHUwNDM1XFx1MDQzYVxcdTA0NDFcXHUwNDQyXFx1MDQzZVxcdTA0MzJcXHUwNDMwXFx1MDQ0ZiBcXHUwNDQxXFx1MDQ0MlxcdTA0NDBcXHUwNDMwXFx1MDQzZFxcdTA0MzhcXHUwNDQ2XFx1MDQzMCBcXFwiXFx1MDQxYVxcdTA0MjIgXFx1MDQzYlxcdTA0MzVcXHUwNDMzXFx1MDQzYVxcdTA0MzhcXHUwNDQ1XFxcIiBcXHUwNDMxXFx1MDQ0YlxcdTA0M2IgXFx1MDQ0M1xcdTA0NDFcXHUwNDNmXFx1MDQzNVxcdTA0NDhcXHUwNDNkXFx1MDQzZSBcXHUwNDM0XFx1MDQzZVxcdTA0MzFcXHUwNDMwXFx1MDQzMlxcdTA0M2JcXHUwNDM1XFx1MDQzZC5cIl0sW1wiX19qc29uX21lc3NhZ2VcIiwwLDI1LFwiXFx1MDQxY1xcdTA0MzVcXHUwNDNkXFx1MDQ0ZSBcXFwidXNsdWdpXFxcIiBcXHUwNDQzXFx1MDQ0MVxcdTA0M2ZcXHUwNDM1XFx1MDQ0OFxcdTA0M2RcXHUwNDNlIFxcdTA0MzhcXHUwNDM3XFx1MDQzY1xcdTA0MzVcXHUwNDNkXFx1MDQzNVxcdTA0M2QuIFxcdTA0MWRcXHUwNDM4XFx1MDQzNlxcdTA0MzUgXFx1MDQzMlxcdTA0NGIgXFx1MDQzY1xcdTA0M2VcXHUwNDM2XFx1MDQzNVxcdTA0NDJcXHUwNDM1IFxcdTA0NDBcXHUwNDM1XFx1MDQzNFxcdTA0MzBcXHUwNDNhXFx1MDQ0MlxcdTA0MzhcXHUwNDQwXFx1MDQzZVxcdTA0MzJcXHUwNDMwXFx1MDQ0MlxcdTA0NGMgXFx1MDQ0MVxcdTA0M2RcXHUwNDNlXFx1MDQzMlxcdTA0MzAuXCJdLFtcIl9fanNvbl9tZXNzYWdlXCIsMCwyNSxcIlxcdTA0MWNcXHUwNDM1XFx1MDQzZFxcdTA0NGUgXFxcInVzbHVnaVxcXCIgXFx1MDQ0M1xcdTA0NDFcXHUwNDNmXFx1MDQzNVxcdTA0NDhcXHUwNDNkXFx1MDQzZSBcXHUwNDM4XFx1MDQzN1xcdTA0M2NcXHUwNDM1XFx1MDQzZFxcdTA0MzVcXHUwNDNkLiBcXHUwNDFkXFx1MDQzOFxcdTA0MzZcXHUwNDM1IFxcdTA0MzJcXHUwNDRiIFxcdTA0M2NcXHUwNDNlXFx1MDQzNlxcdTA0MzVcXHUwNDQyXFx1MDQzNSBcXHUwNDQwXFx1MDQzNVxcdTA0MzRcXHUwNDMwXFx1MDQzYVxcdTA0NDJcXHUwNDM4XFx1MDQ0MFxcdTA0M2VcXHUwNDMyXFx1MDQzMFxcdTA0NDJcXHUwNDRjIFxcdTA0NDFcXHUwNDNkXFx1MDQzZVxcdTA0MzJcXHUwNDMwLlwiXSxbXCJfX2pzb25fbWVzc2FnZVwiLDAsMjUsXCJcXHUwNDQyXFx1MDQzNVxcdTA0M2FcXHUwNDQxXFx1MDQ0MlxcdTA0M2VcXHUwNDMyXFx1MDQzMFxcdTA0NGYgXFx1MDQ0MVxcdTA0NDJcXHUwNDQwXFx1MDQzMFxcdTA0M2RcXHUwNDM4XFx1MDQ0NlxcdTA0MzAgXFxcIlxcdTA0MWFcXHUwNDIyIFxcdTA0M2RcXHUwNDNlXFx1MDQ0MVxcdTA0MzBcXFwiIFxcdTA0MzFcXHUwNDRiXFx1MDQzYiBcXHUwNDQzXFx1MDQ0MVxcdTA0M2ZcXHUwNDM1XFx1MDQ0OFxcdTA0M2RcXHUwNDNlIFxcdTA0MzRcXHUwNDNlXFx1MDQzMVxcdTA0MzBcXHUwNDMyXFx1MDQzYlxcdTA0MzVcXHUwNDNkLlwiXSxbXCJfX2pzb25fbWVzc2FnZVwiLDAsMjUsXCJcXHUwNDQyXFx1MDQzNVxcdTA0M2FcXHUwNDQxXFx1MDQ0MlxcdTA0M2VcXHUwNDMyXFx1MDQzMFxcdTA0NGYgXFx1MDQ0MVxcdTA0NDJcXHUwNDQwXFx1MDQzMFxcdTA0M2RcXHUwNDM4XFx1MDQ0NlxcdTA0MzAgXFxcIlxcdTA0MWFcXHUwNDIyIFxcdTA0MzNcXHUwNDNlXFx1MDQzYlxcdTA0M2VcXHUwNDMyXFx1MDQzZFxcdTA0M2VcXHUwNDMzXFx1MDQzZSBcXHUwNDNjXFx1MDQzZVxcdTA0MzdcXHUwNDMzXFx1MDQzMFxcXCIgXFx1MDQzMVxcdTA0NGJcXHUwNDNiIFxcdTA0NDNcXHUwNDQxXFx1MDQzZlxcdTA0MzVcXHUwNDQ4XFx1MDQzZFxcdTA0M2UgXFx1MDQzNFxcdTA0M2VcXHUwNDMxXFx1MDQzMFxcdTA0MzJcXHUwNDNiXFx1MDQzNVxcdTA0M2QuXCJdLFtcIl9fanNvbl9tZXNzYWdlXCIsMCwyNSxcIlxcdTA0MWNcXHUwNDM1XFx1MDQzZFxcdTA0NGUgXFxcInVzbHVnaVxcXCIgXFx1MDQ0M1xcdTA0NDFcXHUwNDNmXFx1MDQzNVxcdTA0NDhcXHUwNDNkXFx1MDQzZSBcXHUwNDM4XFx1MDQzN1xcdTA0M2NcXHUwNDM1XFx1MDQzZFxcdTA0MzVcXHUwNDNkLiBcXHUwNDFkXFx1MDQzOFxcdTA0MzZcXHUwNDM1IFxcdTA0MzJcXHUwNDRiIFxcdTA0M2NcXHUwNDNlXFx1MDQzNlxcdTA0MzVcXHUwNDQyXFx1MDQzNSBcXHUwNDQwXFx1MDQzNVxcdTA0MzRcXHUwNDMwXFx1MDQzYVxcdTA0NDJcXHUwNDM4XFx1MDQ0MFxcdTA0M2VcXHUwNDMyXFx1MDQzMFxcdTA0NDJcXHUwNDRjIFxcdTA0NDFcXHUwNDNkXFx1MDQzZVxcdTA0MzJcXHUwNDMwLlwiXSxbXCJfX2pzb25fbWVzc2FnZVwiLDAsMjUsXCJcXHUwNDQyXFx1MDQzNVxcdTA0M2FcXHUwNDQxXFx1MDQ0MlxcdTA0M2VcXHUwNDMyXFx1MDQzMFxcdTA0NGYgXFx1MDQ0MVxcdTA0NDJcXHUwNDQwXFx1MDQzMFxcdTA0M2RcXHUwNDM4XFx1MDQ0NlxcdTA0MzAgXFxcIlxcdTA0MWFcXHUwNDIyIFxcdTA0MzdcXHUwNDQzXFx1MDQzMVxcdTA0M2VcXHUwNDMyXFxcIiBcXHUwNDMxXFx1MDQ0YlxcdTA0M2IgXFx1MDQ0M1xcdTA0NDFcXHUwNDNmXFx1MDQzNVxcdTA0NDhcXHUwNDNkXFx1MDQzZSBcXHUwNDM0XFx1MDQzZVxcdTA0MzFcXHUwNDMwXFx1MDQzMlxcdTA0M2JcXHUwNDM1XFx1MDQzZC5cIl0sW1wiX19qc29uX21lc3NhZ2VcIiwwLDI1LFwiXFx1MDQ0MlxcdTA0MzVcXHUwNDNhXFx1MDQ0MVxcdTA0NDJcXHUwNDNlXFx1MDQzMlxcdTA0MzBcXHUwNDRmIFxcdTA0NDFcXHUwNDQyXFx1MDQ0MFxcdTA0MzBcXHUwNDNkXFx1MDQzOFxcdTA0NDZcXHUwNDMwIFxcXCJcXHUwNDFhXFx1MDQyMiBcXHUwNDNhXFx1MDQzOFxcdTA0NDhcXHUwNDM1XFx1MDQ0N1xcdTA0M2RcXHUwNDM4XFx1MDQzYVxcdTA0MzBcXFwiIFxcdTA0MzFcXHUwNDRiXFx1MDQzYiBcXHUwNDQzXFx1MDQ0MVxcdTA0M2ZcXHUwNDM1XFx1MDQ0OFxcdTA0M2RcXHUwNDNlIFxcdTA0MzRcXHUwNDNlXFx1MDQzMVxcdTA0MzBcXHUwNDMyXFx1MDQzYlxcdTA0MzVcXHUwNDNkLlwiXSxbXCJfX2pzb25fbWVzc2FnZVwiLDAsMjUsXCJcXHUwNDFjXFx1MDQzNVxcdTA0M2RcXHUwNDRlIFxcXCJ1c2x1Z2lcXFwiIFxcdTA0NDNcXHUwNDQxXFx1MDQzZlxcdTA0MzVcXHUwNDQ4XFx1MDQzZFxcdTA0M2UgXFx1MDQzOFxcdTA0MzdcXHUwNDNjXFx1MDQzNVxcdTA0M2RcXHUwNDM1XFx1MDQzZC4gXFx1MDQxZFxcdTA0MzhcXHUwNDM2XFx1MDQzNSBcXHUwNDMyXFx1MDQ0YiBcXHUwNDNjXFx1MDQzZVxcdTA0MzZcXHUwNDM1XFx1MDQ0MlxcdTA0MzUgXFx1MDQ0MFxcdTA0MzVcXHUwNDM0XFx1MDQzMFxcdTA0M2FcXHUwNDQyXFx1MDQzOFxcdTA0NDBcXHUwNDNlXFx1MDQzMlxcdTA0MzBcXHUwNDQyXFx1MDQ0YyBcXHUwNDQxXFx1MDQzZFxcdTA0M2VcXHUwNDMyXFx1MDQzMC5cIl0sW1wiX19qc29uX21lc3NhZ2VcIiwwLDI1LFwiXFx1MDQ0MlxcdTA0MzVcXHUwNDNhXFx1MDQ0MVxcdTA0NDJcXHUwNDNlXFx1MDQzMlxcdTA0MzBcXHUwNDRmIFxcdTA0NDFcXHUwNDQyXFx1MDQ0MFxcdTA0MzBcXHUwNDNkXFx1MDQzOFxcdTA0NDZcXHUwNDMwIFxcXCJcXHUwNDFjXFx1MDQyMFxcdTA0MjIgXFx1MDQ0MVxcdTA0M2VcXHUwNDQxXFx1MDQ0M1xcdTA0MzRcXHUwNDNlXFx1MDQzMlxcXCIgXFx1MDQzMVxcdTA0NGJcXHUwNDNiIFxcdTA0NDNcXHUwNDQxXFx1MDQzZlxcdTA0MzVcXHUwNDQ4XFx1MDQzZFxcdTA0M2UgXFx1MDQzNFxcdTA0M2VcXHUwNDMxXFx1MDQzMFxcdTA0MzJcXHUwNDNiXFx1MDQzNVxcdTA0M2QuXCJdLFtcIl9fanNvbl9tZXNzYWdlXCIsMCwyNSxcIlxcdTA0MWNcXHUwNDM1XFx1MDQzZFxcdTA0NGUgXFxcInVzbHVnaVxcXCIgXFx1MDQ0M1xcdTA0NDFcXHUwNDNmXFx1MDQzNVxcdTA0NDhcXHUwNDNkXFx1MDQzZSBcXHUwNDM4XFx1MDQzN1xcdTA0M2NcXHUwNDM1XFx1MDQzZFxcdTA0MzVcXHUwNDNkLiBcXHUwNDFkXFx1MDQzOFxcdTA0MzZcXHUwNDM1IFxcdTA0MzJcXHUwNDRiIFxcdTA0M2NcXHUwNDNlXFx1MDQzNlxcdTA0MzVcXHUwNDQyXFx1MDQzNSBcXHUwNDQwXFx1MDQzNVxcdTA0MzRcXHUwNDMwXFx1MDQzYVxcdTA0NDJcXHUwNDM4XFx1MDQ0MFxcdTA0M2VcXHUwNDMyXFx1MDQzMFxcdTA0NDJcXHUwNDRjIFxcdTA0NDFcXHUwNDNkXFx1MDQzZVxcdTA0MzJcXHUwNDMwLlwiXSxbXCJfX2pzb25fbWVzc2FnZVwiLDAsMjUsXCJcXHUwNDQyXFx1MDQzNVxcdTA0M2FcXHUwNDQxXFx1MDQ0MlxcdTA0M2VcXHUwNDMyXFx1MDQzMFxcdTA0NGYgXFx1MDQ0MVxcdTA0NDJcXHUwNDQwXFx1MDQzMFxcdTA0M2RcXHUwNDM4XFx1MDQ0NlxcdTA0MzAgXFxcIlxcdTA0MWNcXHUwNDIwXFx1MDQyMiBcXHUwNDQ4XFx1MDQzNVxcdTA0MzlcXHUwNDNkXFx1MDQzZVxcdTA0MzNcXHUwNDNlIFxcdTA0M2VcXHUwNDQyXFx1MDQzNFxcdTA0MzVcXHUwNDNiXFx1MDQzMFxcXCIgXFx1MDQzMVxcdTA0NGJcXHUwNDNiIFxcdTA0NDNcXHUwNDQxXFx1MDQzZlxcdTA0MzVcXHUwNDQ4XFx1MDQzZFxcdTA0M2UgXFx1MDQzNFxcdTA0M2VcXHUwNDMxXFx1MDQzMFxcdTA0MzJcXHUwNDNiXFx1MDQzNVxcdTA0M2QuXCJdLFtcIl9fanNvbl9tZXNzYWdlXCIsMCwyNSxcIlxcdTA0NDJcXHUwNDM1XFx1MDQzYVxcdTA0NDFcXHUwNDQyXFx1MDQzZVxcdTA0MzJcXHUwNDMwXFx1MDQ0ZiBcXHUwNDQxXFx1MDQ0MlxcdTA0NDBcXHUwNDMwXFx1MDQzZFxcdTA0MzhcXHUwNDQ2XFx1MDQzMCBcXFwiXFx1MDQxY1xcdTA0MjBcXHUwNDIyIFxcdTA0M2FcXHUwNDQwXFx1MDQzNVxcdTA0NDFcXHUwNDQyXFx1MDQ0NlxcdTA0M2VcXHUwNDMyXFx1MDQzZSBcXHUwNDNmXFx1MDQzZVxcdTA0NGZcXHUwNDQxXFx1MDQzZFxcdTA0MzhcXHUwNDQ3XFx1MDQzZFxcdTA0M2VcXHUwNDMzXFx1MDQzZSBcXHUwNDNlXFx1MDQ0MlxcdTA0MzRcXHUwNDM1XFx1MDQzYlxcdTA0MzBcXFwiIFxcdTA0MzFcXHUwNDRiXFx1MDQzYiBcXHUwNDQzXFx1MDQ0MVxcdTA0M2ZcXHUwNDM1XFx1MDQ0OFxcdTA0M2RcXHUwNDNlIFxcdTA0MzRcXHUwNDNlXFx1MDQzMVxcdTA0MzBcXHUwNDMyXFx1MDQzYlxcdTA0MzVcXHUwNDNkLlwiXSxbXCJfX2pzb25fbWVzc2FnZVwiLDAsMjUsXCJcXHUwNDQyXFx1MDQzNVxcdTA0M2FcXHUwNDQxXFx1MDQ0MlxcdTA0M2VcXHUwNDMyXFx1MDQzMFxcdTA0NGYgXFx1MDQ0MVxcdTA0NDJcXHUwNDQwXFx1MDQzMFxcdTA0M2RcXHUwNDM4XFx1MDQ0NlxcdTA0MzAgXFxcIlxcdTA0MWNcXHUwNDIwXFx1MDQyMiBcXHUwNDNhXFx1MDQ0MFxcdTA0MzVcXHUwNDQxXFx1MDQ0MlxcdTA0NDZcXHUwNDNlXFx1MDQzMlxcdTA0M2UgXFx1MDQzZlxcdTA0M2VcXHUwNDRmXFx1MDQ0MVxcdTA0M2RcXHUwNDM4XFx1MDQ0N1xcdTA0M2RcXHUwNDNlXFx1MDQzM1xcdTA0M2UgXFx1MDQzZVxcdTA0NDJcXHUwNDM0XFx1MDQzNVxcdTA0M2JcXHUwNDMwXFxcIiBcXHUwNDMxXFx1MDQ0YlxcdTA0M2IgXFx1MDQ0M1xcdTA0NDFcXHUwNDNmXFx1MDQzNVxcdTA0NDhcXHUwNDNkXFx1MDQzZSBcXHUwNDM4XFx1MDQzN1xcdTA0M2NcXHUwNDM1XFx1MDQzZFxcdTA0MzVcXHUwNDNkLlwiXSxbXCJfX2pzb25fbWVzc2FnZVwiLDAsMjUsXCJcXHUwNDFjXFx1MDQzNVxcdTA0M2RcXHUwNDRlIFxcXCJ1c2x1Z2lcXFwiIFxcdTA0MzFcXHUwNDRiXFx1MDQzYiBcXHUwNDQzXFx1MDQ0MVxcdTA0M2ZcXHUwNDM1XFx1MDQ0OFxcdTA0M2RcXHUwNDNlIFxcdTA0MzhcXHUwNDM3XFx1MDQzY1xcdTA0MzVcXHUwNDNkXFx1MDQzNVxcdTA0M2QuXCJdLFtcIl9fanNvbl9tZXNzYWdlXCIsMCwyNSxcIlxcdTA0NDJcXHUwNDM1XFx1MDQzYVxcdTA0NDFcXHUwNDQyXFx1MDQzZVxcdTA0MzJcXHUwNDMwXFx1MDQ0ZiBcXHUwNDQxXFx1MDQ0MlxcdTA0NDBcXHUwNDMwXFx1MDQzZFxcdTA0MzhcXHUwNDQ2XFx1MDQzMCBcXFwiXFx1MDQxY1xcdTA0MjBcXHUwNDIyIFxcdTA0NDFcXHUwNDNlXFx1MDQ0MVxcdTA0NDNcXHUwNDM0XFx1MDQzZVxcdTA0MzJcXFwiIFxcdTA0MzFcXHUwNDRiXFx1MDQzYiBcXHUwNDQzXFx1MDQ0MVxcdTA0M2ZcXHUwNDM1XFx1MDQ0OFxcdTA0M2RcXHUwNDNlIFxcdTA0MzhcXHUwNDM3XFx1MDQzY1xcdTA0MzVcXHUwNDNkXFx1MDQzNVxcdTA0M2QuXCJdLFtcIl9fanNvbl9tZXNzYWdlXCIsMCwyNSxcIlxcdTA0NDJcXHUwNDM1XFx1MDQzYVxcdTA0NDFcXHUwNDQyXFx1MDQzZVxcdTA0MzJcXHUwNDMwXFx1MDQ0ZiBcXHUwNDQxXFx1MDQ0MlxcdTA0NDBcXHUwNDMwXFx1MDQzZFxcdTA0MzhcXHUwNDQ2XFx1MDQzMCBcXFwiXFx1MDQxYVxcdTA0MjIgXFx1MDQzYVxcdTA0MzhcXHUwNDQ4XFx1MDQzNVxcdTA0NDdcXHUwNDNkXFx1MDQzOFxcdTA0M2FcXHUwNDMwXFxcIiBcXHUwNDMxXFx1MDQ0YlxcdTA0M2IgXFx1MDQ0M1xcdTA0NDFcXHUwNDNmXFx1MDQzNVxcdTA0NDhcXHUwNDNkXFx1MDQzZSBcXHUwNDM4XFx1MDQzN1xcdTA0M2NcXHUwNDM1XFx1MDQzZFxcdTA0MzVcXHUwNDNkLlwiXSxbXCJfX2pzb25fbWVzc2FnZVwiLDAsMjUsXCJcXHUwNDQyXFx1MDQzNVxcdTA0M2FcXHUwNDQxXFx1MDQ0MlxcdTA0M2VcXHUwNDMyXFx1MDQzMFxcdTA0NGYgXFx1MDQ0MVxcdTA0NDJcXHUwNDQwXFx1MDQzMFxcdTA0M2RcXHUwNDM4XFx1MDQ0NlxcdTA0MzAgXFxcIlxcdTA0MWFcXHUwNDIyIFxcdTA0MzNcXHUwNDNlXFx1MDQzYlxcdTA0M2VcXHUwNDMyXFx1MDQzZFxcdTA0M2VcXHUwNDMzXFx1MDQzZSBcXHUwNDNjXFx1MDQzZVxcdTA0MzdcXHUwNDMzXFx1MDQzMFxcXCIgXFx1MDQzMVxcdTA0NGJcXHUwNDNiIFxcdTA0NDNcXHUwNDQxXFx1MDQzZlxcdTA0MzVcXHUwNDQ4XFx1MDQzZFxcdTA0M2UgXFx1MDQzOFxcdTA0MzdcXHUwNDNjXFx1MDQzNVxcdTA0M2RcXHUwNDM1XFx1MDQzZC5cIl0sW1wiX19qc29uX21lc3NhZ2VcIiwwLDI1LFwiXFx1MDQxY1xcdTA0MzVcXHUwNDNkXFx1MDQ0ZSBcXFwidXNsdWdpXFxcIiBcXHUwNDMxXFx1MDQ0YlxcdTA0M2IgXFx1MDQ0M1xcdTA0NDFcXHUwNDNmXFx1MDQzNVxcdTA0NDhcXHUwNDNkXFx1MDQzZSBcXHUwNDM4XFx1MDQzN1xcdTA0M2NcXHUwNDM1XFx1MDQzZFxcdTA0MzVcXHUwNDNkLlwiXSxbXCJfX2pzb25fbWVzc2FnZVwiLDAsMjUsXCJcXHUwNDQyXFx1MDQzNVxcdTA0M2FcXHUwNDQxXFx1MDQ0MlxcdTA0M2VcXHUwNDMyXFx1MDQzMFxcdTA0NGYgXFx1MDQ0MVxcdTA0NDJcXHUwNDQwXFx1MDQzMFxcdTA0M2RcXHUwNDM4XFx1MDQ0NlxcdTA0MzAgXFxcIlxcdTA0MWNcXHUwNDIwXFx1MDQyMiBcXHUwNDNmXFx1MDQzZVxcdTA0MzdcXHUwNDMyXFx1MDQzZVxcdTA0M2RcXHUwNDNlXFx1MDQ0N1xcdTA0M2RcXHUwNDM4XFx1MDQzYVxcdTA0MzBcXFwiIFxcdTA0MzFcXHUwNDRiXFx1MDQzYiBcXHUwNDQzXFx1MDQ0MVxcdTA0M2ZcXHUwNDM1XFx1MDQ0OFxcdTA0M2RcXHUwNDNlIFxcdTA0MzhcXHUwNDM3XFx1MDQzY1xcdTA0MzVcXHUwNDNkXFx1MDQzNVxcdTA0M2QuXCJdLFtcIl9fanNvbl9tZXNzYWdlXCIsMCwyNSxcIlxcdTA0NDJcXHUwNDM1XFx1MDQzYVxcdTA0NDFcXHUwNDQyXFx1MDQzZVxcdTA0MzJcXHUwNDMwXFx1MDQ0ZiBcXHUwNDQxXFx1MDQ0MlxcdTA0NDBcXHUwNDMwXFx1MDQzZFxcdTA0MzhcXHUwNDQ2XFx1MDQzMCBcXFwiXFx1MDQxY1xcdTA0MjBcXHUwNDIyIFxcdTA0M2NcXHUwNDMwXFx1MDQzYlxcdTA0M2VcXHUwNDMzXFx1MDQzZSBcXHUwNDQyXFx1MDQzMFxcdTA0MzdcXHUwNDMwXFxcIiBcXHUwNDMxXFx1MDQ0YlxcdTA0M2IgXFx1MDQ0M1xcdTA0NDFcXHUwNDNmXFx1MDQzNVxcdTA0NDhcXHUwNDNkXFx1MDQzZSBcXHUwNDM4XFx1MDQzN1xcdTA0M2NcXHUwNDM1XFx1MDQzZFxcdTA0MzVcXHUwNDNkLlwiXSxbXCJfX2pzb25fbWVzc2FnZVwiLDAsMjUsXCJcXHUwNDQyXFx1MDQzNVxcdTA0M2FcXHUwNDQxXFx1MDQ0MlxcdTA0M2VcXHUwNDMyXFx1MDQzMFxcdTA0NGYgXFx1MDQ0MVxcdTA0NDJcXHUwNDQwXFx1MDQzMFxcdTA0M2RcXHUwNDM4XFx1MDQ0NlxcdTA0MzAgXFxcIlxcdTA0MWNcXHUwNDIwXFx1MDQyMiBcXHUwNDQxXFx1MDQ0M1xcdTA0NDFcXHUwNDQyXFx1MDQzMFxcdTA0MzJcXHUwNDNlXFx1MDQzMlxcXCIgXFx1MDQzMVxcdTA0NGJcXHUwNDNiIFxcdTA0NDNcXHUwNDQxXFx1MDQzZlxcdTA0MzVcXHUwNDQ4XFx1MDQzZFxcdTA0M2UgXFx1MDQzOFxcdTA0MzdcXHUwNDNjXFx1MDQzNVxcdTA0M2RcXHUwNDM1XFx1MDQzZC5cIl0sW1wiX19qc29uX21lc3NhZ2VcIiwwLDI1LFwiXFx1MDQ0MlxcdTA0MzVcXHUwNDNhXFx1MDQ0MVxcdTA0NDJcXHUwNDNlXFx1MDQzMlxcdTA0MzBcXHUwNDRmIFxcdTA0NDFcXHUwNDQyXFx1MDQ0MFxcdTA0MzBcXHUwNDNkXFx1MDQzOFxcdTA0NDZcXHUwNDMwIFxcXCJcXHUwNDFjXFx1MDQyMFxcdTA0MjIgXFx1MDQ0MVxcdTA0M2VcXHUwNDQxXFx1MDQ0M1xcdTA0MzRcXHUwNDNlXFx1MDQzMlxcXCIgXFx1MDQzMVxcdTA0NGJcXHUwNDNiIFxcdTA0NDNcXHUwNDQxXFx1MDQzZlxcdTA0MzVcXHUwNDQ4XFx1MDQzZFxcdTA0M2UgXFx1MDQzOFxcdTA0MzdcXHUwNDNjXFx1MDQzNVxcdTA0M2RcXHUwNDM1XFx1MDQzZC5cIl0sW1wiX19qc29uX21lc3NhZ2VcIiwwLDI1LFwiXFx1MDQ0MlxcdTA0MzVcXHUwNDNhXFx1MDQ0MVxcdTA0NDJcXHUwNDNlXFx1MDQzMlxcdTA0MzBcXHUwNDRmIFxcdTA0NDFcXHUwNDQyXFx1MDQ0MFxcdTA0MzBcXHUwNDNkXFx1MDQzOFxcdTA0NDZcXHUwNDMwIFxcXCJcXHUwNDFjXFx1MDQyMFxcdTA0MjIgXFx1MDQzYVxcdTA0NDBcXHUwNDM1XFx1MDQ0MVxcdTA0NDJcXHUwNDQ2XFx1MDQzZVxcdTA0MzJcXHUwNDNlIFxcdTA0M2ZcXHUwNDNlXFx1MDQ0ZlxcdTA0NDFcXHUwNDNkXFx1MDQzOFxcdTA0NDdcXHUwNDNkXFx1MDQzZVxcdTA0MzNcXHUwNDNlIFxcdTA0M2VcXHUwNDQyXFx1MDQzNFxcdTA0MzVcXHUwNDNiXFx1MDQzMFxcXCIgXFx1MDQzMVxcdTA0NGJcXHUwNDNiIFxcdTA0NDNcXHUwNDQxXFx1MDQzZlxcdTA0MzVcXHUwNDQ4XFx1MDQzZFxcdTA0M2UgXFx1MDQzOFxcdTA0MzdcXHUwNDNjXFx1MDQzNVxcdTA0M2RcXHUwNDM1XFx1MDQzZC5cIl0sW1wiX19qc29uX21lc3NhZ2VcIiwwLDI1LFwiXFx1MDQ0MlxcdTA0MzVcXHUwNDNhXFx1MDQ0MVxcdTA0NDJcXHUwNDNlXFx1MDQzMlxcdTA0MzBcXHUwNDRmIFxcdTA0NDFcXHUwNDQyXFx1MDQ0MFxcdTA0MzBcXHUwNDNkXFx1MDQzOFxcdTA0NDZcXHUwNDMwIFxcXCJcXHUwNDFjXFx1MDQyMFxcdTA0MjIgXFx1MDQ0OFxcdTA0MzVcXHUwNDM5XFx1MDQzZFxcdTA0M2VcXHUwNDMzXFx1MDQzZSBcXHUwNDNlXFx1MDQ0MlxcdTA0MzRcXHUwNDM1XFx1MDQzYlxcdTA0MzBcXFwiIFxcdTA0MzFcXHUwNDRiXFx1MDQzYiBcXHUwNDQzXFx1MDQ0MVxcdTA0M2ZcXHUwNDM1XFx1MDQ0OFxcdTA0M2RcXHUwNDNlIFxcdTA0MzhcXHUwNDM3XFx1MDQzY1xcdTA0MzVcXHUwNDNkXFx1MDQzNVxcdTA0M2QuXCJdLFtcIl9fanNvbl9tZXNzYWdlXCIsMCwyNSxcIlxcdTA0NDJcXHUwNDM1XFx1MDQzYVxcdTA0NDFcXHUwNDQyXFx1MDQzZVxcdTA0MzJcXHUwNDMwXFx1MDQ0ZiBcXHUwNDQxXFx1MDQ0MlxcdTA0NDBcXHUwNDMwXFx1MDQzZFxcdTA0MzhcXHUwNDQ2XFx1MDQzMCBcXFwiXFx1MDQxY1xcdTA0MjBcXHUwNDIyIFxcdTA0MzNcXHUwNDNlXFx1MDQzYlxcdTA0M2VcXHUwNDMyXFx1MDQzZFxcdTA0M2VcXHUwNDMzXFx1MDQzZSBcXHUwNDNjXFx1MDQzZVxcdTA0MzdcXHUwNDMzXFx1MDQzMFxcXCIgXFx1MDQzMVxcdTA0NGJcXHUwNDNiIFxcdTA0NDNcXHUwNDQxXFx1MDQzZlxcdTA0MzVcXHUwNDQ4XFx1MDQzZFxcdTA0M2UgXFx1MDQzNFxcdTA0M2VcXHUwNDMxXFx1MDQzMFxcdTA0MzJcXHUwNDNiXFx1MDQzNVxcdTA0M2QuXCJdLFtcIl9fanNvbl9tZXNzYWdlXCIsMCwyNSxcIlxcdTA0NDJcXHUwNDM1XFx1MDQzYVxcdTA0NDFcXHUwNDQyXFx1MDQzZVxcdTA0MzJcXHUwNDMwXFx1MDQ0ZiBcXHUwNDQxXFx1MDQ0MlxcdTA0NDBcXHUwNDMwXFx1MDQzZFxcdTA0MzhcXHUwNDQ2XFx1MDQzMCBcXFwiXFx1MDQxYVxcdTA0MjIgXFx1MDQzY1xcdTA0MzBcXHUwNDNiXFx1MDQzZVxcdTA0MzNcXHUwNDNlIFxcdTA0NDJcXHUwNDMwXFx1MDQzN1xcdTA0MzBcXFwiIFxcdTA0MzFcXHUwNDRiXFx1MDQzYiBcXHUwNDQzXFx1MDQ0MVxcdTA0M2ZcXHUwNDM1XFx1MDQ0OFxcdTA0M2RcXHUwNDNlIFxcdTA0MzRcXHUwNDNlXFx1MDQzMVxcdTA0MzBcXHUwNDMyXFx1MDQzYlxcdTA0MzVcXHUwNDNkLlwiXSxbXCJfX2pzb25fbWVzc2FnZVwiLDAsMjUsXCJcXHUwNDQyXFx1MDQzNVxcdTA0M2FcXHUwNDQxXFx1MDQ0MlxcdTA0M2VcXHUwNDMyXFx1MDQzMFxcdTA0NGYgXFx1MDQ0MVxcdTA0NDJcXHUwNDQwXFx1MDQzMFxcdTA0M2RcXHUwNDM4XFx1MDQ0NlxcdTA0MzAgXFxcIlxcdTA0MWFcXHUwNDIyIFxcdTA0M2JcXHUwNDM1XFx1MDQzM1xcdTA0M2FcXHUwNDM4XFx1MDQ0NVxcXCIgXFx1MDQzMVxcdTA0NGJcXHUwNDNiIFxcdTA0NDNcXHUwNDQxXFx1MDQzZlxcdTA0MzVcXHUwNDQ4XFx1MDQzZFxcdTA0M2UgXFx1MDQzOFxcdTA0MzdcXHUwNDNjXFx1MDQzNVxcdTA0M2RcXHUwNDM1XFx1MDQzZC5cIl0sW1wiX19qc29uX21lc3NhZ2VcIiwwLDI1LFwiXFx1MDQ0MlxcdTA0MzVcXHUwNDNhXFx1MDQ0MVxcdTA0NDJcXHUwNDNlXFx1MDQzMlxcdTA0MzBcXHUwNDRmIFxcdTA0NDFcXHUwNDQyXFx1MDQ0MFxcdTA0MzBcXHUwNDNkXFx1MDQzOFxcdTA0NDZcXHUwNDMwIFxcXCJcXHUwNDFhXFx1MDQyMiBcXHUwNDNkXFx1MDQzZVxcdTA0NDFcXHUwNDMwXFxcIiBcXHUwNDMxXFx1MDQ0YlxcdTA0M2IgXFx1MDQ0M1xcdTA0NDFcXHUwNDNmXFx1MDQzNVxcdTA0NDhcXHUwNDNkXFx1MDQzZSBcXHUwNDM4XFx1MDQzN1xcdTA0M2NcXHUwNDM1XFx1MDQzZFxcdTA0MzVcXHUwNDNkLlwiXSxbXCJfX2pzb25fbWVzc2FnZVwiLDAsMjUsXCJcXHUwNDQyXFx1MDQzNVxcdTA0M2FcXHUwNDQxXFx1MDQ0MlxcdTA0M2VcXHUwNDMyXFx1MDQzMFxcdTA0NGYgXFx1MDQ0MVxcdTA0NDJcXHUwNDQwXFx1MDQzMFxcdTA0M2RcXHUwNDM4XFx1MDQ0NlxcdTA0MzAgXFxcIlxcdTA0MWFcXHUwNDIyIFxcdTA0MzNcXHUwNDNlXFx1MDQzYlxcdTA0M2VcXHUwNDMyXFx1MDQzZFxcdTA0M2VcXHUwNDMzXFx1MDQzZSBcXHUwNDNjXFx1MDQzZVxcdTA0MzdcXHUwNDMzXFx1MDQzMFxcXCIgXFx1MDQzMVxcdTA0NGJcXHUwNDNiIFxcdTA0NDNcXHUwNDQxXFx1MDQzZlxcdTA0MzVcXHUwNDQ4XFx1MDQzZFxcdTA0M2UgXFx1MDQzOFxcdTA0MzdcXHUwNDNjXFx1MDQzNVxcdTA0M2RcXHUwNDM1XFx1MDQzZC5cIl0sW1wiX19qc29uX21lc3NhZ2VcIiwwLDI1LFwiXFx1MDQ0MlxcdTA0MzVcXHUwNDNhXFx1MDQ0MVxcdTA0NDJcXHUwNDNlXFx1MDQzMlxcdTA0MzBcXHUwNDRmIFxcdTA0NDFcXHUwNDQyXFx1MDQ0MFxcdTA0MzBcXHUwNDNkXFx1MDQzOFxcdTA0NDZcXHUwNDMwIFxcXCJcXHUwNDFhXFx1MDQyMiBcXHUwNDM3XFx1MDQ0M1xcdTA0MzFcXHUwNDNlXFx1MDQzMlxcXCIgXFx1MDQzMVxcdTA0NGJcXHUwNDNiIFxcdTA0NDNcXHUwNDQxXFx1MDQzZlxcdTA0MzVcXHUwNDQ4XFx1MDQzZFxcdTA0M2UgXFx1MDQzOFxcdTA0MzdcXHUwNDNjXFx1MDQzNVxcdTA0M2RcXHUwNDM1XFx1MDQzZC5cIl0sW1wiX19qc29uX21lc3NhZ2VcIiwwLDI1LFwiXFx1MDQ0MlxcdTA0MzVcXHUwNDNhXFx1MDQ0MVxcdTA0NDJcXHUwNDNlXFx1MDQzMlxcdTA0MzBcXHUwNDRmIFxcdTA0NDFcXHUwNDQyXFx1MDQ0MFxcdTA0MzBcXHUwNDNkXFx1MDQzOFxcdTA0NDZcXHUwNDMwIFxcXCJcXHUwNDFhXFx1MDQyMiBcXHUwNDNmXFx1MDQzZVxcdTA0MzdcXHUwNDMyXFx1MDQzZVxcdTA0M2RcXHUwNDNlXFx1MDQ0N1xcdTA0M2RcXHUwNDM4XFx1MDQzYVxcdTA0MzBcXFwiIFxcdTA0MzFcXHUwNDRiXFx1MDQzYiBcXHUwNDQzXFx1MDQ0MVxcdTA0M2ZcXHUwNDM1XFx1MDQ0OFxcdTA0M2RcXHUwNDNlIFxcdTA0MzRcXHUwNDNlXFx1MDQzMVxcdTA0MzBcXHUwNDMyXFx1MDQzYlxcdTA0MzVcXHUwNDNkLlwiXSxbXCJfX2pzb25fbWVzc2FnZVwiLDAsMjUsXCJcXHUwNDQyXFx1MDQzNVxcdTA0M2FcXHUwNDQxXFx1MDQ0MlxcdTA0M2VcXHUwNDMyXFx1MDQzMFxcdTA0NGYgXFx1MDQ0MVxcdTA0NDJcXHUwNDQwXFx1MDQzMFxcdTA0M2RcXHUwNDM4XFx1MDQ0NlxcdTA0MzAgXFxcIlxcdTA0MWFcXHUwNDIyIFxcdTA0MzFcXHUwNDQwXFx1MDQ0ZVxcdTA0NDhcXHUwNDNkXFx1MDQzZVxcdTA0MzkgXFx1MDQzZlxcdTA0M2VcXHUwNDNiXFx1MDQzZVxcdTA0NDFcXHUwNDQyXFx1MDQzOFxcXCIgXFx1MDQzMVxcdTA0NGJcXHUwNDNiIFxcdTA0NDNcXHUwNDQxXFx1MDQzZlxcdTA0MzVcXHUwNDQ4XFx1MDQzZFxcdTA0M2UgXFx1MDQzNFxcdTA0M2VcXHUwNDMxXFx1MDQzMFxcdTA0MzJcXHUwNDNiXFx1MDQzNVxcdTA0M2QuXCJdLFtcIl9fanNvbl9tZXNzYWdlXCIsMCwyNSxcIlxcdTA0NDJcXHUwNDM1XFx1MDQzYVxcdTA0NDFcXHUwNDQyXFx1MDQzZVxcdTA0MzJcXHUwNDMwXFx1MDQ0ZiBcXHUwNDQxXFx1MDQ0MlxcdTA0NDBcXHUwNDMwXFx1MDQzZFxcdTA0MzhcXHUwNDQ2XFx1MDQzMCBcXFwiXFx1MDQxYVxcdTA0MjIgXFx1MDQzYVxcdTA0MzhcXHUwNDQ4XFx1MDQzNVxcdTA0NDdcXHUwNDNkXFx1MDQzOFxcdTA0M2FcXHUwNDMwXFxcIiBcXHUwNDMxXFx1MDQ0YlxcdTA0M2IgXFx1MDQ0M1xcdTA0NDFcXHUwNDNmXFx1MDQzNVxcdTA0NDhcXHUwNDNkXFx1MDQzZSBcXHUwNDM4XFx1MDQzN1xcdTA0M2NcXHUwNDM1XFx1MDQzZFxcdTA0MzVcXHUwNDNkLlwiXSxbXCJfX2pzb25fbWVzc2FnZVwiLDAsMjUsXCJcXHUwNDQyXFx1MDQzNVxcdTA0M2FcXHUwNDQxXFx1MDQ0MlxcdTA0M2VcXHUwNDMyXFx1MDQzMFxcdTA0NGYgXFx1MDQ0MVxcdTA0NDJcXHUwNDQwXFx1MDQzMFxcdTA0M2RcXHUwNDM4XFx1MDQ0NlxcdTA0MzAgXFxcIlxcdTA0MWFcXHUwNDIyIFxcdTA0NDFcXHUwNDNlXFx1MDQ0MVxcdTA0NDNcXHUwNDM0XFx1MDQzZVxcdTA0MzJcXFwiIFxcdTA0MzFcXHUwNDRiXFx1MDQzYiBcXHUwNDQzXFx1MDQ0MVxcdTA0M2ZcXHUwNDM1XFx1MDQ0OFxcdTA0M2RcXHUwNDNlIFxcdTA0MzRcXHUwNDNlXFx1MDQzMVxcdTA0MzBcXHUwNDMyXFx1MDQzYlxcdTA0MzVcXHUwNDNkLlwiXSxbXCJfX2pzb25fbWVzc2FnZVwiLDAsMjUsXCJcXHUwNDQyXFx1MDQzNVxcdTA0M2FcXHUwNDQxXFx1MDQ0MlxcdTA0M2VcXHUwNDMyXFx1MDQzMFxcdTA0NGYgXFx1MDQ0MVxcdTA0NDJcXHUwNDQwXFx1MDQzMFxcdTA0M2RcXHUwNDM4XFx1MDQ0NlxcdTA0MzAgXFxcIlxcdTA0MWFcXHUwNDIyIFxcdTA0NDFcXHUwNDQzXFx1MDQ0MVxcdTA0NDJcXHUwNDMwXFx1MDQzMlxcdTA0M2VcXHUwNDMyXFxcIiBcXHUwNDMxXFx1MDQ0YlxcdTA0M2IgXFx1MDQ0M1xcdTA0NDFcXHUwNDNmXFx1MDQzNVxcdTA0NDhcXHUwNDNkXFx1MDQzZSBcXHUwNDM0XFx1MDQzZVxcdTA0MzFcXHUwNDMwXFx1MDQzMlxcdTA0M2JcXHUwNDM1XFx1MDQzZC5cIl0sW1wiX19qc29uX21lc3NhZ2VcIiwwLDI1LFwiXFx1MDQxY1xcdTA0MzVcXHUwNDNkXFx1MDQ0ZSBcXFwidXNsdWdpXFxcIiBcXHUwNDMxXFx1MDQ0YlxcdTA0M2IgXFx1MDQ0M1xcdTA0NDFcXHUwNDNmXFx1MDQzNVxcdTA0NDhcXHUwNDNkXFx1MDQzZSBcXHUwNDM4XFx1MDQzN1xcdTA0M2NcXHUwNDM1XFx1MDQzZFxcdTA0MzVcXHUwNDNkLlwiXSxbXCJfX2pzb25fbWVzc2FnZVwiLDAsMjUsXCJcXHUwNDFjXFx1MDQzNVxcdTA0M2RcXHUwNDRlIFxcXCJ1c2x1Z2lcXFwiIFxcdTA0MzFcXHUwNDRiXFx1MDQzYiBcXHUwNDQzXFx1MDQ0MVxcdTA0M2ZcXHUwNDM1XFx1MDQ0OFxcdTA0M2RcXHUwNDNlIFxcdTA0MzhcXHUwNDM3XFx1MDQzY1xcdTA0MzVcXHUwNDNkXFx1MDQzNVxcdTA0M2QuXCJdLFtcIl9fanNvbl9tZXNzYWdlXCIsMCwyNSxcIlxcdTA0MWNcXHUwNDM1XFx1MDQzZFxcdTA0NGUgXFxcInVzbHVnaVxcXCIgXFx1MDQzMVxcdTA0NGJcXHUwNDNiIFxcdTA0NDNcXHUwNDQxXFx1MDQzZlxcdTA0MzVcXHUwNDQ4XFx1MDQzZFxcdTA0M2UgXFx1MDQzOFxcdTA0MzdcXHUwNDNjXFx1MDQzNVxcdTA0M2RcXHUwNDM1XFx1MDQzZC5cIl0sW1wiX19qc29uX21lc3NhZ2VcIiwwLDI1LFwiXFx1MDQxY1xcdTA0MzVcXHUwNDNkXFx1MDQ0ZSBcXFwidXNsdWdpXFxcIiBcXHUwNDMxXFx1MDQ0YlxcdTA0M2IgXFx1MDQ0M1xcdTA0NDFcXHUwNDNmXFx1MDQzNVxcdTA0NDhcXHUwNDNkXFx1MDQzZSBcXHUwNDM4XFx1MDQzN1xcdTA0M2NcXHUwNDM1XFx1MDQzZFxcdTA0MzVcXHUwNDNkLlwiXSxbXCJfX2pzb25fbWVzc2FnZVwiLDAsMjUsXCJcXHUwNDQyXFx1MDQzNVxcdTA0M2FcXHUwNDQxXFx1MDQ0MlxcdTA0M2VcXHUwNDMyXFx1MDQzMFxcdTA0NGYgXFx1MDQ0MVxcdTA0NDJcXHUwNDQwXFx1MDQzMFxcdTA0M2RcXHUwNDM4XFx1MDQ0NlxcdTA0MzAgXFxcIlxcdTA0MTFcXHUwNDQwXFx1MDQ0ZVxcdTA0NDhcXHUwNDNkXFx1MDQzMFxcdTA0NGYgXFx1MDQzZlxcdTA0M2VcXHUwNDNiXFx1MDQzZVxcdTA0NDFcXHUwNDQyXFx1MDQ0Y1xcXCIgXFx1MDQzMVxcdTA0NGJcXHUwNDNiIFxcdTA0NDNcXHUwNDQxXFx1MDQzZlxcdTA0MzVcXHUwNDQ4XFx1MDQzZFxcdTA0M2UgXFx1MDQ0M1xcdTA0MzRcXHUwNDMwXFx1MDQzYlxcdTA0MzVcXHUwNDNkLlwiXSxbXCJfX2pzb25fbWVzc2FnZVwiLDAsMjUsXCJcXHUwNDQyXFx1MDQzNVxcdTA0M2FcXHUwNDQxXFx1MDQ0MlxcdTA0M2VcXHUwNDMyXFx1MDQzMFxcdTA0NGYgXFx1MDQ0MVxcdTA0NDJcXHUwNDQwXFx1MDQzMFxcdTA0M2RcXHUwNDM4XFx1MDQ0NlxcdTA0MzAgXFxcIlxcdTA0MWFcXHUwNDIyIFxcdTA0M2ZcXHUwNDNlXFx1MDQ0N1xcdTA0MzVcXHUwNDNhXFxcIiBcXHUwNDMxXFx1MDQ0YlxcdTA0M2IgXFx1MDQ0M1xcdTA0NDFcXHUwNDNmXFx1MDQzNVxcdTA0NDhcXHUwNDNkXFx1MDQzZSBcXHUwNDM0XFx1MDQzZVxcdTA0MzFcXHUwNDMwXFx1MDQzMlxcdTA0M2JcXHUwNDM1XFx1MDQzZC5cIl0sW1wiX19qc29uX21lc3NhZ2VcIiwwLDI1LFwiXFx1MDQxY1xcdTA0MzVcXHUwNDNkXFx1MDQ0ZSBcXFwidXNsdWdpXFxcIiBcXHUwNDMxXFx1MDQ0YlxcdTA0M2IgXFx1MDQ0M1xcdTA0NDFcXHUwNDNmXFx1MDQzNVxcdTA0NDhcXHUwNDNkXFx1MDQzZSBcXHUwNDM4XFx1MDQzN1xcdTA0M2NcXHUwNDM1XFx1MDQzZFxcdTA0MzVcXHUwNDNkLlwiXSxbXCJfX2pzb25fbWVzc2FnZVwiLDAsMjUsXCJcXHUwNDQyXFx1MDQzNVxcdTA0M2FcXHUwNDQxXFx1MDQ0MlxcdTA0M2VcXHUwNDMyXFx1MDQzMFxcdTA0NGYgXFx1MDQ0MVxcdTA0NDJcXHUwNDQwXFx1MDQzMFxcdTA0M2RcXHUwNDM4XFx1MDQ0NlxcdTA0MzAgXFxcIlxcdTA0MWFcXHUwNDIyIFxcdTA0M2ZcXHUwNDNlXFx1MDQ0N1xcdTA0MzVcXHUwNDNhXFxcIiBcXHUwNDMxXFx1MDQ0YlxcdTA0M2IgXFx1MDQ0M1xcdTA0NDFcXHUwNDNmXFx1MDQzNVxcdTA0NDhcXHUwNDNkXFx1MDQzZSBcXHUwNDM4XFx1MDQzN1xcdTA0M2NcXHUwNDM1XFx1MDQzZFxcdTA0MzVcXHUwNDNkLlwiXSxbXCJfX2pzb25fbWVzc2FnZVwiLDAsMjUsXCJcXHUwNDQyXFx1MDQzNVxcdTA0M2FcXHUwNDQxXFx1MDQ0MlxcdTA0M2VcXHUwNDMyXFx1MDQzMFxcdTA0NGYgXFx1MDQ0MVxcdTA0NDJcXHUwNDQwXFx1MDQzMFxcdTA0M2RcXHUwNDM4XFx1MDQ0NlxcdTA0MzAgXFxcIlxcdTA0MWNcXHUwNDIwXFx1MDQyMiBcXHUwNDMxXFx1MDQ0MFxcdTA0NGVcXHUwNDQ4XFx1MDQzZFxcdTA0M2VcXHUwNDM5IFxcdTA0M2ZcXHUwNDNlXFx1MDQzYlxcdTA0M2VcXHUwNDQxXFx1MDQ0MlxcdTA0MzhcXFwiIFxcdTA0MzFcXHUwNDRiXFx1MDQzYiBcXHUwNDQzXFx1MDQ0MVxcdTA0M2ZcXHUwNDM1XFx1MDQ0OFxcdTA0M2RcXHUwNDNlIFxcdTA0MzRcXHUwNDNlXFx1MDQzMVxcdTA0MzBcXHUwNDMyXFx1MDQzYlxcdTA0MzVcXHUwNDNkLlwiXSxbXCJfX2pzb25fbWVzc2FnZVwiLDAsMjUsXCJcXHUwNDFjXFx1MDQzNVxcdTA0M2RcXHUwNDRlIFxcXCJ1c2x1Z2lcXFwiIFxcdTA0MzFcXHUwNDRiXFx1MDQzYiBcXHUwNDQzXFx1MDQ0MVxcdTA0M2ZcXHUwNDM1XFx1MDQ0OFxcdTA0M2RcXHUwNDNlIFxcdTA0MzhcXHUwNDM3XFx1MDQzY1xcdTA0MzVcXHUwNDNkXFx1MDQzNVxcdTA0M2QuXCJdXSJ9','2014-07-10 09:56:54'),('lxh4w8n9ihh79mdtsxk7nb53s3lrhaiu','Yzg1ODI0YjhjYjQxNzdkMjFkN2JlZTkzYzQ3N2ZlYmVjMzczMjMyODp7InNvcnQiOiItY3JlYXRpb25fZGF0ZSJ9','2014-07-04 15:12:57'),('qeuc3dotbny1xoo8sa44z893nyl72lgq','Yzg1ODI0YjhjYjQxNzdkMjFkN2JlZTkzYzQ3N2ZlYmVjMzczMjMyODp7InNvcnQiOiItY3JlYXRpb25fZGF0ZSJ9','2014-07-04 15:49:25'),('8gu3ruktqtx1bmrpbropcyhxnx67bsfp','Yzg1ODI0YjhjYjQxNzdkMjFkN2JlZTkzYzQ3N2ZlYmVjMzczMjMyODp7InNvcnQiOiItY3JlYXRpb25fZGF0ZSJ9','2014-07-04 15:54:34'),('b9f60t8nuqd44p1rkvxb3arr3crdaaan','Yzg1ODI0YjhjYjQxNzdkMjFkN2JlZTkzYzQ3N2ZlYmVjMzczMjMyODp7InNvcnQiOiItY3JlYXRpb25fZGF0ZSJ9','2014-07-04 16:06:10'),('49hvmzxq5cwtumyvuctcq9fr25osts6p','Yzg1ODI0YjhjYjQxNzdkMjFkN2JlZTkzYzQ3N2ZlYmVjMzczMjMyODp7InNvcnQiOiItY3JlYXRpb25fZGF0ZSJ9','2014-07-04 17:28:26'),('u9wc9opf180j7dxcdpa640vsrpllhjx1','Yzg1ODI0YjhjYjQxNzdkMjFkN2JlZTkzYzQ3N2ZlYmVjMzczMjMyODp7InNvcnQiOiItY3JlYXRpb25fZGF0ZSJ9','2014-07-01 20:56:56'),('y1ce7kvd2vqk65llb4zk3t0asmhcks5z','YTc5NmM2OTNjM2E0ODA1YTczMjA3ZjUzMmMwNmFhNDNiNzBlZmU5MTp7Il9hdXRoX3VzZXJfYmFja2VuZCI6ImRqYW5nby5jb250cmliLmF1dGguYmFja2VuZHMuTW9kZWxCYWNrZW5kIiwiX2F1dGhfdXNlcl9pZCI6MX0=','2014-07-01 19:45:11'),('j8ytluy7lf8qlnbwhbty11zerwv3hizk','ZjBjZTI2N2I1NWIzNTc0Mzc0OTA1YTZiNjA5N2NmYTgyNjk5MzAxZDp7InNvcnQiOiItY3JlYXRpb25fZGF0ZSIsIl9hdXRoX3VzZXJfYmFja2VuZCI6ImRqYW5nby5jb250cmliLmF1dGguYmFja2VuZHMuTW9kZWxCYWNrZW5kIiwiX2F1dGhfdXNlcl9pZCI6Mn0=','2014-07-01 19:43:19'),('2rrkw341b96gd5rg5cd5sd2lznlws0z1','Yzg1ODI0YjhjYjQxNzdkMjFkN2JlZTkzYzQ3N2ZlYmVjMzczMjMyODp7InNvcnQiOiItY3JlYXRpb25fZGF0ZSJ9','2014-07-02 00:56:26'),('x77szp7p6cdyt2vjlckt19f90mbsz0bj','Yzg1ODI0YjhjYjQxNzdkMjFkN2JlZTkzYzQ3N2ZlYmVjMzczMjMyODp7InNvcnQiOiItY3JlYXRpb25fZGF0ZSJ9','2014-07-09 11:59:53'),('a71y9ef1wp6j8g9x41u4ts58atjl6yej','Yzg1ODI0YjhjYjQxNzdkMjFkN2JlZTkzYzQ3N2ZlYmVjMzczMjMyODp7InNvcnQiOiItY3JlYXRpb25fZGF0ZSJ9','2014-07-09 15:47:52'),('ibh68brgb9llj198q4g8auehvbr1wa2x','Yzg1ODI0YjhjYjQxNzdkMjFkN2JlZTkzYzQ3N2ZlYmVjMzczMjMyODp7InNvcnQiOiItY3JlYXRpb25fZGF0ZSJ9','2014-07-28 07:55:56'),('e57w3w921kgesfnrl44q76jytsue9mjo','Yzg1ODI0YjhjYjQxNzdkMjFkN2JlZTkzYzQ3N2ZlYmVjMzczMjMyODp7InNvcnQiOiItY3JlYXRpb25fZGF0ZSJ9','2014-07-24 20:37:20'),('w2h6j605u0ogk8qsee8xzok2gu2r3v1f','Yzg1ODI0YjhjYjQxNzdkMjFkN2JlZTkzYzQ3N2ZlYmVjMzczMjMyODp7InNvcnQiOiItY3JlYXRpb25fZGF0ZSJ9','2014-07-25 09:51:27'),('u0gkwxjcaqf8sxfo500jvqsglir4zdzu','Yzg1ODI0YjhjYjQxNzdkMjFkN2JlZTkzYzQ3N2ZlYmVjMzczMjMyODp7InNvcnQiOiItY3JlYXRpb25fZGF0ZSJ9','2014-07-25 09:53:53'),('18bbje9cgq04m1o90r81u0302mj72noj','Yzg1ODI0YjhjYjQxNzdkMjFkN2JlZTkzYzQ3N2ZlYmVjMzczMjMyODp7InNvcnQiOiItY3JlYXRpb25fZGF0ZSJ9','2014-07-25 12:24:02'),('h0uk5614v0vmndqpc3ngiouoxad1j26j','Yzg1ODI0YjhjYjQxNzdkMjFkN2JlZTkzYzQ3N2ZlYmVjMzczMjMyODp7InNvcnQiOiItY3JlYXRpb25fZGF0ZSJ9','2014-07-25 16:04:57'),('45fft7wbv805x87n8qev89upqyw29tmc','Yzg1ODI0YjhjYjQxNzdkMjFkN2JlZTkzYzQ3N2ZlYmVjMzczMjMyODp7InNvcnQiOiItY3JlYXRpb25fZGF0ZSJ9','2014-07-25 16:39:28'),('j5btd8d5n7861z19ymcsmmy5oz6pcg3h','Yzg1ODI0YjhjYjQxNzdkMjFkN2JlZTkzYzQ3N2ZlYmVjMzczMjMyODp7InNvcnQiOiItY3JlYXRpb25fZGF0ZSJ9','2014-07-26 09:24:47'),('tuy8wuc561t4cd4shyr91gu782g3ifjc','Yzg1ODI0YjhjYjQxNzdkMjFkN2JlZTkzYzQ3N2ZlYmVjMzczMjMyODp7InNvcnQiOiItY3JlYXRpb25fZGF0ZSJ9','2014-07-26 11:27:50'),('ggaaqb3bq0a92bl39jba4kofw46zr20b','Yzg1ODI0YjhjYjQxNzdkMjFkN2JlZTkzYzQ3N2ZlYmVjMzczMjMyODp7InNvcnQiOiItY3JlYXRpb25fZGF0ZSJ9','2014-07-26 14:05:19'),('na7shktt5p9th0ayi46l7l35131k05w0','Yzg1ODI0YjhjYjQxNzdkMjFkN2JlZTkzYzQ3N2ZlYmVjMzczMjMyODp7InNvcnQiOiItY3JlYXRpb25fZGF0ZSJ9','2014-07-27 00:46:03'),('mvmkio2p7pblq8mmosdkoiqyepcjlr57','Yzg1ODI0YjhjYjQxNzdkMjFkN2JlZTkzYzQ3N2ZlYmVjMzczMjMyODp7InNvcnQiOiItY3JlYXRpb25fZGF0ZSJ9','2014-07-27 03:44:57'),('tkkrqhp70njn0i8l6xg0rs6jzhlfmw6q','Yzg1ODI0YjhjYjQxNzdkMjFkN2JlZTkzYzQ3N2ZlYmVjMzczMjMyODp7InNvcnQiOiItY3JlYXRpb25fZGF0ZSJ9','2014-07-27 16:05:50'),('hqnlwu4017bcd8kb7peo77sewo0q58ts','Yzg1ODI0YjhjYjQxNzdkMjFkN2JlZTkzYzQ3N2ZlYmVjMzczMjMyODp7InNvcnQiOiItY3JlYXRpb25fZGF0ZSJ9','2014-07-28 00:25:01'),('x0xu2u555jl7iz874c5fit9t2gqxuetv','Yzg1ODI0YjhjYjQxNzdkMjFkN2JlZTkzYzQ3N2ZlYmVjMzczMjMyODp7InNvcnQiOiItY3JlYXRpb25fZGF0ZSJ9','2014-07-28 01:36:38'),('nft9send6pkog21x7y6fgwfziz10dme4','Yzg1ODI0YjhjYjQxNzdkMjFkN2JlZTkzYzQ3N2ZlYmVjMzczMjMyODp7InNvcnQiOiItY3JlYXRpb25fZGF0ZSJ9','2014-07-28 11:59:43'),('be5583gb47j5re5r4chdwo85m95808fo','Yzg1ODI0YjhjYjQxNzdkMjFkN2JlZTkzYzQ3N2ZlYmVjMzczMjMyODp7InNvcnQiOiItY3JlYXRpb25fZGF0ZSJ9','2014-07-28 15:43:22'),('8dbzt1t1dj7ajqqehmr3a3yv2htn4vbp','OGJkZDk1ZGFmYjk2OGU4NTBjNThmMDI1MDJiNTlhNjA3ZTFiMGIzMzp7Il9hdXRoX3VzZXJfYmFja2VuZCI6ImRqYW5nby5jb250cmliLmF1dGguYmFja2VuZHMuTW9kZWxCYWNrZW5kIiwiX2F1dGhfdXNlcl9pZCI6MiwiX21lc3NhZ2VzIjoiW1tcIl9fanNvbl9tZXNzYWdlXCIsMCwyNSxcIlxcdTA0NDJcXHUwNDM1XFx1MDQzYVxcdTA0NDFcXHUwNDQyXFx1MDQzZVxcdTA0MzJcXHUwNDMwXFx1MDQ0ZiBcXHUwNDQxXFx1MDQ0MlxcdTA0NDBcXHUwNDMwXFx1MDQzZFxcdTA0MzhcXHUwNDQ2XFx1MDQzMCBcXFwiXFx1MDQxYVxcdTA0MjIgXFx1MDQ0MVxcdTA0M2VcXHUwNDQxXFx1MDQ0M1xcdTA0MzRcXHUwNDNlXFx1MDQzMlxcXCIgXFx1MDQ0M1xcdTA0NDFcXHUwNDNmXFx1MDQzNVxcdTA0NDhcXHUwNDNkXFx1MDQzZSBcXHUwNDM4XFx1MDQzN1xcdTA0M2NcXHUwNDM1XFx1MDQzZFxcdTA0MzVcXHUwNDNkLiBcXHUwNDFkXFx1MDQzOFxcdTA0MzZcXHUwNDM1IFxcdTA0MzJcXHUwNDRiIFxcdTA0M2NcXHUwNDNlXFx1MDQzNlxcdTA0MzVcXHUwNDQyXFx1MDQzNSBcXHUwNDQwXFx1MDQzNVxcdTA0MzRcXHUwNDMwXFx1MDQzYVxcdTA0NDJcXHUwNDM4XFx1MDQ0MFxcdTA0M2VcXHUwNDMyXFx1MDQzMFxcdTA0NDJcXHUwNDRjIFxcdTA0NDFcXHUwNDNkXFx1MDQzZVxcdTA0MzJcXHUwNDMwLlwiXSxbXCJfX2pzb25fbWVzc2FnZVwiLDAsMjUsXCJcXHUwNDQyXFx1MDQzNVxcdTA0M2FcXHUwNDQxXFx1MDQ0MlxcdTA0M2VcXHUwNDMyXFx1MDQzMFxcdTA0NGYgXFx1MDQ0MVxcdTA0NDJcXHUwNDQwXFx1MDQzMFxcdTA0M2RcXHUwNDM4XFx1MDQ0NlxcdTA0MzAgXFxcIlxcdTA0MWFcXHUwNDIyIFxcdTA0NDFcXHUwNDNlXFx1MDQ0MVxcdTA0NDNcXHUwNDM0XFx1MDQzZVxcdTA0MzJcXFwiIFxcdTA0NDNcXHUwNDQxXFx1MDQzZlxcdTA0MzVcXHUwNDQ4XFx1MDQzZFxcdTA0M2UgXFx1MDQzOFxcdTA0MzdcXHUwNDNjXFx1MDQzNVxcdTA0M2RcXHUwNDM1XFx1MDQzZC4gXFx1MDQxZFxcdTA0MzhcXHUwNDM2XFx1MDQzNSBcXHUwNDMyXFx1MDQ0YiBcXHUwNDNjXFx1MDQzZVxcdTA0MzZcXHUwNDM1XFx1MDQ0MlxcdTA0MzUgXFx1MDQ0MFxcdTA0MzVcXHUwNDM0XFx1MDQzMFxcdTA0M2FcXHUwNDQyXFx1MDQzOFxcdTA0NDBcXHUwNDNlXFx1MDQzMlxcdTA0MzBcXHUwNDQyXFx1MDQ0YyBcXHUwNDQxXFx1MDQzZFxcdTA0M2VcXHUwNDMyXFx1MDQzMC5cIl0sW1wiX19qc29uX21lc3NhZ2VcIiwwLDI1LFwiXFx1MDQ0MlxcdTA0MzVcXHUwNDNhXFx1MDQ0MVxcdTA0NDJcXHUwNDNlXFx1MDQzMlxcdTA0MzBcXHUwNDRmIFxcdTA0NDFcXHUwNDQyXFx1MDQ0MFxcdTA0MzBcXHUwNDNkXFx1MDQzOFxcdTA0NDZcXHUwNDMwIFxcXCJcXHUwNDFhXFx1MDQyMiBcXHUwNDQxXFx1MDQzZVxcdTA0NDFcXHUwNDQzXFx1MDQzNFxcdTA0M2VcXHUwNDMyXFxcIiBcXHUwNDMxXFx1MDQ0YlxcdTA0M2IgXFx1MDQ0M1xcdTA0NDFcXHUwNDNmXFx1MDQzNVxcdTA0NDhcXHUwNDNkXFx1MDQzZSBcXHUwNDM4XFx1MDQzN1xcdTA0M2NcXHUwNDM1XFx1MDQzZFxcdTA0MzVcXHUwNDNkLlwiXSxbXCJfX2pzb25fbWVzc2FnZVwiLDAsMjUsXCJcXHUwNDQyXFx1MDQzNVxcdTA0M2FcXHUwNDQxXFx1MDQ0MlxcdTA0M2VcXHUwNDMyXFx1MDQzMFxcdTA0NGYgXFx1MDQ0MVxcdTA0NDJcXHUwNDQwXFx1MDQzMFxcdTA0M2RcXHUwNDM4XFx1MDQ0NlxcdTA0MzAgXFxcIlxcdTA0MWNcXHUwNDIwXFx1MDQyMiBcXHUwNDQ4XFx1MDQzNVxcdTA0MzlcXHUwNDNkXFx1MDQzZVxcdTA0MzNcXHUwNDNlIFxcdTA0M2VcXHUwNDQyXFx1MDQzNFxcdTA0MzVcXHUwNDNiXFx1MDQzMFxcXCIgXFx1MDQzMVxcdTA0NGJcXHUwNDNiIFxcdTA0NDNcXHUwNDQxXFx1MDQzZlxcdTA0MzVcXHUwNDQ4XFx1MDQzZFxcdTA0M2UgXFx1MDQzOFxcdTA0MzdcXHUwNDNjXFx1MDQzNVxcdTA0M2RcXHUwNDM1XFx1MDQzZC5cIl0sW1wiX19qc29uX21lc3NhZ2VcIiwwLDI1LFwiXFx1MDQ0MlxcdTA0MzVcXHUwNDNhXFx1MDQ0MVxcdTA0NDJcXHUwNDNlXFx1MDQzMlxcdTA0MzBcXHUwNDRmIFxcdTA0NDFcXHUwNDQyXFx1MDQ0MFxcdTA0MzBcXHUwNDNkXFx1MDQzOFxcdTA0NDZcXHUwNDMwIFxcXCJcXHUwNDFjXFx1MDQyMFxcdTA0MjIgXFx1MDQzYVxcdTA0NDBcXHUwNDM1XFx1MDQ0MVxcdTA0NDJcXHUwNDQ2XFx1MDQzZVxcdTA0MzJcXHUwNDNlIFxcdTA0M2ZcXHUwNDNlXFx1MDQ0ZlxcdTA0NDFcXHUwNDNkXFx1MDQzOFxcdTA0NDdcXHUwNDNkXFx1MDQzZVxcdTA0MzNcXHUwNDNlIFxcdTA0M2VcXHUwNDQyXFx1MDQzNFxcdTA0MzVcXHUwNDNiXFx1MDQzMFxcXCIgXFx1MDQzMVxcdTA0NGJcXHUwNDNiIFxcdTA0NDNcXHUwNDQxXFx1MDQzZlxcdTA0MzVcXHUwNDQ4XFx1MDQzZFxcdTA0M2UgXFx1MDQzOFxcdTA0MzdcXHUwNDNjXFx1MDQzNVxcdTA0M2RcXHUwNDM1XFx1MDQzZC5cIl0sW1wiX19qc29uX21lc3NhZ2VcIiwwLDI1LFwiXFx1MDQ0MlxcdTA0MzVcXHUwNDNhXFx1MDQ0MVxcdTA0NDJcXHUwNDNlXFx1MDQzMlxcdTA0MzBcXHUwNDRmIFxcdTA0NDFcXHUwNDQyXFx1MDQ0MFxcdTA0MzBcXHUwNDNkXFx1MDQzOFxcdTA0NDZcXHUwNDMwIFxcXCJcXHUwNDFhXFx1MDQyMiBcXHUwNDQxXFx1MDQ0M1xcdTA0NDFcXHUwNDQyXFx1MDQzMFxcdTA0MzJcXHUwNDNlXFx1MDQzMlxcXCIgXFx1MDQzMVxcdTA0NGJcXHUwNDNiIFxcdTA0NDNcXHUwNDQxXFx1MDQzZlxcdTA0MzVcXHUwNDQ4XFx1MDQzZFxcdTA0M2UgXFx1MDQzOFxcdTA0MzdcXHUwNDNjXFx1MDQzNVxcdTA0M2RcXHUwNDM1XFx1MDQzZC5cIl1dIn0=','2014-07-28 17:10:15'),('hph53f8yc4c5yee5hfm53thanjyn0e7q','Yzg1ODI0YjhjYjQxNzdkMjFkN2JlZTkzYzQ3N2ZlYmVjMzczMjMyODp7InNvcnQiOiItY3JlYXRpb25fZGF0ZSJ9','2014-07-28 19:11:22'),('eymab93t17nsi82rlw6ujwf0xccw2g3m','Yzg1ODI0YjhjYjQxNzdkMjFkN2JlZTkzYzQ3N2ZlYmVjMzczMjMyODp7InNvcnQiOiItY3JlYXRpb25fZGF0ZSJ9','2014-07-28 19:48:10'),('ttvr4hj7msfahl2nunlm8m00k2sbh7ps','MGYxZmUzMzUyZjQyY2RlMmFkODU3NDM2NDRmZDUwMWVkYTk3ZDZhYjp7InNvcnQiOiItY3JlYXRpb25fZGF0ZSIsIl9hdXRoX3VzZXJfYmFja2VuZCI6ImRqYW5nby5jb250cmliLmF1dGguYmFja2VuZHMuTW9kZWxCYWNrZW5kIiwiX2F1dGhfdXNlcl9pZCI6MX0=','2014-07-29 07:23:01'),('2fuk751bye96kcu17tyr1anbggqazy5u','Yzg1ODI0YjhjYjQxNzdkMjFkN2JlZTkzYzQ3N2ZlYmVjMzczMjMyODp7InNvcnQiOiItY3JlYXRpb25fZGF0ZSJ9','2014-07-29 10:48:40'),('yl7bgiz9i1nrj2x595ls9o3s05ziyxbl','Yzg1ODI0YjhjYjQxNzdkMjFkN2JlZTkzYzQ3N2ZlYmVjMzczMjMyODp7InNvcnQiOiItY3JlYXRpb25fZGF0ZSJ9','2014-07-29 13:18:23'),('5baxfv0qbes3q26j9za30i1aetqapiaz','Yzg1ODI0YjhjYjQxNzdkMjFkN2JlZTkzYzQ3N2ZlYmVjMzczMjMyODp7InNvcnQiOiItY3JlYXRpb25fZGF0ZSJ9','2014-07-29 13:18:50');
/*!40000 ALTER TABLE `django_session` ENABLE KEYS */;
UNLOCK TABLES;

--
-- Table structure for table `django_site`
--

DROP TABLE IF EXISTS `django_site`;
/*!40101 SET @saved_cs_client     = @@character_set_client */;
/*!40101 SET character_set_client = utf8 */;
CREATE TABLE `django_site` (
  `id` int(11) NOT NULL AUTO_INCREMENT,
  `domain` varchar(100) NOT NULL,
  `name` varchar(50) NOT NULL,
  PRIMARY KEY (`id`)
) ENGINE=MyISAM AUTO_INCREMENT=2 DEFAULT CHARSET=utf8;
/*!40101 SET character_set_client = @saved_cs_client */;

--
-- Dumping data for table `django_site`
--

LOCK TABLES `django_site` WRITE;
/*!40000 ALTER TABLE `django_site` DISABLE KEYS */;
INSERT INTO `django_site` VALUES (1,'a-mrt.ru','a-mrt.ru');
/*!40000 ALTER TABLE `django_site` ENABLE KEYS */;
UNLOCK TABLES;

--
-- Table structure for table `easy_thumbnails_source`
--

DROP TABLE IF EXISTS `easy_thumbnails_source`;
/*!40101 SET @saved_cs_client     = @@character_set_client */;
/*!40101 SET character_set_client = utf8 */;
CREATE TABLE `easy_thumbnails_source` (
  `id` int(11) NOT NULL AUTO_INCREMENT,
  `name` varchar(255) NOT NULL,
  `modified` datetime NOT NULL,
  `storage_hash` varchar(40) NOT NULL,
  PRIMARY KEY (`id`),
  UNIQUE KEY `easy_thumbnails_source_name_39229697_uniq` (`name`,`storage_hash`),
  KEY `easy_thumbnails_source_4da47e07` (`name`),
  KEY `easy_thumbnails_source_3f0464e5` (`storage_hash`)
) ENGINE=MyISAM DEFAULT CHARSET=utf8;
/*!40101 SET character_set_client = @saved_cs_client */;

--
-- Dumping data for table `easy_thumbnails_source`
--

LOCK TABLES `easy_thumbnails_source` WRITE;
/*!40000 ALTER TABLE `easy_thumbnails_source` DISABLE KEYS */;
/*!40000 ALTER TABLE `easy_thumbnails_source` ENABLE KEYS */;
UNLOCK TABLES;

--
-- Table structure for table `easy_thumbnails_thumbnail`
--

DROP TABLE IF EXISTS `easy_thumbnails_thumbnail`;
/*!40101 SET @saved_cs_client     = @@character_set_client */;
/*!40101 SET character_set_client = utf8 */;
CREATE TABLE `easy_thumbnails_thumbnail` (
  `id` int(11) NOT NULL AUTO_INCREMENT,
  `name` varchar(255) NOT NULL,
  `modified` datetime NOT NULL,
  `source_id` int(11) NOT NULL,
  `storage_hash` varchar(40) NOT NULL,
  PRIMARY KEY (`id`),
  UNIQUE KEY `easy_thumbnails_thumbnail_source_id_47e6eb80_uniq` (`source_id`,`name`,`storage_hash`),
  KEY `easy_thumbnails_thumbnail_a34b03a6` (`source_id`),
  KEY `easy_thumbnails_thumbnail_4da47e07` (`name`),
  KEY `easy_thumbnails_thumbnail_3f0464e5` (`storage_hash`)
) ENGINE=MyISAM DEFAULT CHARSET=utf8;
/*!40101 SET character_set_client = @saved_cs_client */;

--
-- Dumping data for table `easy_thumbnails_thumbnail`
--

LOCK TABLES `easy_thumbnails_thumbnail` WRITE;
/*!40000 ALTER TABLE `easy_thumbnails_thumbnail` DISABLE KEYS */;
/*!40000 ALTER TABLE `easy_thumbnails_thumbnail` ENABLE KEYS */;
UNLOCK TABLES;

--
-- Table structure for table `easy_thumbnails_thumbnaildimensions`
--

DROP TABLE IF EXISTS `easy_thumbnails_thumbnaildimensions`;
/*!40101 SET @saved_cs_client     = @@character_set_client */;
/*!40101 SET character_set_client = utf8 */;
CREATE TABLE `easy_thumbnails_thumbnaildimensions` (
  `id` int(11) NOT NULL AUTO_INCREMENT,
  `thumbnail_id` int(11) NOT NULL,
  `width` int(10) unsigned DEFAULT NULL,
  `height` int(10) unsigned DEFAULT NULL,
  PRIMARY KEY (`id`),
  UNIQUE KEY `thumbnail_id` (`thumbnail_id`)
) ENGINE=MyISAM DEFAULT CHARSET=utf8;
/*!40101 SET character_set_client = @saved_cs_client */;

--
-- Dumping data for table `easy_thumbnails_thumbnaildimensions`
--

LOCK TABLES `easy_thumbnails_thumbnaildimensions` WRITE;
/*!40000 ALTER TABLE `easy_thumbnails_thumbnaildimensions` DISABLE KEYS */;
/*!40000 ALTER TABLE `easy_thumbnails_thumbnaildimensions` ENABLE KEYS */;
UNLOCK TABLES;

--
-- Table structure for table `filer_clipboard`
--

DROP TABLE IF EXISTS `filer_clipboard`;
/*!40101 SET @saved_cs_client     = @@character_set_client */;
/*!40101 SET character_set_client = utf8 */;
CREATE TABLE `filer_clipboard` (
  `id` int(11) NOT NULL AUTO_INCREMENT,
  `user_id` int(11) NOT NULL,
  PRIMARY KEY (`id`),
  KEY `filer_clipboard_6340c63c` (`user_id`)
) ENGINE=MyISAM AUTO_INCREMENT=2 DEFAULT CHARSET=utf8;
/*!40101 SET character_set_client = @saved_cs_client */;

--
-- Dumping data for table `filer_clipboard`
--

LOCK TABLES `filer_clipboard` WRITE;
/*!40000 ALTER TABLE `filer_clipboard` DISABLE KEYS */;
INSERT INTO `filer_clipboard` VALUES (1,1);
/*!40000 ALTER TABLE `filer_clipboard` ENABLE KEYS */;
UNLOCK TABLES;

--
-- Table structure for table `filer_clipboarditem`
--

DROP TABLE IF EXISTS `filer_clipboarditem`;
/*!40101 SET @saved_cs_client     = @@character_set_client */;
/*!40101 SET character_set_client = utf8 */;
CREATE TABLE `filer_clipboarditem` (
  `id` int(11) NOT NULL AUTO_INCREMENT,
  `file_id` int(11) NOT NULL,
  `clipboard_id` int(11) NOT NULL,
  PRIMARY KEY (`id`),
  KEY `filer_clipboarditem_4e9667b7` (`file_id`),
  KEY `filer_clipboarditem_8d9ffea2` (`clipboard_id`)
) ENGINE=MyISAM DEFAULT CHARSET=utf8;
/*!40101 SET character_set_client = @saved_cs_client */;

--
-- Dumping data for table `filer_clipboarditem`
--

LOCK TABLES `filer_clipboarditem` WRITE;
/*!40000 ALTER TABLE `filer_clipboarditem` DISABLE KEYS */;
/*!40000 ALTER TABLE `filer_clipboarditem` ENABLE KEYS */;
UNLOCK TABLES;

--
-- Table structure for table `filer_file`
--

DROP TABLE IF EXISTS `filer_file`;
/*!40101 SET @saved_cs_client     = @@character_set_client */;
/*!40101 SET character_set_client = utf8 */;
CREATE TABLE `filer_file` (
  `id` int(11) NOT NULL AUTO_INCREMENT,
  `folder_id` int(11) DEFAULT NULL,
  `file` varchar(255) DEFAULT NULL,
  `_file_size` int(11) DEFAULT NULL,
  `has_all_mandatory_data` tinyint(1) NOT NULL,
  `original_filename` varchar(255) DEFAULT NULL,
  `name` varchar(255) NOT NULL,
  `owner_id` int(11) DEFAULT NULL,
  `uploaded_at` datetime NOT NULL,
  `modified_at` datetime NOT NULL,
  `description` longtext,
  `is_public` tinyint(1) NOT NULL,
  `sha1` varchar(40) NOT NULL,
  `polymorphic_ctype_id` int(11) DEFAULT NULL,
  PRIMARY KEY (`id`),
  KEY `filer_file_3aef490b` (`folder_id`),
  KEY `filer_file_cb902d83` (`owner_id`),
  KEY `filer_file_0022f76a` (`polymorphic_ctype_id`)
) ENGINE=MyISAM DEFAULT CHARSET=utf8;
/*!40101 SET character_set_client = @saved_cs_client */;

--
-- Dumping data for table `filer_file`
--

LOCK TABLES `filer_file` WRITE;
/*!40000 ALTER TABLE `filer_file` DISABLE KEYS */;
/*!40000 ALTER TABLE `filer_file` ENABLE KEYS */;
UNLOCK TABLES;

--
-- Table structure for table `filer_folder`
--

DROP TABLE IF EXISTS `filer_folder`;
/*!40101 SET @saved_cs_client     = @@character_set_client */;
/*!40101 SET character_set_client = utf8 */;
CREATE TABLE `filer_folder` (
  `id` int(11) NOT NULL AUTO_INCREMENT,
  `parent_id` int(11) DEFAULT NULL,
  `name` varchar(255) NOT NULL,
  `owner_id` int(11) DEFAULT NULL,
  `uploaded_at` datetime NOT NULL,
  `created_at` datetime NOT NULL,
  `modified_at` datetime NOT NULL,
  `lft` int(10) unsigned NOT NULL,
  `rght` int(10) unsigned NOT NULL,
  `tree_id` int(10) unsigned NOT NULL,
  `level` int(10) unsigned NOT NULL,
  PRIMARY KEY (`id`),
  UNIQUE KEY `filer_folder_parent_id_4d901e49_uniq` (`parent_id`,`name`),
  KEY `filer_folder_410d0aac` (`parent_id`),
  KEY `filer_folder_cb902d83` (`owner_id`),
  KEY `filer_folder_f777e2bb` (`lft`),
  KEY `filer_folder_76886718` (`rght`),
  KEY `filer_folder_f391089a` (`tree_id`),
  KEY `filer_folder_b8f3f94a` (`level`)
) ENGINE=MyISAM DEFAULT CHARSET=utf8;
/*!40101 SET character_set_client = @saved_cs_client */;

--
-- Dumping data for table `filer_folder`
--

LOCK TABLES `filer_folder` WRITE;
/*!40000 ALTER TABLE `filer_folder` DISABLE KEYS */;
/*!40000 ALTER TABLE `filer_folder` ENABLE KEYS */;
UNLOCK TABLES;

--
-- Table structure for table `filer_folderpermission`
--

DROP TABLE IF EXISTS `filer_folderpermission`;
/*!40101 SET @saved_cs_client     = @@character_set_client */;
/*!40101 SET character_set_client = utf8 */;
CREATE TABLE `filer_folderpermission` (
  `id` int(11) NOT NULL AUTO_INCREMENT,
  `folder_id` int(11) DEFAULT NULL,
  `type` smallint(6) NOT NULL,
  `user_id` int(11) DEFAULT NULL,
  `group_id` int(11) DEFAULT NULL,
  `everybody` tinyint(1) NOT NULL,
  `can_edit` smallint(6) DEFAULT NULL,
  `can_read` smallint(6) DEFAULT NULL,
  `can_add_children` smallint(6) DEFAULT NULL,
  PRIMARY KEY (`id`),
  KEY `filer_folderpermission_3aef490b` (`folder_id`),
  KEY `filer_folderpermission_6340c63c` (`user_id`),
  KEY `filer_folderpermission_5f412f9a` (`group_id`)
) ENGINE=MyISAM DEFAULT CHARSET=utf8;
/*!40101 SET character_set_client = @saved_cs_client */;

--
-- Dumping data for table `filer_folderpermission`
--

LOCK TABLES `filer_folderpermission` WRITE;
/*!40000 ALTER TABLE `filer_folderpermission` DISABLE KEYS */;
/*!40000 ALTER TABLE `filer_folderpermission` ENABLE KEYS */;
UNLOCK TABLES;

--
-- Table structure for table `filer_image`
--

DROP TABLE IF EXISTS `filer_image`;
/*!40101 SET @saved_cs_client     = @@character_set_client */;
/*!40101 SET character_set_client = utf8 */;
CREATE TABLE `filer_image` (
  `file_ptr_id` int(11) NOT NULL,
  `_height` int(11) DEFAULT NULL,
  `_width` int(11) DEFAULT NULL,
  `date_taken` datetime DEFAULT NULL,
  `default_alt_text` varchar(255) DEFAULT NULL,
  `default_caption` varchar(255) DEFAULT NULL,
  `author` varchar(255) DEFAULT NULL,
  `must_always_publish_author_credit` tinyint(1) NOT NULL,
  `must_always_publish_copyright` tinyint(1) NOT NULL,
  `subject_location` varchar(64) DEFAULT NULL,
  PRIMARY KEY (`file_ptr_id`)
) ENGINE=MyISAM DEFAULT CHARSET=utf8;
/*!40101 SET character_set_client = @saved_cs_client */;

--
-- Dumping data for table `filer_image`
--

LOCK TABLES `filer_image` WRITE;
/*!40000 ALTER TABLE `filer_image` DISABLE KEYS */;
/*!40000 ALTER TABLE `filer_image` ENABLE KEYS */;
UNLOCK TABLES;

--
-- Table structure for table `forms_field`
--

DROP TABLE IF EXISTS `forms_field`;
/*!40101 SET @saved_cs_client     = @@character_set_client */;
/*!40101 SET character_set_client = utf8 */;
CREATE TABLE `forms_field` (
  `id` int(11) NOT NULL AUTO_INCREMENT,
  `label` varchar(200) NOT NULL,
  `field_type` int(11) NOT NULL,
  `required` tinyint(1) NOT NULL,
  `visible` tinyint(1) NOT NULL,
  `choices` varchar(1000) NOT NULL,
  `default` varchar(2000) NOT NULL,
  `placeholder_text` varchar(100) DEFAULT NULL,
  `help_text` varchar(100) NOT NULL,
  `form_id` int(11) NOT NULL,
  `order` int(11) DEFAULT NULL,
  `slug` varchar(100) NOT NULL,
  PRIMARY KEY (`id`),
  KEY `forms_field_c3d79a6c` (`form_id`),
  KEY `forms_field_f52cfca0` (`slug`)
) ENGINE=MyISAM DEFAULT CHARSET=utf8;
/*!40101 SET character_set_client = @saved_cs_client */;

--
-- Dumping data for table `forms_field`
--

LOCK TABLES `forms_field` WRITE;
/*!40000 ALTER TABLE `forms_field` DISABLE KEYS */;
/*!40000 ALTER TABLE `forms_field` ENABLE KEYS */;
UNLOCK TABLES;

--
-- Table structure for table `forms_fieldentry`
--

DROP TABLE IF EXISTS `forms_fieldentry`;
/*!40101 SET @saved_cs_client     = @@character_set_client */;
/*!40101 SET character_set_client = utf8 */;
CREATE TABLE `forms_fieldentry` (
  `id` int(11) NOT NULL AUTO_INCREMENT,
  `field_id` int(11) NOT NULL,
  `value` varchar(2000) DEFAULT NULL,
  `entry_id` int(11) NOT NULL,
  PRIMARY KEY (`id`),
  KEY `forms_fieldentry_e8d920b6` (`entry_id`)
) ENGINE=MyISAM DEFAULT CHARSET=utf8;
/*!40101 SET character_set_client = @saved_cs_client */;

--
-- Dumping data for table `forms_fieldentry`
--

LOCK TABLES `forms_fieldentry` WRITE;
/*!40000 ALTER TABLE `forms_fieldentry` DISABLE KEYS */;
/*!40000 ALTER TABLE `forms_fieldentry` ENABLE KEYS */;
UNLOCK TABLES;

--
-- Table structure for table `forms_form`
--

DROP TABLE IF EXISTS `forms_form`;
/*!40101 SET @saved_cs_client     = @@character_set_client */;
/*!40101 SET character_set_client = utf8 */;
CREATE TABLE `forms_form` (
  `id` int(11) NOT NULL AUTO_INCREMENT,
  `title` varchar(50) NOT NULL,
  `slug` varchar(100) NOT NULL,
  `intro` longtext NOT NULL,
  `button_text` varchar(50) NOT NULL,
  `response` longtext NOT NULL,
  `status` int(11) NOT NULL,
  `publish_date` datetime DEFAULT NULL,
  `expiry_date` datetime DEFAULT NULL,
  `login_required` tinyint(1) NOT NULL,
  `send_email` tinyint(1) NOT NULL,
  `email_from` varchar(75) NOT NULL,
  `email_copies` varchar(200) NOT NULL,
  `email_subject` varchar(200) NOT NULL,
  `email_message` longtext NOT NULL,
  PRIMARY KEY (`id`),
  UNIQUE KEY `slug` (`slug`)
) ENGINE=MyISAM DEFAULT CHARSET=utf8;
/*!40101 SET character_set_client = @saved_cs_client */;

--
-- Dumping data for table `forms_form`
--

LOCK TABLES `forms_form` WRITE;
/*!40000 ALTER TABLE `forms_form` DISABLE KEYS */;
/*!40000 ALTER TABLE `forms_form` ENABLE KEYS */;
UNLOCK TABLES;

--
-- Table structure for table `forms_form_sites`
--

DROP TABLE IF EXISTS `forms_form_sites`;
/*!40101 SET @saved_cs_client     = @@character_set_client */;
/*!40101 SET character_set_client = utf8 */;
CREATE TABLE `forms_form_sites` (
  `id` int(11) NOT NULL AUTO_INCREMENT,
  `form_id` int(11) NOT NULL,
  `site_id` int(11) NOT NULL,
  PRIMARY KEY (`id`),
  UNIQUE KEY `forms_form_sites_form_id_66edaea_uniq` (`form_id`,`site_id`),
  KEY `forms_form_sites_c3d79a6c` (`form_id`),
  KEY `forms_form_sites_99732b5c` (`site_id`)
) ENGINE=MyISAM DEFAULT CHARSET=utf8;
/*!40101 SET character_set_client = @saved_cs_client */;

--
-- Dumping data for table `forms_form_sites`
--

LOCK TABLES `forms_form_sites` WRITE;
/*!40000 ALTER TABLE `forms_form_sites` DISABLE KEYS */;
/*!40000 ALTER TABLE `forms_form_sites` ENABLE KEYS */;
UNLOCK TABLES;

--
-- Table structure for table `forms_formentry`
--

DROP TABLE IF EXISTS `forms_formentry`;
/*!40101 SET @saved_cs_client     = @@character_set_client */;
/*!40101 SET character_set_client = utf8 */;
CREATE TABLE `forms_formentry` (
  `id` int(11) NOT NULL AUTO_INCREMENT,
  `entry_time` datetime NOT NULL,
  `form_id` int(11) NOT NULL,
  PRIMARY KEY (`id`),
  KEY `forms_formentry_c3d79a6c` (`form_id`)
) ENGINE=MyISAM DEFAULT CHARSET=utf8;
/*!40101 SET character_set_client = @saved_cs_client */;

--
-- Dumping data for table `forms_formentry`
--

LOCK TABLES `forms_formentry` WRITE;
/*!40000 ALTER TABLE `forms_formentry` DISABLE KEYS */;
/*!40000 ALTER TABLE `forms_formentry` ENABLE KEYS */;
UNLOCK TABLES;

--
-- Table structure for table `gblocks_banner`
--

DROP TABLE IF EXISTS `gblocks_banner`;
/*!40101 SET @saved_cs_client     = @@character_set_client */;
/*!40101 SET character_set_client = utf8 */;
CREATE TABLE `gblocks_banner` (
  `id` int(11) NOT NULL AUTO_INCREMENT,
  `title` varchar(255) NOT NULL,
  `image` varchar(100) NOT NULL,
  `link` varchar(255) NOT NULL,
  `text` longtext NOT NULL,
  `period` varchar(255) DEFAULT NULL,
  PRIMARY KEY (`id`)
) ENGINE=MyISAM AUTO_INCREMENT=2 DEFAULT CHARSET=utf8;
/*!40101 SET character_set_client = @saved_cs_client */;

--
-- Dumping data for table `gblocks_banner`
--

LOCK TABLES `gblocks_banner` WRITE;
/*!40000 ALTER TABLE `gblocks_banner` DISABLE KEYS */;
INSERT INTO `gblocks_banner` VALUES (1,'первый','','/event/','<p><span style=\"color:#FFFFFF;\"><b>АКЦИЯ!</b><br />\r\nВернем 100 р. на счет мобильного телефона<br />\r\nпри прохождении обследования <br />через \"ЕДИНОЕ ОКНО ЗАПИСИ НА МРТ И КТ\"</span></p>\r\n','до 31.12');
/*!40000 ALTER TABLE `gblocks_banner` ENABLE KEYS */;
UNLOCK TABLES;

--
-- Table structure for table `gblocks_image`
--

DROP TABLE IF EXISTS `gblocks_image`;
/*!40101 SET @saved_cs_client     = @@character_set_client */;
/*!40101 SET character_set_client = utf8 */;
CREATE TABLE `gblocks_image` (
  `id` int(11) NOT NULL AUTO_INCREMENT,
  `image` varchar(100) NOT NULL,
  PRIMARY KEY (`id`)
) ENGINE=MyISAM DEFAULT CHARSET=utf8;
/*!40101 SET character_set_client = @saved_cs_client */;

--
-- Dumping data for table `gblocks_image`
--

LOCK TABLES `gblocks_image` WRITE;
/*!40000 ALTER TABLE `gblocks_image` DISABLE KEYS */;
/*!40000 ALTER TABLE `gblocks_image` ENABLE KEYS */;
UNLOCK TABLES;

--
-- Table structure for table `gblocks_text`
--

DROP TABLE IF EXISTS `gblocks_text`;
/*!40101 SET @saved_cs_client     = @@character_set_client */;
/*!40101 SET character_set_client = utf8 */;
CREATE TABLE `gblocks_text` (
  `id` int(11) NOT NULL AUTO_INCREMENT,
  `text` longtext NOT NULL,
  PRIMARY KEY (`id`)
) ENGINE=MyISAM AUTO_INCREMENT=5 DEFAULT CHARSET=utf8;
/*!40101 SET character_set_client = @saved_cs_client */;

--
-- Dumping data for table `gblocks_text`
--

LOCK TABLES `gblocks_text` WRITE;
/*!40000 ALTER TABLE `gblocks_text` DISABLE KEYS */;
INSERT INTO `gblocks_text` VALUES (1,'<a href=\"tel:+78124080210\"><span>(812)</span> 408-02-10</a></div>\r\n				<div class=\"time\">КРУГЛОСУТОЧНО <b>без выходных</b></div>'),(2,'User-Agent: * \r\nDisallow: /*openstat* \r\nDisallow: /*utm* \r\nDisallow: /*admin* \r\nHost: a-mrt.ru \r\nSitemap: http://a-mrt.ru/sitemap.xml\r\n'),(3,'<meta content=\"46359c4453d90b91\" name=\"yandex-verification\" />\r\n<meta content=\"Rl3w3ecCePbwuts9EDIVGo3L0GybC8fCMizAZhxr76o\" name=\"google-site-verification\" />'),(4,'<!-- Yandex.Metrika counter --><script type=\"text/javascript\">\r\n(function (d, w, c) {\r\n    (w[c] = w[c] || []).push(function() {\r\n        try {\r\n            w.yaCounter25202120 = new Ya.Metrika({id:25202120,\r\n                    webvisor:true,\r\n                    clickmap:true,\r\n                    trackLinks:true,\r\n                    accurateTrackBounce:true});\r\n        } catch(e) { }\r\n    });\r\n\r\n    var n = d.getElementsByTagName(\"script\")[0],\r\n        s = d.createElement(\"script\"),\r\n        f = function () { n.parentNode.insertBefore(s, n); };\r\n    s.type = \"text/javascript\";\r\n    s.async = true;\r\n    s.src = (d.location.protocol == \"https:\" ? \"https:\" : \"http:\") + \"//mc.yandex.ru/metrika/watch.js\";\r\n\r\n    if (w.opera == \"[object Opera]\") {\r\n        d.addEventListener(\"DOMContentLoaded\", f, false);\r\n    } else { f(); }\r\n})(document, window, \"yandex_metrika_callbacks\");\r\n</script><noscript><div><img src=\"//mc.yandex.ru/watch/25202120\" style=\"position:absolute; left:-9999px;\" alt=\"\" /></div></noscript><!-- /Yandex.Metrika counter --><!-- Google.counter --><script>\r\n  (function(i,s,o,g,r,a,m){i[\'GoogleAnalyticsObject\']=r;i[r]=i[r]||function(){\r\n  (i[r].q=i[r].q||[]).push(arguments)},i[r].l=1*new Date();a=s.createElement(o),\r\n  m=s.getElementsByTagName(o)[0];a.async=1;a.src=g;m.parentNode.insertBefore(a,m)\r\n  })(window,document,\'script\',\'//www.google-analytics.com/analytics.js\',\'ga\');\r\n\r\n  ga(\'create\', \'UA-51742894-1\', \'a-mrt.ru\');\r\n  ga(\'send\', \'pageview\');\r\n</script><!-- Google.counter -->');
/*!40000 ALTER TABLE `gblocks_text` ENABLE KEYS */;
UNLOCK TABLES;

--
-- Table structure for table `gblocks_title`
--

DROP TABLE IF EXISTS `gblocks_title`;
/*!40101 SET @saved_cs_client     = @@character_set_client */;
/*!40101 SET character_set_client = utf8 */;
CREATE TABLE `gblocks_title` (
  `id` int(11) NOT NULL AUTO_INCREMENT,
  `title` varchar(255) NOT NULL,
  PRIMARY KEY (`id`)
) ENGINE=MyISAM AUTO_INCREMENT=2 DEFAULT CHARSET=utf8;
/*!40101 SET character_set_client = @saved_cs_client */;

--
-- Dumping data for table `gblocks_title`
--

LOCK TABLES `gblocks_title` WRITE;
/*!40000 ALTER TABLE `gblocks_title` DISABLE KEYS */;
INSERT INTO `gblocks_title` VALUES (1,'');
/*!40000 ALTER TABLE `gblocks_title` ENABLE KEYS */;
UNLOCK TABLES;

--
-- Table structure for table `gblocks_titleandtext`
--

DROP TABLE IF EXISTS `gblocks_titleandtext`;
/*!40101 SET @saved_cs_client     = @@character_set_client */;
/*!40101 SET character_set_client = utf8 */;
CREATE TABLE `gblocks_titleandtext` (
  `id` int(11) NOT NULL AUTO_INCREMENT,
  `title` varchar(255) NOT NULL,
  `text` longtext NOT NULL,
  PRIMARY KEY (`id`)
) ENGINE=MyISAM AUTO_INCREMENT=7 DEFAULT CHARSET=utf8;
/*!40101 SET character_set_client = @saved_cs_client */;

--
-- Dumping data for table `gblocks_titleandtext`
--

LOCK TABLES `gblocks_titleandtext` WRITE;
/*!40000 ALTER TABLE `gblocks_titleandtext` DISABLE KEYS */;
INSERT INTO `gblocks_titleandtext` VALUES (1,'Основное отличие КТ и МРТ','						<p>Основное отличие КТ и МРТ состоит в разных физических явлениях, которые используются в аппаратах. В случае КТ — это рентгеновское излучение, которое дает представление о физическом состоянии вещества, а при МРТ — постоянное и пульсирующее магнитные поля, а также радиочастотное излучение, дающее информацию о распределении протонов (атомов водорода), т.е. о химическом строении тканей. </p>\r\n					    <p>В случае КТ врач не просто видит ткани, но может изучать их рентгеновскую плотность, которая меняется при заболеваниях; в случае же МРТ врач оценивает изображения лишь визуально. Довольно часто МРТ или КТ-исследование назначает лечащий врач, но, как правило, лучше бы он делал это, посоветовавшись с лучевым диагностом: в целом ряде случаев вместо дорогой МРТ можно использовать более дешевую, но не менее информативную компьютерную томографию. </p>\r\n					    <p>В целом, МРТ лучше различает мягкие ткани. Кости при этом не могут быть видны — резонанс от кальция отсутствует и костная ткань на МР-томограммах видна лишь опосредованно. Можно констатировать, что на сегодняшний день МРТ более информативна при диффузном и очаговом поражении структур головного мозга, патологии спинного мозга и краниоспинального стыка (здесь КТ вовсе неинформативна), поражении хрящевой ткани. КТ предпочтительная при заболеваниях грудной клетки, живота, таза. основания черепа. В ряде случаев, для установления правильного диагноза, приходится прибегать одновременно к МРТ и КТ.'),(2,'Почему МРТ?','Это исследование отличается максимальной проникающей способностью, хотя оно не слишком хорошо визуализирует костную ткань. Плотные структуры не становятся для радиоволн непроницаемым экраном, следовательно, кости не затрудняют визуализацию органов, расположенных позади них. Благодаря этому магнитно-резонансная томография позволяет получить отчетливую картину труднодоступных зон: головного мозга, средостения, глубоких лимфатических узлов и т.д.'),(3,'Что покажет КТ?','Как и рентген, компьютерная томография показывает состояние плотных образований (костей), полых структур (желудочно-кишечный тракт) и органов, заполненных воздухом (легкие). Однако в современных томографах можно легко управлять режимами подачи излучения и регистрации сигналов, благодаря чему методика КТ способна визуализировать и мягкотканные образования, «невидимые» для рентгенографии, например, головной мозг. Несмотря на известное сходство, КТ имеет множество преимуществ, в первую очередь, возможность послойного сканирования тканей, благодаря чему на полученных снимках можно подробно рассмотреть тонкие «срезы» тела, а не наслоение теней.'),(4,'footer_block','<!-- Yandex.Metrika counter -->\r\n<script type=\"text/javascript\">\r\n(function (d, w, c) {\r\n    (w[c] = w[c] || []).push(function() {\r\n        try {\r\n            w.yaCounter25202120 = new Ya.Metrika({id:25202120,\r\n                    webvisor:true,\r\n                    clickmap:true,\r\n                    trackLinks:true,\r\n                    accurateTrackBounce:true});\r\n        } catch(e) { }\r\n    });\r\n\r\n    var n = d.getElementsByTagName(\"script\")[0],\r\n        s = d.createElement(\"script\"),\r\n        f = function () { n.parentNode.insertBefore(s, n); };\r\n    s.type = \"text/javascript\";\r\n    s.async = true;\r\n    s.src = (d.location.protocol == \"https:\" ? \"https:\" : \"http:\") + \"//mc.yandex.ru/metrika/watch.js\";\r\n\r\n    if (w.opera == \"[object Opera]\") {\r\n        d.addEventListener(\"DOMContentLoaded\", f, false);\r\n    } else { f(); }\r\n})(document, window, \"yandex_metrika_callbacks\");\r\n</script>\r\n<noscript><div><img src=\"//mc.yandex.ru/watch/25202120\" style=\"position:absolute; left:-9999px;\" alt=\"\" /></div></noscript>\r\n<!-- /Yandex.Metrika counter -->\r\n\r\n\r\n<!-- Google.counter -->\r\n<script>\r\n  (function(i,s,o,g,r,a,m){i[\'GoogleAnalyticsObject\']=r;i[r]=i[r]||function(){\r\n  (i[r].q=i[r].q||[]).push(arguments)},i[r].l=1*new Date();a=s.createElement(o),\r\n  m=s.getElementsByTagName(o)[0];a.async=1;a.src=g;m.parentNode.insertBefore(a,m)\r\n  })(window,document,\'script\',\'//www.google-analytics.com/analytics.js\',\'ga\');\r\n\r\n  ga(\'create\', \'UA-51742894-1\', \'a-mrt.ru\');\r\n  ga(\'send\', \'pageview\');\r\n</script>\r\n\r\n<!-- Google.counter -->'),(5,'yandex-google-verification','<meta name=\'yandex-verification\' content=\'46359c4453d90b91\' />\r\n<meta name=\"google-site-verification\" content=\"Rl3w3ecCePbwuts9EDIVGo3L0GybC8fCMizAZhxr76o\" />');
/*!40000 ALTER TABLE `gblocks_titleandtext` ENABLE KEYS */;
UNLOCK TABLES;

--
-- Table structure for table `gblocks_titletextandimage`
--

DROP TABLE IF EXISTS `gblocks_titletextandimage`;
/*!40101 SET @saved_cs_client     = @@character_set_client */;
/*!40101 SET character_set_client = utf8 */;
CREATE TABLE `gblocks_titletextandimage` (
  `id` int(11) NOT NULL AUTO_INCREMENT,
  `title` varchar(255) NOT NULL,
  `text` longtext NOT NULL,
  `image` varchar(100) NOT NULL,
  PRIMARY KEY (`id`)
) ENGINE=MyISAM DEFAULT CHARSET=utf8;
/*!40101 SET character_set_client = @saved_cs_client */;

--
-- Dumping data for table `gblocks_titletextandimage`
--

LOCK TABLES `gblocks_titletextandimage` WRITE;
/*!40000 ALTER TABLE `gblocks_titletextandimage` DISABLE KEYS */;
/*!40000 ALTER TABLE `gblocks_titletextandimage` ENABLE KEYS */;
UNLOCK TABLES;

--
-- Table structure for table `news_news`
--

DROP TABLE IF EXISTS `news_news`;
/*!40101 SET @saved_cs_client     = @@character_set_client */;
/*!40101 SET character_set_client = utf8 */;
CREATE TABLE `news_news` (
  `id` int(11) NOT NULL AUTO_INCREMENT,
  `title` varchar(255) NOT NULL,
  `slug` varchar(50) NOT NULL,
  `body` longtext NOT NULL,
  `short` longtext NOT NULL,
  `image` varchar(100) NOT NULL,
  `is_share` tinyint(1) NOT NULL,
  `display` tinyint(1) NOT NULL,
  `due_date` date DEFAULT NULL,
  `creation_date` datetime NOT NULL,
  `last_modification` datetime NOT NULL,
  `is_sended` tinyint(1) NOT NULL,
  PRIMARY KEY (`id`),
  UNIQUE KEY `slug` (`slug`)
) ENGINE=MyISAM AUTO_INCREMENT=4 DEFAULT CHARSET=utf8;
/*!40101 SET character_set_client = @saved_cs_client */;

--
-- Dumping data for table `news_news`
--

LOCK TABLES `news_news` WRITE;
/*!40000 ALTER TABLE `news_news` DISABLE KEYS */;
INSERT INTO `news_news` VALUES (1,'АКЦИЯ! ПРИЕМ ВРАЧА ДО И ПОСЛЕ МРТ СО СКИДКОЙ 25%','glavnaya','<p><span style=\"font-family: Helvetica, arial, freesans, clean, sans-serif; font-size: 15px; line-height: 25.5px;\">The quickest way to add rich text editing capabilities to your models is to use the included&nbsp;</span><tt style=\"box-sizing: border-box; font-family: Consolas, \'Liberation Mono\', Courier, monospace; font-size: 12px; margin: 0px; border: 1px solid rgb(221, 221, 221); background-color: rgb(248, 248, 248); border-top-left-radius: 3px; border-top-right-radius: 3px; border-bottom-right-radius: 3px; border-bottom-left-radius: 3px; padding: 0px;\">RichTextField</tt><span style=\"font-family: Helvetica, arial, freesans, clean, sans-serif; font-size: 15px; line-height: 25.5px;\">model field type. A CKEditor widget is rendered as the form field but in all other regards the field behaves as the standard Django&nbsp;</span><tt style=\"box-sizing: border-box; font-family: Consolas, \'Liberation Mono\', Courier, monospace; font-size: 12px; margin: 0px; border: 1px solid rgb(221, 221, 221); background-color: rgb(248, 248, 248); border-top-left-radius: 3px; border-top-right-radius: 3px; border-bottom-right-radius: 3px; border-bottom-left-radius: 3px; padding: 0px;\">TextField</tt><span style=\"font-family: Helvetica, arial, freesans, clean, sans-serif; font-size: 15px; line-height: 25.5px;\">. For example:</span></p>\r\n','<p><span style=\"color: rgb(102, 102, 102); font-family: Segoeui, Arial, sans-serif; font-size: 14px; line-height: 20px;\">Прием врача-специалиста со скидкой 25% &nbsp;до и после прохождения любого обследования</span><span style=\"color: rgb(102, 102, 102); font-family: Segoeui, Arial, sans-serif; font-size: 14px; line-height: 20px;\">!</span></p>\r\n','uploads/news/optima-mr360_1.jpg',0,1,'2014-07-08','2014-01-31 10:35:25','2014-07-08 13:58:45',0),(2,'АКЦИЯ! ВЕРНЕМ 100 р. на счет мобильного телефона','schastlivye-chasy-na-mrt','<p><span style=\"font-family: Helvetica, arial, freesans, clean, sans-serif; font-size: 15px; line-height: 25.5px;\">The quickest way to add rich text editing capabilities to your models is to use the included&nbsp;</span><tt style=\"box-sizing: border-box; font-family: Consolas, \'Liberation Mono\', Courier, monospace; font-size: 12px; margin: 0px; border: 1px solid rgb(221, 221, 221); background-color: rgb(248, 248, 248); border-top-left-radius: 3px; border-top-right-radius: 3px; border-bottom-right-radius: 3px; border-bottom-left-radius: 3px; padding: 0px;\">RichTextField</tt><span style=\"font-family: Helvetica, arial, freesans, clean, sans-serif; font-size: 15px; line-height: 25.5px;\">model field type. A CKEditor widget is rendered as the form field but in all other regards the field behaves as the standard Django&nbsp;</span><tt style=\"box-sizing: border-box; font-family: Consolas, \'Liberation Mono\', Courier, monospace; font-size: 12px; margin: 0px; border: 1px solid rgb(221, 221, 221); background-color: rgb(248, 248, 248); border-top-left-radius: 3px; border-top-right-radius: 3px; border-bottom-right-radius: 3px; border-bottom-left-radius: 3px; padding: 0px;\">TextField</tt><span style=\"font-family: Helvetica, arial, freesans, clean, sans-serif; font-size: 15px; line-height: 25.5px;\">. For example:</span></p>\r\n','<p><font color=\"#666666\" face=\"Segoeui, Arial, sans-serif\"><span style=\"font-size: 14px; line-height: 20px;\">Получи 100 рублей на счет своего мобильного телефона при прохождении любого обследования через &quot;Единое окно записи на МРТ и КТ&quot; !!!</span></font></p>\r\n','',0,1,'2014-12-31','2014-05-31 10:45:28','2014-07-14 15:26:58',0),(3,'Прием врача до и после МРТ со скидкой 25%! ','priem-vracha-do-i-posle-mrt-so-skidkoj-25','<p><span style=\"font-family: Helvetica, arial, freesans, clean, sans-serif; font-size: 15px; line-height: 25.5px;\">The quickest way to add rich text editing capabilities to your models is to use the included&nbsp;</span><tt style=\"box-sizing: border-box; font-family: Consolas, \'Liberation Mono\', Courier, monospace; font-size: 12px; margin: 0px; border: 1px solid rgb(221, 221, 221); background-color: rgb(248, 248, 248); border-top-left-radius: 3px; border-top-right-radius: 3px; border-bottom-right-radius: 3px; border-bottom-left-radius: 3px; padding: 0px;\">RichTextField</tt><span style=\"font-family: Helvetica, arial, freesans, clean, sans-serif; font-size: 15px; line-height: 25.5px;\">model field type. A CKEditor widget is rendered as the form field but in all other regards the field behaves as the standard Django&nbsp;</span><tt style=\"box-sizing: border-box; font-family: Consolas, \'Liberation Mono\', Courier, monospace; font-size: 12px; margin: 0px; border: 1px solid rgb(221, 221, 221); background-color: rgb(248, 248, 248); border-top-left-radius: 3px; border-top-right-radius: 3px; border-bottom-right-radius: 3px; border-bottom-left-radius: 3px; padding: 0px;\">TextField</tt><span style=\"font-family: Helvetica, arial, freesans, clean, sans-serif; font-size: 15px; line-height: 25.5px;\">. For example:</span></p>\r\n','<p><span style=\"font-family: Helvetica, arial, freesans, clean, sans-serif; font-size: 15px; line-height: 25.5px;\">The quickest way to add rich text editing capabilities to your models is to use the included&nbsp;</span><tt style=\"box-sizing: border-box; font-family: Consolas, \'Liberation Mono\', Courier, monospace; font-size: 12px; margin: 0px; border: 1px solid rgb(221, 221, 221); background-color: rgb(248, 248, 248); border-top-left-radius: 3px; border-top-right-radius: 3px; border-bottom-right-radius: 3px; border-bottom-left-radius: 3px; padding: 0px;\">RichTextField</tt><span style=\"font-family: Helvetica, arial, freesans, clean, sans-serif; font-size: 15px; line-height: 25.5px;\">model field type. A CKEditor widget is rendered as the form field but in all other regards the field behaves as the standard Django&nbsp;</span><tt style=\"box-sizing: border-box; font-family: Consolas, \'Liberation Mono\', Courier, monospace; font-size: 12px; margin: 0px; border: 1px solid rgb(221, 221, 221); background-color: rgb(248, 248, 248); border-top-left-radius: 3px; border-top-right-radius: 3px; border-bottom-right-radius: 3px; border-bottom-left-radius: 3px; padding: 0px;\">TextField</tt><span style=\"font-family: Helvetica, arial, freesans, clean, sans-serif; font-size: 15px; line-height: 25.5px;\">. For example:</span></p>\r\n\r\n<hr />\r\n<p>&nbsp;</p>\r\n','uploads/news/stol.jpg',0,0,'2014-05-02','2014-05-31 10:45:39','2014-06-11 14:11:42',0);
/*!40000 ALTER TABLE `news_news` ENABLE KEYS */;
UNLOCK TABLES;

--
-- Table structure for table `page_action`
--

DROP TABLE IF EXISTS `page_action`;
/*!40101 SET @saved_cs_client     = @@character_set_client */;
/*!40101 SET character_set_client = utf8 */;
CREATE TABLE `page_action` (
  `id` int(11) NOT NULL AUTO_INCREMENT,
  `group_id` int(11) NOT NULL,
  `title` varchar(40) NOT NULL,
  `link` varchar(100) NOT NULL,
  `active` tinyint(1) NOT NULL,
  `position` int(11) NOT NULL,
  `parent_id` int(11) DEFAULT NULL,
  `page_id` int(11) DEFAULT NULL,
  `lft` int(10) unsigned NOT NULL,
  `rght` int(10) unsigned NOT NULL,
  `tree_id` int(10) unsigned NOT NULL,
  `level` int(10) unsigned NOT NULL,
  PRIMARY KEY (`id`),
  KEY `page_action_5f412f9a` (`group_id`),
  KEY `page_action_410d0aac` (`parent_id`),
  KEY `page_action_3fb9c94f` (`page_id`),
  KEY `page_action_329f6fb3` (`lft`),
  KEY `page_action_e763210f` (`rght`),
  KEY `page_action_ba470c4a` (`tree_id`),
  KEY `page_action_20e079f4` (`level`)
) ENGINE=MyISAM AUTO_INCREMENT=50 DEFAULT CHARSET=utf8;
/*!40101 SET character_set_client = @saved_cs_client */;

--
-- Dumping data for table `page_action`
--

LOCK TABLES `page_action` WRITE;
/*!40000 ALTER TABLE `page_action` DISABLE KEYS */;
INSERT INTO `page_action` VALUES (47,4,'КТ суставов','/kt-sustavy',1,999,37,28,2,3,6,1),(43,4,'КТ позвоночника','/kt-pozvonochnik',1,999,37,25,10,11,6,1),(32,4,'МРТ суставов','/mrt-sustavy',1,999,28,14,12,13,5,1),(33,4,'МРТ брюшной полости','/mrt-brushnaya-polost',1,999,28,30,10,11,5,1),(46,4,'КТ сосудов','/kt-sosudy',1,999,37,27,4,5,6,1),(45,4,'КТ кишечника','/kt-kishechnik',1,999,37,19,6,7,6,1),(44,4,'КТ брюшной полости','/kt-brushnaya-polost',1,999,37,26,8,9,6,1),(42,4,'КТ зубов','/kt-zuby',1,999,37,18,12,13,6,1),(41,4,'КТ головного мозга','/kt-mozg',1,999,37,17,14,15,6,1),(40,4,'КТ носа','/kt-nos',1,999,37,16,16,17,6,1),(39,4,'КТ легких','/kt-grudnaya-kletka-i-legkie',1,999,37,15,18,19,6,1),(24,2,'тест','',0,999,NULL,NULL,1,2,4,0),(34,4,'МРТ шейного отдела','/mrt-sheinyi-otdel',1,999,28,21,8,9,5,1),(36,4,'МРТ крестцово поясничного отдела','/mrt-poyasnichnyi-otdel',1,999,28,22,4,5,5,1),(37,4,'КТ','/kt',1,999,NULL,NULL,1,22,6,0),(38,4,'КТ малого таза','/kt-malyi-taz',1,999,37,24,20,21,6,1),(35,4,'МРТ позвоночника','/mrt-pozvonochnik',1,999,28,12,6,7,5,1),(30,4,'МРТ позвоночника','/mrt-pozvonochnik',1,999,28,12,16,17,5,1),(28,4,'МРТ','/mrt',1,999,NULL,NULL,1,18,5,0),(29,4,'МРТ головного мозга','/mrt-mozg',1,999,28,23,2,3,5,1),(31,4,'МРТ малого таза','/mrt-malyi-taz',1,999,28,13,14,15,5,1);
/*!40000 ALTER TABLE `page_action` ENABLE KEYS */;
UNLOCK TABLES;

--
-- Table structure for table `page_actiongroup`
--

DROP TABLE IF EXISTS `page_actiongroup`;
/*!40101 SET @saved_cs_client     = @@character_set_client */;
/*!40101 SET character_set_client = utf8 */;
CREATE TABLE `page_actiongroup` (
  `id` int(11) NOT NULL AUTO_INCREMENT,
  `name` varchar(100) NOT NULL,
  PRIMARY KEY (`id`),
  UNIQUE KEY `name` (`name`)
) ENGINE=MyISAM AUTO_INCREMENT=5 DEFAULT CHARSET=utf8;
/*!40101 SET character_set_client = @saved_cs_client */;

--
-- Dumping data for table `page_actiongroup`
--

LOCK TABLES `page_actiongroup` WRITE;
/*!40000 ALTER TABLE `page_actiongroup` DISABLE KEYS */;
INSERT INTO `page_actiongroup` VALUES (1,'about_company'),(2,'documents'),(4,'uslugi');
/*!40000 ALTER TABLE `page_actiongroup` ENABLE KEYS */;
UNLOCK TABLES;

--
-- Table structure for table `page_page`
--

DROP TABLE IF EXISTS `page_page`;
/*!40101 SET @saved_cs_client     = @@character_set_client */;
/*!40101 SET character_set_client = utf8 */;
CREATE TABLE `page_page` (
  `id` int(11) NOT NULL AUTO_INCREMENT,
  `title` varchar(100) NOT NULL,
  `slug` varchar(100) NOT NULL,
  `short_text` longtext NOT NULL,
  `body` longtext NOT NULL,
  `active` tinyint(1) NOT NULL,
  `exclude_from_navigation` tinyint(1) NOT NULL,
  `position` int(11) NOT NULL,
  `file` varchar(100) NOT NULL,
  PRIMARY KEY (`id`)
) ENGINE=MyISAM AUTO_INCREMENT=32 DEFAULT CHARSET=utf8;
/*!40101 SET character_set_client = @saved_cs_client */;

--
-- Dumping data for table `page_page`
--

LOCK TABLES `page_page` WRITE;
/*!40000 ALTER TABLE `page_page` DISABLE KEYS */;
INSERT INTO `page_page` VALUES (1,'Об ассоциации','stranica-obshej-inforacii','<p>страница общей инфорации</p>\r\n','<p><strong>Миссия:</strong></p>\r\n\r\n<p>Единое окно записи на МРТ и КТ. Формирование качественно нового сервиса прохождения обследования на МРТ и КТ аппаратах.</p>\r\n\r\n<p>&nbsp;</p>\r\n\r\n<p>Общество с ограниченной ответственностью &quot;АССОЦИАЦИЯ ЦЕНТРОВ МАГНИТНО-РЕЗОНАНСНОЙ ТОМОГРАФИИ&quot;</p>\r\n\r\n<p><span style=\"line-height: 1.6; font-weight: bold;\">Сокращенное фирменное наименование: </span><span style=\"line-height: 1.6;\"> ООО &quot;А ЦМ-РТ&quot;</span></p>\r\n\r\n<p style=\"margin-top:0cm;margin-right:0cm;margin-bottom:12.0pt;margin-left:\r\n0cm;line-height:15.6pt\"><span style=\"line-height: 1.6; font-weight: bold;\">ОГРН: </span><span style=\"line-height: 1.6;\"> 1147847149955</span></p>\r\n\r\n<p><span style=\"font-weight: bold;\">ИНН:</span> 7813587772</p>\r\n\r\n<p><span style=\"font-weight: bold;\">КПП: </span> 781301001</p>\r\n\r\n<p><span style=\"font-weight: bold;\">Юридический адрес: </span>191110, Санкт-Петербург, ул. Ремесленная, д.1</p>\r\n\r\n<p><span style=\"font-weight: bold;\">Фактический адрес: </span>191110, Санкт-Петербург, ул. Ремесленная, д.1</p>\r\n\r\n<p>Р./сч. № 40702810428260001814 в ДО № 40 &laquo;Большевиков, 2&raquo; в г. Санкт - Петербурге филиала № 7806 ВТБ 24 (ЗАО)</p>\r\n\r\n<p>&nbsp;</p>\r\n',1,1,999,''),(2,'Контакты','kontakty','<p>kontakty</p>\r\n','<p><span style=\"font-weight: bold;\">Адрес:</span> 191110, Санкт-Петербург, ул. Ремесленная, д.1</p>\r\n\r\n<p><span style=\"font-weight: bold;\">Телефон:</span> +7 (812) 408-02-10</p>\r\n\r\n<p><span style=\"font-weight: bold;\">E-mail:</span> <a href=\"mailto:okno@a-mrt.ru\">okno@a-mrt.ru</a></p>\r\n\r\n<p><span style=\"font-weight: bold;\">Время работы:</span> Круглосуточно, без выходных</p>\r\n<script type=\"text/javascript\" charset=\"utf-8\" src=\"//api-maps.yandex.ru/services/constructor/1.0/js/?sid=i4TgFH-QPYmeuZK_trPEsb0gJrQ1c7Cg&width=600&height=450\"></script>\r\n\r\n<div itemscope=\"\" itemtype=\"http://schema.org/Organization\" style=\"display: none;\"><span itemprop=\"name\">Ассоциация центров МРТ и КТ</span>\r\n\r\n<div itemprop=\"address\" itemscope=\"\" itemtype=\"http://schema.org/PostalAddress\"><span itemprop=\"streetAddress\">ул. Ремесленная, д.1</span> <span itemprop=\"postalCode\">191110</span> <span itemprop=\"addressLocality\">Санкт-Петербург, Россия</span></div>\r\n<span itemprop=\"telephone\">+7 (812) 408-02-10</span> <span itemprop=\"email\">okno@a-mrt.ru</span></div>\r\n',1,1,999,''),(5,'МРТ','mrt','<h1>МРТ</h1>\r\n','<h1>МРТ</h1>\r\n\r\n<p>Внимание! Приносим свои извинения, но раздел находится на стадии разработки. В самое ближайшее время он будет наполнен. А пока, Вы можете ознакомиться с другими разделами нашего сайта.</p>\r\n',1,0,999,''),(4,'404','404','<p>404</p>\r\n','<h1>Данная страница не существует!</h1>\r\n\r\n<p>Вы можете <a href=\"/\">перейти на главную страницу сайта</a></p>\r\n',1,1,999,''),(6,'КТ','kt','<p>КТ</p>\r\n','<h1>КТ</h1>\r\n\r\n<p>Внимание! Приносим свои извинения, но раздел находится на стадии разработки. В самое ближайшее время он будет наполнен. А пока, Вы можете ознакомиться с другими разделами нашего сайта.</p>\r\n',1,1,999,''),(29,'КТ почек','kt-pochki','<p>КТ почек</p>\r\n','<h1>КТ почек</h1>\r\n\r\n<p>Внимание! Приносим свои извинения, но раздел находится на стадии разработки. В самое ближайшее время он будет наполнен. А пока, Вы можете ознакомиться с другими разделами нашего сайта.</p>\r\n',1,0,999,''),(8,'Карта сайта','sitemap','<p>sitemap</p>\r\n','<ul>\r\n	<li style=\"text-align: left;list-style: disc;\"><a href=\"/\">Главная</a></li>\r\n	<li style=\"text-align: left;list-style: disc;\"><a href=\"http://a-mrt.ru/event/\">Акции</a></li>\r\n	<li style=\"text-align: left;list-style: disc;\"><a href=\"http://a-mrt.ru/page/stranica-obshej-inforacii\">Об ассоциации</a></li>\r\n	<li style=\"text-align: left;list-style: disc;\"><a href=\"http://a-mrt.ru/page/kontakty\">Контакты</a></li>\r\n	<li style=\"text-align: left;list-style: disc;\"><a href=\"http://a-mrt.ru/page/kt\">КТ</a></li>\r\n	<li style=\"text-align: left;list-style: disc;\"><a href=\"http://a-mrt.ru/page/mrt\">МРТ</a></li>\r\n	<li style=\"text-align: left;list-style: disc;\"><a href=\"http://a-mrt.ru/page/bryushnaya-polost\">Брюшная полость</a></li>\r\n</ul>\r\n',1,0,999,''),(12,'МРТ позвоночника','mrt-pozvonochnik','<h1>МРТ позвоночника</h1>\r\n\r\n<p>Внимание! Приносим свои извинения, но раздел находится на стадии разработки. В самое ближайшее время он будет наполнен. А пока, Вы можете ознакомиться с другими разделами нашего сайта.</p>\r\n','<h1>МРТ позвоночника</h1>\r\n\r\n<p>Внимание! Приносим свои извинения, но раздел находится на стадии разработки. В самое ближайшее время он будет наполнен. А пока, Вы можете ознакомиться с другими разделами нашего сайта.</p>\r\n',1,0,999,''),(13,'МРТ малого таза','mrt-malyi-taz','<p>МРТ малого таза</p>\r\n','<h1>МРТ малого таза</h1>\r\n\r\n<p>Внимание! Приносим свои извинения, но раздел находится на стадии разработки. В самое ближайшее время он будет наполнен. А пока, Вы можете ознакомиться с другими разделами нашего сайта.</p>\r\n',1,0,999,''),(14,'МРТ суставов','mrt-sustavy','<p class=\"western\"><font face=\"Tahoma, sans-serif\"><font size=\"2\">МРТ суставов</font></font></p>\r\n','<h1>МРТ суставов</h1>\r\n\r\n<p>Внимание! Приносим свои извинения, но раздел находится на стадии разработки. В самое ближайшее время он будет наполнен. А пока, Вы можете ознакомиться с другими разделами нашего сайта.</p>\r\n',1,0,999,''),(15,'КТ легких','kt-grudnaya-kletka-i-legkie','<p class=\"western\"><font face=\"Tahoma, sans-serif\"><font size=\"2\">КТ легких</font></font></p>\r\n','<h1>КТ легких</h1>\r\n\r\n<p>Внимание! Приносим свои извинения, но раздел находится на стадии разработки. В самое ближайшее время он будет наполнен. А пока, Вы можете ознакомиться с другими разделами нашего сайта.</p>\r\n',1,0,999,''),(16,'КТ носа','kt-nos','<p class=\"western\"><font face=\"Tahoma, sans-serif\"><font size=\"2\">КТ носа</font></font></p>\r\n','<h1>КТ носа</h1>\r\n\r\n<p>Внимание! Приносим свои извинения, но раздел находится на стадии разработки. В самое ближайшее время он будет наполнен. А пока, Вы можете ознакомиться с другими разделами нашего сайта.</p>\r\n',1,0,999,''),(17,'КТ головного мозга','kt-mozg','<p class=\"western\"><font face=\"Tahoma, sans-serif\"><font size=\"2\">КТ головного мозга</font></font></p>\r\n','<h1>КТ головного мозга</h1>\r\n\r\n<p>Внимание! Приносим свои извинения, но раздел находится на стадии разработки. В самое ближайшее время он будет наполнен. А пока, Вы можете ознакомиться с другими разделами нашего сайта.</p>\r\n',1,0,999,''),(18,'КТ зубов','kt-zuby','<p class=\"western\"><font face=\"Tahoma, sans-serif\"><font size=\"2\">КТ зубов</font></font></p>\r\n','<h1>КТ зубов</h1>\r\n\r\n<p>Внимание! Приносим свои извинения, но раздел находится на стадии разработки. В самое ближайшее время он будет наполнен. А пока, Вы можете ознакомиться с другими разделами нашего сайта.</p>\r\n',1,0,999,''),(19,'КТ кишечника','kt-kishechnik','<p class=\"western\"><font face=\"Tahoma, sans-serif\"><font size=\"2\">КТ кишечника</font></font></p>\r\n','<h1>КТ кишечника</h1>\r\n\r\n<p>Внимание! Приносим свои извинения, но раздел находится на стадии разработки. В самое ближайшее время он будет наполнен. А пока, Вы можете ознакомиться с другими разделами нашего сайта.</p>\r\n',1,0,999,''),(20,'МРТ сосудов','mrt-sosudy','<p class=\"western\"><font face=\"Tahoma, sans-serif\"><font size=\"2\">МРТ сосудов</font></font></p>\r\n','<h1>МРТ сосудов</h1>\r\n\r\n<p>Внимание! Приносим свои извинения, но раздел находится на стадии разработки. В самое ближайшее время он будет наполнен. А пока, Вы можете ознакомиться с другими разделами нашего сайта.</p>\r\n',1,0,999,''),(21,'МРТ шейного отдела','mrt-sheinyi-otdel','<p class=\"western\"><font face=\"Tahoma, sans-serif\"><font size=\"2\">МРТ шейного отдела</font></font></p>\r\n','<h1>МРТ шейного отдела позвоночника</h1>\r\n\r\n<p>МРТ (магнитно-резонансная томография) шейного отдела позвоночного столба основана на действии магнитного излучения и радиоволн. Она позволяет получить детальное изображение внутренней структуры цервикального отдела (шейной части вместе с костным каналом, костными отростками, оболочками и позвоночником).</p>\r\n\r\n<p><strong>МРТ шейного отдела</strong> позвоночника проводится без рентгеновского излучения. Исследование позволяет визуализировать мягкие ткани &mdash; связки, мышцы и хрящи.</p>\r\n\r\n<h2>МРТ шейного отдела: основные показания к проведению обследования</h2>\r\n\r\n<ul style=\"padding-left:20px;\">\r\n	<li style=\"text-align: left;list-style-type: disc;\">Сильные боли в шее, онемение и слабость рук, не поддающиеся лечению.</li>\r\n	<li style=\"text-align: left;list-style-type: disc;\">Остеохондроз.</li>\r\n	<li style=\"text-align: left;list-style-type: disc;\">Травмы в области шеи.</li>\r\n	<li style=\"text-align: left;list-style-type: disc;\">Боли в области шеи, сопровождаемые нарушениями в области ног &mdash; потерей чувствительности, слабостью и другими симптомами.</li>\r\n	<li style=\"text-align: left;list-style-type: disc;\">Различные аномалии развития позвоночника.</li>\r\n	<li style=\"text-align: left;list-style-type: disc;\">Подозрения на метастазы, кисты и опухоли различной природы.</li>\r\n	<li style=\"text-align: left;list-style-type: disc;\">МРТ шейного отдела позвоночника помогает подтвердить или опровергнуть диагноз &mdash; грыжи, разрывы, смещения, протрузии дисков в шейной области, а также стенозы позвоночного столба.</li>\r\n	<li style=\"text-align: left;list-style-type: disc;\">МРТ шейного отдела проводится при деструктивных процессах, которые затрагивают позвоночный столб &mdash; остеомиелит, туберкулезное поражение позвоночника и т.д.</li>\r\n	<li style=\"text-align: left;list-style-type: disc;\">Сосудистые нарушения, которые связаны с кровообращением головного мозга.</li>\r\n	<li style=\"text-align: left;list-style-type: disc;\">Перед нейрохирургическими и ортопедическими вмешательствами также назначают МРТ шейного отдела.</li>\r\n	<li style=\"text-align: left;list-style-type: disc;\">Аутоиммунные нарушения &mdash; спондилит, спондилоартрит.</li>\r\n</ul>\r\n',1,0,999,''),(22,'МРТ крестцово поясничного отдела','mrt-poyasnichnyi-otdel','<p class=\"western\"><font face=\"Tahoma, sans-serif\"><font size=\"2\">МРТ крестцово поясничного отдела</font></font></p>\r\n','<h1>МРТ крестцового отдела позвоночника</h1>\r\n\r\n<p>Позвоночник является одной из самых уязвимых частей организма человека. Наиболее точную информацию при диагностировании его нарушений и заболеваний дает метод магнитно-резонансной томографии.</p>\r\n\r\n<p><strong>МРТ крестцово-поясничного отдела</strong> позвоночного столба позволяет просканировать зону поясницы в различных проекциях &mdash; прямой и боковой. В итоге получается серия четких послойных изображений всех структурных элементов &mdash; позвонков, мышц, связок, хрящей, нервных корешков, суставов, мышц и кровеносных сосудов.</p>\r\n\r\n<p>Необходимость введения контрастного вещества для проведения МРТ поясничного отдела определяет врач. Исследование занимает от 20 до 60 минут, по точности диагностики вкупе со скоростью ни один другой метод не может с ним сравниться.</p>\r\n\r\n<p>Специальной подготовки к проведению МРТ позвоночника (поясничного отдела) не требуется. Обследование можно повторять многократно, так как оно не несет лучевой нагрузки.</p>\r\n\r\n<h2>МРТ крестцового отдела позвоночника: основные показания к проведению</h2>\r\n\r\n<ul style=\"padding-left:20px;\">\r\n	<li style=\"text-align: left;list-style-type: disc;\">Боли и иные симптомы непонятного происхождения в области поясницы, крестца.</li>\r\n	<li style=\"text-align: left;list-style-type: disc;\">При пояснично-крестцовом остеохондрозе наиболее информативным исследованием будет МРТ позвоночника поясничного отдела.</li>\r\n	<li style=\"text-align: left;list-style-type: disc;\">Нарушения кровообращения нижних конечностей.</li>\r\n	<li style=\"text-align: left;list-style-type: disc;\">Подозрения на метастазы и опухоли любого происхождения в области крестца.</li>\r\n	<li style=\"text-align: left;list-style-type: disc;\">Перед планированием операций на позвоночнике назначается, в том числе, МРТ крестцового отдела позвоночника.</li>\r\n	<li style=\"text-align: left;list-style-type: disc;\">Прострелы и боли в области поясницы или в ногах.</li>\r\n	<li style=\"text-align: left;list-style-type: disc;\">При воспалительных заболеваниях спинного мозга рекомендуется сделать МРТ крестцового отдела.</li>\r\n	<li style=\"text-align: left;list-style-type: disc;\">Подозрения на межпозвонковые грыжи, протурзии, разрыв диска.</li>\r\n	<li style=\"text-align: left;list-style-type: disc;\">Сосудистые миелопатии.</li>\r\n	<li style=\"text-align: left;list-style-type: disc;\">Корешковый синдром в области крестца.</li>\r\n	<li style=\"text-align: left;list-style-type: disc;\">МРТ крестцово-поясничного отдела проводят при травмах позвоночника в области поясницы и ниже.</li>\r\n	<li style=\"text-align: left;list-style-type: disc;\">Подозрения на смещение позвонков.</li>\r\n	<li style=\"text-align: left;list-style-type: disc;\">Скованность в области поясницы.</li>\r\n	<li style=\"text-align: left;list-style-type: disc;\">Аномалии развития позвоночного столба.</li>\r\n	<li style=\"text-align: left;list-style-type: disc;\">Для контроля состояния после операции может назначаться МРТ крестцового отдела позвоночника.</li>\r\n	<li style=\"text-align: left;list-style-type: disc;\">Паралич или парез нижних конечностей.</li>\r\n</ul>\r\n\r\n<h2>Противопоказания к проведению МРТ крестцового отдела позвоночника</h2>\r\n\r\n<ul style=\"padding-left:20px;\">\r\n	<li style=\"text-align: left;list-style-type: disc;\">Из-за изменения свойств металла под действием магнитного поля обследование невозможно провести, если на теле пациента присутствуют любые металлические предметы &mdash; сосудистые клипсы, кардиостимулятор, металлические штифты, инсулиновая помпа.</li>\r\n	<li style=\"text-align: left;list-style-type: disc;\">Однако наличие титановых протезов, зубных имплантатов или брекетов противопоказанием к проведению МРТ крестцового отдела позвоночника не являются, так как данные материалы не притягиваются магнитом.</li>\r\n	<li style=\"text-align: left;list-style-type: disc;\">Клаустрофобия. В некоторых случаях процедуру можно осуществить после введения седативных препаратов.</li>\r\n	<li style=\"text-align: left;list-style-type: disc;\">Хроническая почечная недостаточность.</li>\r\n	<li style=\"text-align: left;list-style-type: disc;\">При первом триместре беременности и в период лактации МРТ крестцового отдела позвоночника с контрастом противопоказано.</li>\r\n	<li style=\"text-align: left;list-style-type: disc;\">Острая непереносимость контрастного вещества. Высок риск развития сильной аллергической реакции.</li>\r\n</ul>\r\n',1,0,999,''),(23,'МРТ головного мозга','mrt-mozg','<p>МРТ головного мозга</p>\r\n','<h1>МРТ головного мозга</h1>\r\n\r\n<p>Внимание! Приносим свои извинения, но раздел находится на стадии разработки. В самое ближайшее время он будет наполнен. А пока, Вы можете ознакомиться с другими разделами нашего сайта.</p>\r\n',1,0,999,''),(24,'КТ малого таза','kt-malyi-taz','<p class=\"western\"><font face=\"Tahoma, sans-serif\"><font size=\"2\">КТ малого таза</font></font></p>\r\n','<h1>КТ малого таза</h1>\r\n\r\n<p>Внимание! Приносим свои извинения, но раздел находится на стадии разработки. В самое ближайшее время он будет наполнен. А пока, Вы можете ознакомиться с другими разделами нашего сайта.</p>\r\n',1,0,999,''),(25,'КТ позвоночника','kt-pozvonochnik','<p>КТ позвоночника</p>\r\n','<h1>КТ позвоночника</h1>\r\n\r\n<p>Внимание! Приносим свои извинения, но раздел находится на стадии разработки. В самое ближайшее время он будет наполнен. А пока, Вы можете ознакомиться с другими разделами нашего сайта.</p>\r\n',1,0,999,''),(26,'КТ брюшной полости','kt-brushnaya-polost','<p>КТ брюшной полости</p>\r\n','<h1>КТ брюшной полости</h1>\r\n\r\n<p>Внимание! Приносим свои извинения, но раздел находится на стадии разработки. В самое ближайшее время он будет наполнен. А пока, Вы можете ознакомиться с другими разделами нашего сайта.</p>\r\n',1,0,999,''),(27,'КТ сосудов','kt-sosudy','<p>КТ сосудов</p>\r\n','<h1>Компьютерная томография сосудов</h1>\r\n\r\n<p>КТ-ангиография, иначе называемая <strong>компьютерной томографией сосудов</strong>, является важным диагностическим исследованием, которое позволяет подробно изучить состояние кровеносных сосудов. При помощи данного метода можно получить детальное изображение сосудов, выявить особенности их структуры и оценить скорость кровотока.</p>\r\n\r\n<p>Во время компьютерной томографии сосудов создаются послойные изображения тканей при помощи рентгеновских лучей и компьютерной обработки полученной информации. В результате можно увидеть патологические изменения сосудов в той или иной области, аневризмы, тромбозы и другие возможные нарушения, а также сделать выводы о наличии участка сдавливания, деструкции или воспаления.</p>\r\n\r\n<h2>Как проходит компьютерная томография сосудов?</h2>\r\n\r\n<ul style=\"padding-left: 20px;\">\r\n	<li style=\"text-align: left;list-style-type: disc;\">В амбулаторных условиях пациента укладывают на передвижной стол компьютерного томографа.</li>\r\n	<li style=\"text-align: left;list-style-type: disc;\">Затем для проведения компьютерной томографии сосудов через венозный катетер чаще всего в локтевую вену вводят не более 100 мл контрастного вещества.</li>\r\n	<li style=\"text-align: left;list-style-type: disc;\">Далее стол плавно входит в камеру, та часть тела, которая подлежит сканированию, должна находиться внутри самого аппарата.</li>\r\n	<li style=\"text-align: left;list-style-type: disc;\">На следующем этапе выполняется серия сканирований, во время которых пациенту необходимо лежать неподвижно.</li>\r\n	<li style=\"text-align: left;list-style-type: disc;\">Компьютерная томография сосудов абсолютно безболезненна, не сопровождается никакими неприятными ощущениями и несет минимальную лучевую нагрузку.</li>\r\n</ul>\r\n',1,0,999,''),(28,'КТ суставов','kt-sustavy','<p>КТ суставов</p>\r\n','<h1>Компьютерная томография суставов</h1>\r\n<p>В большинстве случаев исследование суставов проводят при помощи рентгеновской диагностики, однако <strong>компьютерная томография суставов</strong> является более точным методом, позволяющим послойно визуализировать костную структуру суставных концов. В результате с ее помощью можно определить качество суставных поверхностей, уточнить размеры суставов и суставной щели, выявить остеофиты, хрящевые разрастания, а также очаговые, диффузные и дистрофические изменения в тканях.</p>\r\n<p>Компьютерная томография суставов является незаменимым методом диагностики, выбора тактики и контроля лечения различных травм, дистрофических и воспалительных заболеваний суставов. Исследование не несет существенной лучевой нагрузки.</p>\r\n<h2>Компьютерная томография суставов: основные показания к применению</h2>\r\n<ul style=\"padding-left:20px;\">\r\n<li style=\"text-align: left;list-style-type: disc;\">Различные травмы — вывихи, подвывихи, переломы.</li>\r\n<li style=\"text-align: left;list-style-type: disc;\">Скопление жидкости в полости сустава.</li>\r\n<li style=\"text-align: left;list-style-type: disc;\">Опухоли костей и суставов.</li>\r\n<li style=\"text-align: left;list-style-type: disc;\">Оперативное вмешательство — компьютерную томографию суставов рекомендуют проводить перед эндопротезированием.</li>\r\n<li style=\"text-align: left;list-style-type: disc;\">Дегенеративно-дистрофические и воспалительные заболевания (артриты, артрозы, остеохондропатии).</li>\r\n</ul>\r\n<h2>Противопоказания к проведению компьютерной томографии суставов</h2>\r\n<ul style=\"padding-left:20px;\">\r\n<li style=\"text-align: left;list-style-type: disc;\">при выраженной почечной недостаточности исследование с контрастом не проводится;</li>\r\n<li style=\"text-align: left;list-style-type: disc;\">беременность, период лактации и младший детский возраст;</li>\r\n<li style=\"text-align: left;list-style-type: disc;\">компьютерная томография суставов не рекомендована при гиперкинезах, когда пациент не может долго сохранять неподвижность, а также при выраженном болевом синдроме;</li>\r\n<li style=\"text-align: left;list-style-type: disc;\">аллергическая реакция на йод.</li>\r\n</ul>',1,0,999,''),(30,'МРТ брюшной полости','mrt-brushnaya-polost','<p>МРТ брюшной полости</p>\r\n','<h1>МРТ брюшной полости</h1>\r\n\r\n<p>Внимание! Приносим свои извинения, но раздел находится на стадии разработки. В самое ближайшее время он будет наполнен. А пока, Вы можете ознакомиться с другими разделами нашего сайта.</p>\r\n',1,0,999,''),(31,'Отзывы','otzyvy','<p>test</p>\r\n','<p>test</p>\r\n',1,0,999,'');
/*!40000 ALTER TABLE `page_page` ENABLE KEYS */;
UNLOCK TABLES;

--
-- Table structure for table `seo_seometadatamodel`
--

DROP TABLE IF EXISTS `seo_seometadatamodel`;
/*!40101 SET @saved_cs_client     = @@character_set_client */;
/*!40101 SET character_set_client = utf8 */;
CREATE TABLE `seo_seometadatamodel` (
  `id` int(11) NOT NULL AUTO_INCREMENT,
  `title` varchar(250) NOT NULL,
  `description` varchar(250) NOT NULL,
  `keywords` varchar(511) NOT NULL,
  `_content_type_id` int(11) NOT NULL,
  PRIMARY KEY (`id`),
  UNIQUE KEY `_content_type_id` (`_content_type_id`),
  KEY `seo_seometadatamodel_d674e98a` (`_content_type_id`)
) ENGINE=MyISAM DEFAULT CHARSET=utf8;
/*!40101 SET character_set_client = @saved_cs_client */;

--
-- Dumping data for table `seo_seometadatamodel`
--

LOCK TABLES `seo_seometadatamodel` WRITE;
/*!40000 ALTER TABLE `seo_seometadatamodel` DISABLE KEYS */;
/*!40000 ALTER TABLE `seo_seometadatamodel` ENABLE KEYS */;
UNLOCK TABLES;

--
-- Table structure for table `seo_seometadatamodelinstance`
--

DROP TABLE IF EXISTS `seo_seometadatamodelinstance`;
/*!40101 SET @saved_cs_client     = @@character_set_client */;
/*!40101 SET character_set_client = utf8 */;
CREATE TABLE `seo_seometadatamodelinstance` (
  `id` int(11) NOT NULL AUTO_INCREMENT,
  `title` varchar(250) NOT NULL,
  `description` varchar(250) NOT NULL,
  `keywords` varchar(511) NOT NULL,
  `_path` varchar(255) NOT NULL,
  `_content_type_id` int(11) NOT NULL,
  `_object_id` int(10) unsigned NOT NULL,
  PRIMARY KEY (`id`),
  UNIQUE KEY `_path` (`_path`),
  UNIQUE KEY `_path_2` (`_path`),
  UNIQUE KEY `_content_type_id` (`_content_type_id`,`_object_id`),
  KEY `seo_seometadatamodelinstance_d674e98a` (`_content_type_id`)
) ENGINE=MyISAM AUTO_INCREMENT=37 DEFAULT CHARSET=utf8;
/*!40101 SET character_set_client = @saved_cs_client */;

--
-- Dumping data for table `seo_seometadatamodelinstance`
--

LOCK TABLES `seo_seometadatamodelinstance` WRITE;
/*!40000 ALTER TABLE `seo_seometadatamodelinstance` DISABLE KEYS */;
INSERT INTO `seo_seometadatamodelinstance` VALUES (1,'','','','/event/glavnaya',30,1),(2,'','','','/event/schastlivye-chasy-na-mrt',30,2),(3,'','','','/event/priem-vracha-do-i-posle-mrt-so-skidkoj-25',30,3),(4,'Об ассоциации','Единое окно записи на МРТ и КТ. Запись на МРТ и КТ в Санкт-Петербурге онлайн, томография головного мозга, малого таза, позвоночника, суставов и т.д. Об ассоциации. Работаем круглосуточно и без выходных. Наш телефон: +7 (812) 408-02-10.','страница общей инфорации','/stranica-obshej-inforacii',29,1),(6,'','','','/page/rrrr',29,3),(11,'Контакты','Единое окно записи на МРТ и КТ. Запись на МРТ и КТ в Санкт-Петербурге онлайн, томография головного мозга, малого таза, позвоночника, суставов и т.д. Контакты. Работаем круглосуточно и без выходных. Наш телефон: +7 (812) 408-02-10.','Контакты','/kontakty',29,2),(7,'404','404','Единое окно записи на МРТ и КТ. Запись на МРТ и КТ в Санкт-Петербурге онлайн, томография головного мозга, малого таза, позвоночника, суставов и т.д. Об ассоциации. Работаем круглосуточно и без выходных. Наш телефон: +7 (812) 408-02-10.','/404',29,4),(8,'МРТ','','','/mrt',29,5),(9,'КТ','','','/kt',29,6),(10,'Брюшная полость','','','/bryushnaya-polost',29,7),(12,'Карта сайта','Карта сайта','Карта сайта','/sitemap',29,8),(13,'','','','/page/testyyy',29,9),(14,'eee','eee','eee','/tesr',29,10),(15,'МРТ позвоночника','','','/mrt-pozvonochnik',29,12),(16,'МРТ малого таза','','','/mrt-malyi-taz',29,13),(17,'МРТ суставов','','','/mrt-sustavy',29,14),(18,'КТ легких','','','/kt-grudnaya-kletka-i-legkie',29,15),(19,'КТ носа','','','/kt-nos',29,16),(20,'КТ головного мозга','','','/kt-mozg',29,17),(21,'КТ зубов','','','/kt-zuby',29,18),(22,'КТ кишечника','','','/kt-kishechnik',29,19),(23,'МРТ сосудов','','','/mrt-sosudy',29,20),(24,'МРТ шейного отдела','МРТ шейного отдела','МРТ шейного отдела','/mrt-sheinyi-otdel',29,21),(26,'МРТ головного мозга','','','/mrt-mozg',29,23),(27,'КТ малого таза','','','/kt-malyi-taz',29,24),(28,'КТ позвоночника','','','/kt-pozvonochnik',29,25),(29,'КТ брюшной полости','','','/kt-brushnaya-polost',29,26),(30,'КТ сосудов','КТ сосудов','КТ сосудов','/kt-sosudy',29,27),(31,'КТ суставов','','','/kt-sustavy',29,28),(32,'КТ почек','','','/kt-pochki',29,29),(33,'МРТ брюшной полости','МРТ брюшной полости','МРТ брюшной полости','/mrt-brushnaya-polost',29,30),(35,'МРТ крестцово поясничного отдела','МРТ крестцово поясничного отдела','МРТ крестцово поясничного отдела','/mrt-poyasnichnyi-otdel',29,22),(36,'Отзывы','Единое окно записи на МРТ и КТ. Запись на МРТ и КТ в Санкт-Петербурге онлайн, томография головного мозга, малого таза, позвоночника, суставов и т.д. Контакты. Работаем круглосуточно и без выходных. Наш телефон: +7 (812) 408-02-10.','Отзывы','/otzyvy',29,31);
/*!40000 ALTER TABLE `seo_seometadatamodelinstance` ENABLE KEYS */;
UNLOCK TABLES;

--
-- Table structure for table `seo_seometadatapath`
--

DROP TABLE IF EXISTS `seo_seometadatapath`;
/*!40101 SET @saved_cs_client     = @@character_set_client */;
/*!40101 SET character_set_client = utf8 */;
CREATE TABLE `seo_seometadatapath` (
  `id` int(11) NOT NULL AUTO_INCREMENT,
  `title` varchar(250) NOT NULL,
  `description` varchar(250) NOT NULL,
  `keywords` varchar(511) NOT NULL,
  `_path` varchar(255) NOT NULL,
  PRIMARY KEY (`id`),
  UNIQUE KEY `_path` (`_path`),
  UNIQUE KEY `_path_2` (`_path`)
) ENGINE=MyISAM AUTO_INCREMENT=4 DEFAULT CHARSET=utf8;
/*!40101 SET character_set_client = @saved_cs_client */;

--
-- Dumping data for table `seo_seometadatapath`
--

LOCK TABLES `seo_seometadatapath` WRITE;
/*!40000 ALTER TABLE `seo_seometadatapath` DISABLE KEYS */;
INSERT INTO `seo_seometadatapath` VALUES (1,'Единое окно записи на МРТ и КТ','Единое окно записи на МРТ и КТ. Запись на МРТ и КТ в Санкт-Петербурге онлайн, томография головного мозга, малого таза, позвоночника, суставов и т.д. Акции. Работаем круглосуточно и без выходных. Наш телефон: +7 (812) 408-02-10.','мрт в спб','/'),(2,'Акции','Единое окно записи на МРТ и КТ. Запись на МРТ и КТ в Санкт-Петербурге онлайн, томография головного мозга, малого таза, позвоночника, суставов и т.д. Акции. Работаем круглосуточно и без выходных. Наш телефон: +7 (812) 408-02-10.','мрт в спб','/event/');
/*!40000 ALTER TABLE `seo_seometadatapath` ENABLE KEYS */;
UNLOCK TABLES;

--
-- Table structure for table `seo_seometadataview`
--

DROP TABLE IF EXISTS `seo_seometadataview`;
/*!40101 SET @saved_cs_client     = @@character_set_client */;
/*!40101 SET character_set_client = utf8 */;
CREATE TABLE `seo_seometadataview` (
  `id` int(11) NOT NULL AUTO_INCREMENT,
  `title` varchar(250) NOT NULL,
  `description` varchar(250) NOT NULL,
  `keywords` varchar(511) NOT NULL,
  `_view` varchar(255) NOT NULL,
  PRIMARY KEY (`id`),
  UNIQUE KEY `_view` (`_view`),
  UNIQUE KEY `_view_2` (`_view`)
) ENGINE=MyISAM AUTO_INCREMENT=2 DEFAULT CHARSET=utf8;
/*!40101 SET character_set_client = @saved_cs_client */;

--
-- Dumping data for table `seo_seometadataview`
--

LOCK TABLES `seo_seometadataview` WRITE;
/*!40000 ALTER TABLE `seo_seometadataview` DISABLE KEYS */;
INSERT INTO `seo_seometadataview` VALUES (1,'Главная','Главная','Главная','home');
/*!40000 ALTER TABLE `seo_seometadataview` ENABLE KEYS */;
UNLOCK TABLES;

--
-- Table structure for table `slider_slider`
--

DROP TABLE IF EXISTS `slider_slider`;
/*!40101 SET @saved_cs_client     = @@character_set_client */;
/*!40101 SET character_set_client = utf8 */;
CREATE TABLE `slider_slider` (
  `id` int(11) NOT NULL AUTO_INCREMENT,
  `title` varchar(250) NOT NULL,
  `show_on` varchar(250) NOT NULL,
  `image` varchar(100) NOT NULL,
  `name` varchar(250) NOT NULL,
  `url` varchar(10000) NOT NULL,
  `target` tinyint(1) NOT NULL,
  `display` tinyint(1) NOT NULL,
  `position` int(11) NOT NULL,
  PRIMARY KEY (`id`)
) ENGINE=MyISAM DEFAULT CHARSET=utf8;
/*!40101 SET character_set_client = @saved_cs_client */;

--
-- Dumping data for table `slider_slider`
--

LOCK TABLES `slider_slider` WRITE;
/*!40000 ALTER TABLE `slider_slider` DISABLE KEYS */;
/*!40000 ALTER TABLE `slider_slider` ENABLE KEYS */;
UNLOCK TABLES;

--
-- Table structure for table `south_migrationhistory`
--

DROP TABLE IF EXISTS `south_migrationhistory`;
/*!40101 SET @saved_cs_client     = @@character_set_client */;
/*!40101 SET character_set_client = utf8 */;
CREATE TABLE `south_migrationhistory` (
  `id` int(11) NOT NULL AUTO_INCREMENT,
  `app_name` varchar(255) NOT NULL,
  `migration` varchar(255) NOT NULL,
  `applied` datetime NOT NULL,
  PRIMARY KEY (`id`)
) ENGINE=MyISAM AUTO_INCREMENT=48 DEFAULT CHARSET=utf8;
/*!40101 SET character_set_client = @saved_cs_client */;

--
-- Dumping data for table `south_migrationhistory`
--

LOCK TABLES `south_migrationhistory` WRITE;
/*!40000 ALTER TABLE `south_migrationhistory` DISABLE KEYS */;
INSERT INTO `south_migrationhistory` VALUES (1,'menu','0001_initial','2014-05-29 13:46:40'),(2,'dashboard','0001_initial','2014-05-29 13:46:40'),(3,'dashboard','0002_auto__add_field_dashboardpreferences_dashboard_id','2014-05-29 13:46:40'),(4,'dashboard','0003_auto__add_unique_dashboardpreferences_dashboard_id_user','2014-05-29 13:46:40'),(5,'forms','0001_initial','2014-05-29 13:46:41'),(6,'forms','0002_auto__add_field_field_order','2014-05-29 13:46:41'),(7,'forms','0003_auto__add_field_field_slug','2014-05-29 13:46:42'),(8,'forms','0003_auto__chg_field_fieldentry_value','2014-05-29 13:46:42'),(9,'forms','0004_populate_field_slug','2014-05-29 13:46:42'),(10,'forms','0005_auto__chg_field_fieldentry_value__del_field_field__order__chg_field_fi','2014-05-29 13:46:42'),(11,'forms','0006_auto__del_unique_field_slug_form','2014-05-29 13:46:42'),(12,'filer','0001_initial','2014-05-29 13:46:44'),(13,'filer','0002_rename_file_field','2014-05-29 13:46:44'),(14,'filer','0003_add_description_field','2014-05-29 13:46:44'),(15,'filer','0004_auto__del_field_file__file__add_field_file_file__add_field_file_is_pub','2014-05-29 13:46:44'),(16,'filer','0005_auto__add_field_file_sha1__chg_field_file_file','2014-05-29 13:46:45'),(17,'filer','0006_polymorphic__add_field_file_polymorphic_ctype','2014-05-29 13:46:45'),(18,'filer','0007_polymorphic__content_type_data','2014-05-29 13:46:45'),(19,'filer','0008_polymorphic__del_field_file__file_type_plugin_name','2014-05-29 13:46:45'),(20,'filer','0009_auto__add_field_folderpermission_can_edit_new__add_field_folderpermiss','2014-05-29 13:46:45'),(21,'filer','0010_folderpermissions','2014-05-29 13:46:45'),(22,'filer','0011_auto__del_field_folderpermission_can_add_children__del_field_folderper','2014-05-29 13:46:45'),(23,'filer','0012_renaming_folderpermissions','2014-05-29 13:46:46'),(24,'filer','0013_remove_null_file_name','2014-05-29 13:46:46'),(25,'filer','0014_auto__add_field_image_related_url__chg_field_file_name','2014-05-29 13:46:46'),(26,'easy_thumbnails','0001_initial','2014-05-29 13:46:47'),(27,'easy_thumbnails','0002_filename_indexes','2014-05-29 13:46:47'),(28,'easy_thumbnails','0003_auto__add_storagenew','2014-05-29 13:46:47'),(29,'easy_thumbnails','0004_auto__add_field_source_storage_new__add_field_thumbnail_storage_new','2014-05-29 13:46:47'),(30,'easy_thumbnails','0005_storage_fks_null','2014-05-29 13:46:48'),(31,'easy_thumbnails','0006_copy_storage','2014-05-29 13:46:48'),(32,'easy_thumbnails','0007_storagenew_fks_not_null','2014-05-29 13:46:48'),(33,'easy_thumbnails','0008_auto__del_field_source_storage__del_field_thumbnail_storage','2014-05-29 13:46:48'),(34,'easy_thumbnails','0009_auto__del_storage','2014-05-29 13:46:48'),(35,'easy_thumbnails','0010_rename_storage','2014-05-29 13:46:49'),(36,'easy_thumbnails','0011_auto__add_field_source_storage_hash__add_field_thumbnail_storage_hash','2014-05-29 13:46:49'),(37,'easy_thumbnails','0012_build_storage_hashes','2014-05-29 13:46:49'),(38,'easy_thumbnails','0013_auto__del_storage__del_field_source_storage__del_field_thumbnail_stora','2014-05-29 13:46:49'),(39,'easy_thumbnails','0014_auto__add_unique_source_name_storage_hash__add_unique_thumbnail_name_s','2014-05-29 13:46:49'),(40,'easy_thumbnails','0015_auto__del_unique_thumbnail_name_storage_hash__add_unique_thumbnail_sou','2014-05-29 13:46:49'),(41,'easy_thumbnails','0016_auto__add_thumbnaildimensions','2014-05-29 13:46:49'),(42,'page','0001_initial','2014-05-29 13:46:50'),(43,'news','0001_initial','2014-05-29 13:46:50'),(44,'slider','0001_initial','2014-05-29 13:46:50'),(45,'device','0001_initial','2014-05-29 13:47:52'),(46,'device','0002_auto__chg_field_metro_name','2014-05-29 13:49:09'),(47,'device','0003_auto__chg_field_pricelist_value','2014-05-29 16:08:00');
/*!40000 ALTER TABLE `south_migrationhistory` ENABLE KEYS */;
UNLOCK TABLES;

--
-- Table structure for table `thumbnail_kvstore`
--

DROP TABLE IF EXISTS `thumbnail_kvstore`;
/*!40101 SET @saved_cs_client     = @@character_set_client */;
/*!40101 SET character_set_client = utf8 */;
CREATE TABLE `thumbnail_kvstore` (
  `key` varchar(200) NOT NULL,
  `value` longtext NOT NULL,
  PRIMARY KEY (`key`)
) ENGINE=MyISAM DEFAULT CHARSET=utf8;
/*!40101 SET character_set_client = @saved_cs_client */;

--
-- Dumping data for table `thumbnail_kvstore`
--

LOCK TABLES `thumbnail_kvstore` WRITE;
/*!40000 ALTER TABLE `thumbnail_kvstore` DISABLE KEYS */;
INSERT INTO `thumbnail_kvstore` VALUES ('sorl-thumbnail||image||3c508897135b9b7b730df6745fbc5f42','{\"storage\": \"django.core.files.storage.FileSystemStorage\", \"name\": \"uploads/news/tomograph.jpg\", \"size\": [120, 116]}'),('sorl-thumbnail||image||786ad5a9dd3e7b45853c047a74a4362d','{\"storage\": \"django.core.files.storage.FileSystemStorage\", \"name\": \"cache/48/6f/486f9ad6b966a5fb01eb020a787c2628.jpg\", \"size\": [70, 68]}'),('sorl-thumbnail||thumbnails||3c508897135b9b7b730df6745fbc5f42','[\"786ad5a9dd3e7b45853c047a74a4362d\"]'),('sorl-thumbnail||image||4005210678b8190208a72f3e6999a909','{\"storage\": \"django.core.files.storage.FileSystemStorage\", \"name\": \"cache/ff/52/ff52c6b0bc5d5151d32cfdc8b8b63f80.jpg\", \"size\": [150, 150]}'),('sorl-thumbnail||image||8bad9c00054e20cbf480260f2f4c6b90','{\"storage\": \"django.core.files.storage.FileSystemStorage\", \"name\": \"cache/a8/ea/a8ea64ba9b68a6605b89780c9774c6d5.jpg\", \"size\": [300, 290]}'),('sorl-thumbnail||image||0594c54aa3538b7f1105ad8710137c9e','{\"storage\": \"django.core.files.storage.FileSystemStorage\", \"name\": \"cache/32/fb/32fb7b7da1eb2a9eabf45878e6a693f9.jpg\", \"size\": [120, 116]}'),('sorl-thumbnail||image||0a76cef68340d4b13a2bfc47ce1b5ab0','{\"storage\": \"django.core.files.storage.FileSystemStorage\", \"name\": \"cache/e0/b4/e0b4cb81e7a35132b8a1e4e8c795d803.jpg\", \"size\": [83, 80]}'),('sorl-thumbnail||image||be279145c516467826c340b963bfd691','{\"storage\": \"django.core.files.storage.FileSystemStorage\", \"name\": \"uploads/news/tomograph_2.jpg\", \"size\": [120, 116]}'),('sorl-thumbnail||image||3a4b1535bc1ad49c7fe17218af15468a','{\"storage\": \"django.core.files.storage.FileSystemStorage\", \"name\": \"cache/ea/6a/ea6a92d8ec8c735dcfd8fce47fd9cf09.jpg\", \"size\": [70, 68]}'),('sorl-thumbnail||thumbnails||be279145c516467826c340b963bfd691','[\"3a4b1535bc1ad49c7fe17218af15468a\"]'),('sorl-thumbnail||image||2654c351f90acdd91843a34d053306c2','{\"storage\": \"django.core.files.storage.FileSystemStorage\", \"name\": \"uploads/news/tomograph_1.jpg\", \"size\": [120, 116]}'),('sorl-thumbnail||image||f0692af21329f6bd2a639853df0c4b87','{\"storage\": \"django.core.files.storage.FileSystemStorage\", \"name\": \"cache/57/38/5738ee2debc645e268a0b6d2fa7b6431.jpg\", \"size\": [70, 68]}'),('sorl-thumbnail||thumbnails||2654c351f90acdd91843a34d053306c2','[\"f0692af21329f6bd2a639853df0c4b87\"]'),('sorl-thumbnail||image||223483f2654d2ce85280ce91f68949ac','{\"storage\": \"django.core.files.storage.FileSystemStorage\", \"name\": \"cache/ed/9e/ed9e2bfb9dd23a277094e56289719e69.jpg\", \"size\": [120, 116]}'),('sorl-thumbnail||image||32931b4b0746d36841614e82eca700a3','{\"storage\": \"django.core.files.storage.FileSystemStorage\", \"name\": \"cache/f8/d7/f8d763d38388112b9e9ce2fc200590d8.jpg\", \"size\": [120, 116]}'),('sorl-thumbnail||image||a8d998f28ad62131a8bb62584a8a8483','{\"storage\": \"django.core.files.storage.FileSystemStorage\", \"name\": \"cache/29/12/2912a1618d4f6b95dfcaaecd350cfa15.jpg\", \"size\": [83, 80]}'),('sorl-thumbnail||image||d165f4ff462174f0831f4affa64b7db2','{\"storage\": \"django.core.files.storage.FileSystemStorage\", \"name\": \"cache/58/f4/58f4547878844bf8a1b2d98ecffe1f6e.jpg\", \"size\": [83, 80]}'),('sorl-thumbnail||image||cda12c4c6e34f605956c76f2f2e7f710','{\"storage\": \"django.core.files.storage.FileSystemStorage\", \"name\": \"uploads/news/stol.jpg\", \"size\": [169, 145]}'),('sorl-thumbnail||image||db78bf2aadd542cbe0a795a7280b8e59','{\"storage\": \"django.core.files.storage.FileSystemStorage\", \"name\": \"cache/d8/eb/d8ebf601938b79db7294a1ba54a91138.jpg\", \"size\": [70, 60]}'),('sorl-thumbnail||thumbnails||cda12c4c6e34f605956c76f2f2e7f710','[\"db78bf2aadd542cbe0a795a7280b8e59\"]'),('sorl-thumbnail||image||4038b138430c4e6ca4b7b55cd8bb7e8b','{\"storage\": \"django.core.files.storage.FileSystemStorage\", \"name\": \"cache/39/4d/394dd1bc34318df37a2a5378bdd1efd6.jpg\", \"size\": [120, 116]}'),('sorl-thumbnail||image||33e7705f023319fbb29323f45433ab9c','{\"storage\": \"django.core.files.storage.FileSystemStorage\", \"name\": \"uploads/news/optima-mr360_1.jpg\", \"size\": [450, 362]}'),('sorl-thumbnail||image||bc703794436125fb8b94775259c10a50','{\"storage\": \"django.core.files.storage.FileSystemStorage\", \"name\": \"cache/d8/20/d8205fb6a9e7f0e2bab39e0edd4ca0f2.jpg\", \"size\": [70, 56]}'),('sorl-thumbnail||thumbnails||33e7705f023319fbb29323f45433ab9c','[\"bc703794436125fb8b94775259c10a50\"]'),('sorl-thumbnail||image||97a23be4f8c61e13720249f5df819ff1','{\"storage\": \"django.core.files.storage.FileSystemStorage\", \"name\": \"cache/99/e6/99e62716ac915193f91a81e4be845477.jpg\", \"size\": [120, 116]}'),('sorl-thumbnail||image||dd95e487e048b19fa65769b8fb09bf89','{\"storage\": \"django.core.files.storage.FileSystemStorage\", \"name\": \"cache/69/88/69883f41b01ec9b2b21ef8c952ba06c9.jpg\", \"size\": [99, 80]}'),('sorl-thumbnail||image||c575ca9f7324f01a69abc4a47e384de5','{\"storage\": \"django.core.files.storage.FileSystemStorage\", \"name\": \"cache/41/74/41742f4c0ac04122a829903f46133118.jpg\", \"size\": [93, 80]}'),('sorl-thumbnail||image||91dccd4dfa126045a9b30a97dc5527de','{\"storage\": \"django.core.files.storage.FileSystemStorage\", \"name\": \"cache/1f/8e/1f8e78464f582c0b2c17040789b8a77b.jpg\", \"size\": [300, 241]}');
/*!40000 ALTER TABLE `thumbnail_kvstore` ENABLE KEYS */;
UNLOCK TABLES;
/*!40103 SET TIME_ZONE=@OLD_TIME_ZONE */;

/*!40101 SET SQL_MODE=@OLD_SQL_MODE */;
/*!40014 SET FOREIGN_KEY_CHECKS=@OLD_FOREIGN_KEY_CHECKS */;
/*!40014 SET UNIQUE_CHECKS=@OLD_UNIQUE_CHECKS */;
/*!40101 SET CHARACTER_SET_CLIENT=@OLD_CHARACTER_SET_CLIENT */;
/*!40101 SET CHARACTER_SET_RESULTS=@OLD_CHARACTER_SET_RESULTS */;
/*!40101 SET COLLATION_CONNECTION=@OLD_COLLATION_CONNECTION */;
/*!40111 SET SQL_NOTES=@OLD_SQL_NOTES */;

-- Dump completed on 2014-07-15 14:57:31
